[0m21:13:16.841574 [debug] [MainThread]: Sending event: {'category': 'dbt', 'action': 'invocation', 'label': 'start', 'context': [<snowplow_tracker.self_describing_json.SelfDescribingJson object at 0x0000029AC94236B0>, <snowplow_tracker.self_describing_json.SelfDescribingJson object at 0x0000029ACBC8BB00>, <snowplow_tracker.self_describing_json.SelfDescribingJson object at 0x0000029AC94D5C70>]}


============================== 21:13:16.844574 | 84d70317-b956-4104-be3a-f5eae9947941 ==============================
[0m21:13:16.844574 [info ] [MainThread]: Running with dbt=1.11.12
[0m21:13:16.846573 [debug] [MainThread]: running dbt with arguments {'version_check': 'True', 'no_print': 'None', 'static_parser': 'True', 'warn_error_options': 'WarnErrorOptionsV2(error=[], warn=[], silence=[])', 'target_path': 'None', 'printer_width': '80', 'write_json': 'True', 'empty': 'None', 'log_cache_events': 'False', 'introspect': 'True', 'cache_selected_only': 'False', 'log_format': 'default', 'debug': 'False', 'fail_fast': 'False', 'partial_parse': 'True', 'send_anonymous_usage_stats': 'True', 'quiet': 'False', 'warn_error': 'None', 'profiles_dir': 'C:\\Users\\nekoa\\.dbt', 'use_colors': 'True', 'indirect_selection': 'eager', 'invocation_command': 'dbt seed', 'use_experimental_parser': 'False', 'log_path': 'C:\\Users\\nekoa\\project_2026\\kayleet_scherbel_project_2026\\edinet_growth_analysis\\logs'}
[0m21:13:17.076386 [debug] [MainThread]: Sending event: {'category': 'dbt', 'action': 'project_id', 'label': '84d70317-b956-4104-be3a-f5eae9947941', 'context': [<snowplow_tracker.self_describing_json.SelfDescribingJson object at 0x0000029ACBC49FA0>]}
[0m21:13:17.118076 [debug] [MainThread]: Sending event: {'category': 'dbt', 'action': 'adapter_info', 'label': '84d70317-b956-4104-be3a-f5eae9947941', 'context': [<snowplow_tracker.self_describing_json.SelfDescribingJson object at 0x0000029AC7ADE300>]}
[0m21:13:17.120069 [info ] [MainThread]: Registered adapter: duckdb=1.10.1
[0m21:13:17.282061 [debug] [MainThread]: checksum: f368f5348cf42803b94ef7fb8257ecf3bf9a9a16dd9c8c51fe5172f2dbeb457f, vars: {}, profile: , target: , version: 1.11.12
[0m21:13:17.283053 [info ] [MainThread]: Unable to do partial parsing because saved manifest not found. Starting full parse.
[0m21:13:17.284050 [debug] [MainThread]: Sending event: {'category': 'dbt', 'action': 'partial_parser', 'label': '84d70317-b956-4104-be3a-f5eae9947941', 'context': [<snowplow_tracker.self_describing_json.SelfDescribingJson object at 0x0000029ACC596090>]}
[0m21:13:18.161872 [debug] [MainThread]: Sending event: {'category': 'dbt', 'action': 'load_project', 'label': '84d70317-b956-4104-be3a-f5eae9947941', 'context': [<snowplow_tracker.self_describing_json.SelfDescribingJson object at 0x0000029ACCBFF170>]}
[0m21:13:18.213569 [debug] [MainThread]: Wrote artifact WritableManifest to C:\Users\nekoa\project_2026\kayleet_scherbel_project_2026\edinet_growth_analysis\target\manifest.json
[0m21:13:18.216553 [debug] [MainThread]: Wrote artifact SemanticManifest to C:\Users\nekoa\project_2026\kayleet_scherbel_project_2026\edinet_growth_analysis\target\semantic_manifest.json
[0m21:13:18.228611 [debug] [MainThread]: Sending event: {'category': 'dbt', 'action': 'resource_counts', 'label': '84d70317-b956-4104-be3a-f5eae9947941', 'context': [<snowplow_tracker.self_describing_json.SelfDescribingJson object at 0x0000029ACCCCD6A0>]}
[0m21:13:18.228611 [info ] [MainThread]: Found 2 models, 1 seed, 4 data tests, 485 macros
[0m21:13:18.229630 [debug] [MainThread]: Sending event: {'category': 'dbt', 'action': 'runnable_timing', 'label': '84d70317-b956-4104-be3a-f5eae9947941', 'context': [<snowplow_tracker.self_describing_json.SelfDescribingJson object at 0x0000029ACC8E99D0>]}
[0m21:13:18.230611 [info ] [MainThread]: 
[0m21:13:18.231612 [info ] [MainThread]: Concurrency: 1 threads (target='dev')
[0m21:13:18.233625 [info ] [MainThread]: 
[0m21:13:18.235627 [debug] [MainThread]: Acquiring new duckdb connection 'master'
[0m21:13:18.238678 [debug] [ThreadPool]: Acquiring new duckdb connection 'list_dev'
[0m21:13:18.319061 [debug] [ThreadPool]: Using duckdb connection "list_dev"
[0m21:13:18.319061 [debug] [ThreadPool]: On list_dev: /* {"app": "dbt", "dbt_version": "1.11.12", "profile_name": "edinet_growth_analysis", "target_name": "dev", "connection_name": "list_dev"} */

    
    select schema_name
    from system.information_schema.schemata
    
    where lower(catalog_name) = '"dev"'
    
  
  
[0m21:13:18.319061 [debug] [ThreadPool]: Opening a new connection, currently in state init
[0m21:13:18.341142 [debug] [ThreadPool]: SQL status: OK in 0.022 seconds
[0m21:13:18.343141 [debug] [ThreadPool]: On list_dev: Close
[0m21:13:18.343141 [debug] [ThreadPool]: Re-using an available connection from the pool (formerly list_dev, now create_dev_main)
[0m21:13:18.344126 [debug] [ThreadPool]: Creating schema "database: "dev"
schema: "main"
"
[0m21:13:18.347664 [debug] [ThreadPool]: Using duckdb connection "create_dev_main"
[0m21:13:18.347664 [debug] [ThreadPool]: On create_dev_main: /* {"app": "dbt", "dbt_version": "1.11.12", "profile_name": "edinet_growth_analysis", "target_name": "dev", "connection_name": "create_dev_main"} */

    
        select type from duckdb_databases()
        where lower(database_name)='dev'
        and type='sqlite'
    
  
[0m21:13:18.348678 [debug] [ThreadPool]: Opening a new connection, currently in state closed
[0m21:13:18.349714 [debug] [ThreadPool]: SQL status: OK in 0.001 seconds
[0m21:13:18.349714 [debug] [ThreadPool]: Using duckdb connection "create_dev_main"
[0m21:13:18.350694 [debug] [ThreadPool]: On create_dev_main: BEGIN
[0m21:13:18.350694 [debug] [ThreadPool]: SQL status: OK in 0.000 seconds
[0m21:13:18.350694 [debug] [ThreadPool]: Using duckdb connection "create_dev_main"
[0m21:13:18.350694 [debug] [ThreadPool]: On create_dev_main: /* {"app": "dbt", "dbt_version": "1.11.12", "profile_name": "edinet_growth_analysis", "target_name": "dev", "connection_name": "create_dev_main"} */

    
    
        create schema if not exists "dev"."main"
    
[0m21:13:18.351694 [debug] [ThreadPool]: SQL status: OK in 0.001 seconds
[0m21:13:18.352676 [debug] [ThreadPool]: On create_dev_main: COMMIT
[0m21:13:18.352676 [debug] [ThreadPool]: Using duckdb connection "create_dev_main"
[0m21:13:18.352676 [debug] [ThreadPool]: On create_dev_main: COMMIT
[0m21:13:18.353692 [debug] [ThreadPool]: SQL status: OK in 0.000 seconds
[0m21:13:18.353692 [debug] [ThreadPool]: On create_dev_main: Close
[0m21:13:18.357693 [debug] [ThreadPool]: Acquiring new duckdb connection 'list_dev_main'
[0m21:13:18.361243 [debug] [ThreadPool]: Using duckdb connection "list_dev_main"
[0m21:13:18.361243 [debug] [ThreadPool]: On list_dev_main: BEGIN
[0m21:13:18.361243 [debug] [ThreadPool]: Opening a new connection, currently in state init
[0m21:13:18.362227 [debug] [ThreadPool]: SQL status: OK in 0.001 seconds
[0m21:13:18.362227 [debug] [ThreadPool]: Using duckdb connection "list_dev_main"
[0m21:13:18.362227 [debug] [ThreadPool]: On list_dev_main: /* {"app": "dbt", "dbt_version": "1.11.12", "profile_name": "edinet_growth_analysis", "target_name": "dev", "connection_name": "list_dev_main"} */
select
      'dev' as database,
      table_name as name,
      table_schema as schema,
      CASE table_type
        WHEN 'BASE TABLE' THEN 'table'
        WHEN 'VIEW' THEN 'view'
        WHEN 'LOCAL TEMPORARY' THEN 'table'
        END as type
    from system.information_schema.tables
    where lower(table_schema) = 'main'
    and lower(table_catalog) = 'dev'
  
[0m21:13:18.366243 [debug] [ThreadPool]: SQL status: OK in 0.004 seconds
[0m21:13:18.367748 [debug] [ThreadPool]: On list_dev_main: ROLLBACK
[0m21:13:18.368768 [debug] [ThreadPool]: Failed to rollback 'list_dev_main'
[0m21:13:18.369754 [debug] [ThreadPool]: On list_dev_main: Close
[0m21:13:18.369754 [debug] [MainThread]: Sending event: {'category': 'dbt', 'action': 'runnable_timing', 'label': '84d70317-b956-4104-be3a-f5eae9947941', 'context': [<snowplow_tracker.self_describing_json.SelfDescribingJson object at 0x0000029ACCCAFF20>]}
[0m21:13:18.370752 [debug] [MainThread]: Using duckdb connection "master"
[0m21:13:18.370752 [debug] [MainThread]: On master: BEGIN
[0m21:13:18.370752 [debug] [MainThread]: Opening a new connection, currently in state init
[0m21:13:18.371768 [debug] [MainThread]: SQL status: OK in 0.000 seconds
[0m21:13:18.371768 [debug] [MainThread]: On master: COMMIT
[0m21:13:18.371768 [debug] [MainThread]: Using duckdb connection "master"
[0m21:13:18.371768 [debug] [MainThread]: On master: COMMIT
[0m21:13:18.372767 [debug] [MainThread]: SQL status: OK in 0.000 seconds
[0m21:13:18.372767 [debug] [MainThread]: On master: Close
[0m21:13:18.383299 [debug] [Thread-1 (]: Began running node seed.edinet_growth_analysis.net_value_clients
[0m21:13:18.384299 [info ] [Thread-1 (]: 1 of 1 START seed file main.net_value_clients .................................. [RUN]
[0m21:13:18.386315 [debug] [Thread-1 (]: Acquiring new duckdb connection 'seed.edinet_growth_analysis.net_value_clients'
[0m21:13:18.386315 [debug] [Thread-1 (]: Began compiling node seed.edinet_growth_analysis.net_value_clients
[0m21:13:18.386315 [debug] [Thread-1 (]: Began executing node seed.edinet_growth_analysis.net_value_clients
[0m21:13:18.402318 [debug] [Thread-1 (]: Using duckdb connection "seed.edinet_growth_analysis.net_value_clients"
[0m21:13:18.402318 [debug] [Thread-1 (]: On seed.edinet_growth_analysis.net_value_clients: BEGIN
[0m21:13:18.403383 [debug] [Thread-1 (]: Opening a new connection, currently in state init
[0m21:13:18.404318 [debug] [Thread-1 (]: SQL status: OK in 0.001 seconds
[0m21:13:18.404318 [debug] [Thread-1 (]: Using duckdb connection "seed.edinet_growth_analysis.net_value_clients"
[0m21:13:18.404318 [debug] [Thread-1 (]: On seed.edinet_growth_analysis.net_value_clients: /* {"app": "dbt", "dbt_version": "1.11.12", "profile_name": "edinet_growth_analysis", "target_name": "dev", "node_id": "seed.edinet_growth_analysis.net_value_clients"} */

    create table "dev"."main"."net_value_clients" ("company" text,"doc_id" text,"relative_year" text,"net_sales_yen" integer)
  
[0m21:13:18.405356 [debug] [Thread-1 (]: SQL status: OK in 0.001 seconds
[0m21:13:18.411868 [debug] [Thread-1 (]: Using duckdb connection "seed.edinet_growth_analysis.net_value_clients"
[0m21:13:18.412949 [debug] [Thread-1 (]: On seed.edinet_growth_analysis.net_value_clients: 
          COPY "dev"."main"."net_value_clients" FROM 'C:\Users\nekoa\project_2026\kayleet_scherbel_project_2026\edinet_growth_analysis\seeds\net_value_clients.csv' (FORMAT CSV, HEADER TRUE, DELIMITER ',')
        ...
[0m21:13:18.426446 [debug] [Thread-1 (]: DuckDB adapter: duckdb error: Conversion Error: CSV Error on Line: 2
Original Line: トヨタ自動車,S100Y8NY,CurrentYear,50684952000000.0
Error when converting column "net_sales_yen". Could not convert string "50684952000000.0" to 'INTEGER'

Column net_sales_yen is being converted as type INTEGER
This type was either manually set or derived from an existing table. Select a different type to correctly parse this column.
* Check whether the null string value is set correctly (e.g., nullstr = 'N/A')

  file = C:\Users\nekoa\project_2026\kayleet_scherbel_project_2026\edinet_growth_analysis\seeds\net_value_clients.csv
  delimiter = , (Set By User)
  quote = (empty) (Auto-Detected)
  escape = (empty) (Auto-Detected)
  new_line = \r\n (Auto-Detected)
  header = true (Set By User)
  skip_rows = 0 (Auto-Detected)
  comment = (empty) (Auto-Detected)
  strict_mode = true (Auto-Detected)
  date_format =  (Auto-Detected)
  timestamp_format =  (Auto-Detected)
  null_padding = 0
  sample_size = 20480
  ignore_errors = false
  all_varchar = 0
The Column types set by the user do not match the ones found by the sniffer. 
Column at position: 3 Set type: INTEGER Sniffed type: DOUBLE


[0m21:13:18.426446 [debug] [Thread-1 (]: DuckDB adapter: Error running SQL: 
          COPY "dev"."main"."net_value_clients" FROM 'C:\Users\nekoa\project_2026\kayleet_scherbel_project_2026\edinet_growth_analysis\seeds\net_value_clients.csv' (FORMAT CSV, HEADER TRUE, DELIMITER ',')
        
[0m21:13:18.426446 [debug] [Thread-1 (]: DuckDB adapter: Rolling back transaction.
[0m21:13:18.427950 [debug] [Thread-1 (]: On seed.edinet_growth_analysis.net_value_clients: ROLLBACK
[0m21:13:18.428990 [debug] [Thread-1 (]: Failed to rollback 'seed.edinet_growth_analysis.net_value_clients'
[0m21:13:18.429971 [debug] [Thread-1 (]: On seed.edinet_growth_analysis.net_value_clients: Close
[0m21:13:18.435003 [debug] [Thread-1 (]: Runtime Error in seed net_value_clients (seeds\net_value_clients.csv)
  Conversion Error: CSV Error on Line: 2
  Original Line: トヨタ自動車,S100Y8NY,CurrentYear,50684952000000.0
  Error when converting column "net_sales_yen". Could not convert string "50684952000000.0" to 'INTEGER'
  
  Column net_sales_yen is being converted as type INTEGER
  This type was either manually set or derived from an existing table. Select a different type to correctly parse this column.
  * Check whether the null string value is set correctly (e.g., nullstr = 'N/A')
  
    file = C:\Users\nekoa\project_2026\kayleet_scherbel_project_2026\edinet_growth_analysis\seeds\net_value_clients.csv
    delimiter = , (Set By User)
    quote = (empty) (Auto-Detected)
    escape = (empty) (Auto-Detected)
    new_line = \r\n (Auto-Detected)
    header = true (Set By User)
    skip_rows = 0 (Auto-Detected)
    comment = (empty) (Auto-Detected)
    strict_mode = true (Auto-Detected)
    date_format =  (Auto-Detected)
    timestamp_format =  (Auto-Detected)
    null_padding = 0
    sample_size = 20480
    ignore_errors = false
    all_varchar = 0
  The Column types set by the user do not match the ones found by the sniffer. 
  Column at position: 3 Set type: INTEGER Sniffed type: DOUBLE
  
  
[0m21:13:18.436002 [debug] [Thread-1 (]: Sending event: {'category': 'dbt', 'action': 'run_model', 'label': '84d70317-b956-4104-be3a-f5eae9947941', 'context': [<snowplow_tracker.self_describing_json.SelfDescribingJson object at 0x0000029ACC9B4C80>]}
[0m21:13:18.437031 [error] [Thread-1 (]: 1 of 1 ERROR loading seed file main.net_value_clients .......................... [[31mERROR[0m in 0.05s]
[0m21:13:18.437031 [debug] [Thread-1 (]: Finished running node seed.edinet_growth_analysis.net_value_clients
[0m21:13:18.438182 [debug] [Thread-4 (]: Marking all children of 'seed.edinet_growth_analysis.net_value_clients' to be skipped because of status 'error'.  Reason: Runtime Error in seed net_value_clients (seeds\net_value_clients.csv)
  Conversion Error: CSV Error on Line: 2
  Original Line: トヨタ自動車,S100Y8NY,CurrentYear,50684952000000.0
  Error when converting column "net_sales_yen". Could not convert string "50684952000000.0" to 'INTEGER'
  
  Column net_sales_yen is being converted as type INTEGER
  This type was either manually set or derived from an existing table. Select a different type to correctly parse this column.
  * Check whether the null string value is set correctly (e.g., nullstr = 'N/A')
  
    file = C:\Users\nekoa\project_2026\kayleet_scherbel_project_2026\edinet_growth_analysis\seeds\net_value_clients.csv
    delimiter = , (Set By User)
    quote = (empty) (Auto-Detected)
    escape = (empty) (Auto-Detected)
    new_line = \r\n (Auto-Detected)
    header = true (Set By User)
    skip_rows = 0 (Auto-Detected)
    comment = (empty) (Auto-Detected)
    strict_mode = true (Auto-Detected)
    date_format =  (Auto-Detected)
    timestamp_format =  (Auto-Detected)
    null_padding = 0
    sample_size = 20480
    ignore_errors = false
    all_varchar = 0
  The Column types set by the user do not match the ones found by the sniffer. 
  Column at position: 3 Set type: INTEGER Sniffed type: DOUBLE
  
  .
[0m21:13:18.439189 [debug] [MainThread]: Using duckdb connection "master"
[0m21:13:18.440195 [debug] [MainThread]: On master: BEGIN
[0m21:13:18.440195 [debug] [MainThread]: Opening a new connection, currently in state closed
[0m21:13:18.441194 [debug] [MainThread]: SQL status: OK in 0.001 seconds
[0m21:13:18.441194 [debug] [MainThread]: On master: COMMIT
[0m21:13:18.441194 [debug] [MainThread]: Using duckdb connection "master"
[0m21:13:18.441194 [debug] [MainThread]: On master: COMMIT
[0m21:13:18.442193 [debug] [MainThread]: SQL status: OK in 0.000 seconds
[0m21:13:18.442193 [debug] [MainThread]: On master: Close
[0m21:13:18.442193 [debug] [MainThread]: Connection 'master' was properly closed.
[0m21:13:18.443192 [debug] [MainThread]: Connection 'create_dev_main' was properly closed.
[0m21:13:18.443192 [debug] [MainThread]: Connection 'list_dev_main' was properly closed.
[0m21:13:18.443192 [debug] [MainThread]: Connection 'seed.edinet_growth_analysis.net_value_clients' was properly closed.
[0m21:13:18.443192 [info ] [MainThread]: 
[0m21:13:18.444213 [info ] [MainThread]: Finished running 1 seed in 0 hours 0 minutes and 0.21 seconds (0.21s).
[0m21:13:18.446194 [debug] [MainThread]: Command end result
[0m21:13:18.462297 [debug] [MainThread]: Wrote artifact WritableManifest to C:\Users\nekoa\project_2026\kayleet_scherbel_project_2026\edinet_growth_analysis\target\manifest.json
[0m21:13:18.463297 [debug] [MainThread]: Wrote artifact SemanticManifest to C:\Users\nekoa\project_2026\kayleet_scherbel_project_2026\edinet_growth_analysis\target\semantic_manifest.json
[0m21:13:18.467812 [debug] [MainThread]: Wrote artifact RunExecutionResult to C:\Users\nekoa\project_2026\kayleet_scherbel_project_2026\edinet_growth_analysis\target\run_results.json
[0m21:13:18.467812 [info ] [MainThread]: 
[0m21:13:18.469846 [info ] [MainThread]: [31mCompleted with 1 error, 0 partial successes, and 0 warnings:[0m
[0m21:13:18.469846 [info ] [MainThread]: 
[0m21:13:18.470863 [error] [MainThread]: [31mFailure in seed net_value_clients (seeds\net_value_clients.csv)[0m
[0m21:13:18.471848 [error] [MainThread]:   Runtime Error in seed net_value_clients (seeds\net_value_clients.csv)
  Conversion Error: CSV Error on Line: 2
  Original Line: トヨタ自動車,S100Y8NY,CurrentYear,50684952000000.0
  Error when converting column "net_sales_yen". Could not convert string "50684952000000.0" to 'INTEGER'
  
  Column net_sales_yen is being converted as type INTEGER
  This type was either manually set or derived from an existing table. Select a different type to correctly parse this column.
  * Check whether the null string value is set correctly (e.g., nullstr = 'N/A')
  
    file = C:\Users\nekoa\project_2026\kayleet_scherbel_project_2026\edinet_growth_analysis\seeds\net_value_clients.csv
    delimiter = , (Set By User)
    quote = (empty) (Auto-Detected)
    escape = (empty) (Auto-Detected)
    new_line = \r\n (Auto-Detected)
    header = true (Set By User)
    skip_rows = 0 (Auto-Detected)
    comment = (empty) (Auto-Detected)
    strict_mode = true (Auto-Detected)
    date_format =  (Auto-Detected)
    timestamp_format =  (Auto-Detected)
    null_padding = 0
    sample_size = 20480
    ignore_errors = false
    all_varchar = 0
  The Column types set by the user do not match the ones found by the sniffer. 
  Column at position: 3 Set type: INTEGER Sniffed type: DOUBLE
  
  
[0m21:13:18.473832 [info ] [MainThread]: 
[0m21:13:18.474865 [info ] [MainThread]: Done. PASS=0 WARN=0 ERROR=1 SKIP=0 NO-OP=0 TOTAL=1
[0m21:13:18.475847 [debug] [MainThread]: Command `dbt seed` failed at 21:13:18.475847 after 1.84 seconds
[0m21:13:18.475847 [debug] [MainThread]: Sending event: {'category': 'dbt', 'action': 'invocation', 'label': 'end', 'context': [<snowplow_tracker.self_describing_json.SelfDescribingJson object at 0x0000029ACCA41EB0>, <snowplow_tracker.self_describing_json.SelfDescribingJson object at 0x0000029ACA636B70>, <snowplow_tracker.self_describing_json.SelfDescribingJson object at 0x0000029AC7ADE060>]}
[0m21:13:18.475847 [debug] [MainThread]: Flushing usage events
[0m21:13:19.621201 [debug] [MainThread]: An error was encountered while trying to flush usage events
[0m21:39:49.166279 [debug] [MainThread]: Sending event: {'category': 'dbt', 'action': 'invocation', 'label': 'start', 'context': [<snowplow_tracker.self_describing_json.SelfDescribingJson object at 0x00000197A1419070>, <snowplow_tracker.self_describing_json.SelfDescribingJson object at 0x00000197A1D41FD0>, <snowplow_tracker.self_describing_json.SelfDescribingJson object at 0x00000197A1E1ECF0>]}


============================== 21:39:49.168844 | a3a10468-af81-4af9-addd-0f559a9bbe1c ==============================
[0m21:39:49.168844 [info ] [MainThread]: Running with dbt=1.11.12
[0m21:39:49.170853 [debug] [MainThread]: running dbt with arguments {'version_check': 'True', 'no_print': 'None', 'static_parser': 'True', 'warn_error_options': 'WarnErrorOptionsV2(error=[], warn=[], silence=[])', 'target_path': 'None', 'printer_width': '80', 'write_json': 'True', 'empty': 'None', 'log_cache_events': 'False', 'introspect': 'True', 'cache_selected_only': 'False', 'log_format': 'default', 'debug': 'False', 'fail_fast': 'False', 'partial_parse': 'True', 'send_anonymous_usage_stats': 'True', 'quiet': 'False', 'warn_error': 'None', 'profiles_dir': 'C:\\Users\\nekoa\\.dbt', 'invocation_command': 'dbt seed', 'indirect_selection': 'eager', 'use_colors': 'True', 'use_experimental_parser': 'False', 'log_path': 'C:\\Users\\nekoa\\project_2026\\kayleet_scherbel_project_2026\\edinet_growth_analysis\\logs'}
[0m21:39:49.317209 [debug] [MainThread]: Sending event: {'category': 'dbt', 'action': 'project_id', 'label': 'a3a10468-af81-4af9-addd-0f559a9bbe1c', 'context': [<snowplow_tracker.self_describing_json.SelfDescribingJson object at 0x00000197A1F06DB0>]}
[0m21:39:49.359259 [debug] [MainThread]: Sending event: {'category': 'dbt', 'action': 'adapter_info', 'label': 'a3a10468-af81-4af9-addd-0f559a9bbe1c', 'context': [<snowplow_tracker.self_describing_json.SelfDescribingJson object at 0x000001979F3AE7B0>]}
[0m21:39:49.361273 [info ] [MainThread]: Registered adapter: duckdb=1.10.1
[0m21:39:49.524195 [debug] [MainThread]: checksum: f368f5348cf42803b94ef7fb8257ecf3bf9a9a16dd9c8c51fe5172f2dbeb457f, vars: {}, profile: , target: , version: 1.11.12
[0m21:39:49.606435 [debug] [MainThread]: Partial parsing enabled: 0 files deleted, 0 files added, 1 files changed.
[0m21:39:49.607450 [debug] [MainThread]: Partial parsing: updated file: edinet_growth_analysis://seeds\net_value_clients.csv
[0m21:39:49.754411 [debug] [MainThread]: Sending event: {'category': 'dbt', 'action': 'load_project', 'label': 'a3a10468-af81-4af9-addd-0f559a9bbe1c', 'context': [<snowplow_tracker.self_describing_json.SelfDescribingJson object at 0x00000197A39E7170>]}
[0m21:39:49.806522 [debug] [MainThread]: Wrote artifact WritableManifest to C:\Users\nekoa\project_2026\kayleet_scherbel_project_2026\edinet_growth_analysis\target\manifest.json
[0m21:39:49.808027 [debug] [MainThread]: Wrote artifact SemanticManifest to C:\Users\nekoa\project_2026\kayleet_scherbel_project_2026\edinet_growth_analysis\target\semantic_manifest.json
[0m21:39:49.815858 [debug] [MainThread]: Sending event: {'category': 'dbt', 'action': 'resource_counts', 'label': 'a3a10468-af81-4af9-addd-0f559a9bbe1c', 'context': [<snowplow_tracker.self_describing_json.SelfDescribingJson object at 0x00000197A42E9460>]}
[0m21:39:49.816373 [info ] [MainThread]: Found 2 models, 4 data tests, 1 seed, 485 macros
[0m21:39:49.816895 [debug] [MainThread]: Sending event: {'category': 'dbt', 'action': 'runnable_timing', 'label': 'a3a10468-af81-4af9-addd-0f559a9bbe1c', 'context': [<snowplow_tracker.self_describing_json.SelfDescribingJson object at 0x00000197A42D7B90>]}
[0m21:39:49.817969 [info ] [MainThread]: 
[0m21:39:49.818485 [info ] [MainThread]: Concurrency: 1 threads (target='dev')
[0m21:39:49.818997 [info ] [MainThread]: 
[0m21:39:49.819578 [debug] [MainThread]: Acquiring new duckdb connection 'master'
[0m21:39:49.820608 [debug] [ThreadPool]: Acquiring new duckdb connection 'list_dev'
[0m21:39:49.858197 [debug] [ThreadPool]: Using duckdb connection "list_dev"
[0m21:39:49.858197 [debug] [ThreadPool]: On list_dev: /* {"app": "dbt", "dbt_version": "1.11.12", "profile_name": "edinet_growth_analysis", "target_name": "dev", "connection_name": "list_dev"} */

    
    select schema_name
    from system.information_schema.schemata
    
    where lower(catalog_name) = '"dev"'
    
  
  
[0m21:39:49.858197 [debug] [ThreadPool]: Opening a new connection, currently in state init
[0m21:39:49.868773 [debug] [ThreadPool]: SQL status: OK in 0.010 seconds
[0m21:39:49.869784 [debug] [ThreadPool]: On list_dev: Close
[0m21:39:49.870766 [debug] [ThreadPool]: Re-using an available connection from the pool (formerly list_dev, now create_dev_main)
[0m21:39:49.870766 [debug] [ThreadPool]: Creating schema "database: "dev"
schema: "main"
"
[0m21:39:49.874781 [debug] [ThreadPool]: Using duckdb connection "create_dev_main"
[0m21:39:49.874781 [debug] [ThreadPool]: On create_dev_main: /* {"app": "dbt", "dbt_version": "1.11.12", "profile_name": "edinet_growth_analysis", "target_name": "dev", "connection_name": "create_dev_main"} */

    
        select type from duckdb_databases()
        where lower(database_name)='dev'
        and type='sqlite'
    
  
[0m21:39:49.874781 [debug] [ThreadPool]: Opening a new connection, currently in state closed
[0m21:39:49.875765 [debug] [ThreadPool]: SQL status: OK in 0.001 seconds
[0m21:39:49.876767 [debug] [ThreadPool]: Using duckdb connection "create_dev_main"
[0m21:39:49.876767 [debug] [ThreadPool]: On create_dev_main: BEGIN
[0m21:39:49.876767 [debug] [ThreadPool]: SQL status: OK in 0.000 seconds
[0m21:39:49.878271 [debug] [ThreadPool]: Using duckdb connection "create_dev_main"
[0m21:39:49.878271 [debug] [ThreadPool]: On create_dev_main: /* {"app": "dbt", "dbt_version": "1.11.12", "profile_name": "edinet_growth_analysis", "target_name": "dev", "connection_name": "create_dev_main"} */

    
    
        create schema if not exists "dev"."main"
    
[0m21:39:49.878271 [debug] [ThreadPool]: SQL status: OK in 0.000 seconds
[0m21:39:49.879274 [debug] [ThreadPool]: On create_dev_main: COMMIT
[0m21:39:49.879274 [debug] [ThreadPool]: Using duckdb connection "create_dev_main"
[0m21:39:49.879274 [debug] [ThreadPool]: On create_dev_main: COMMIT
[0m21:39:49.880299 [debug] [ThreadPool]: SQL status: OK in 0.000 seconds
[0m21:39:49.880299 [debug] [ThreadPool]: On create_dev_main: Close
[0m21:39:49.882849 [debug] [ThreadPool]: Acquiring new duckdb connection 'list_dev_main'
[0m21:39:49.886836 [debug] [ThreadPool]: Using duckdb connection "list_dev_main"
[0m21:39:49.886836 [debug] [ThreadPool]: On list_dev_main: BEGIN
[0m21:39:49.918566 [debug] [ThreadPool]: Opening a new connection, currently in state init
[0m21:39:49.918566 [debug] [ThreadPool]: SQL status: OK in 0.001 seconds
[0m21:39:49.919558 [debug] [ThreadPool]: Using duckdb connection "list_dev_main"
[0m21:39:49.919558 [debug] [ThreadPool]: On list_dev_main: /* {"app": "dbt", "dbt_version": "1.11.12", "profile_name": "edinet_growth_analysis", "target_name": "dev", "connection_name": "list_dev_main"} */
select
      'dev' as database,
      table_name as name,
      table_schema as schema,
      CASE table_type
        WHEN 'BASE TABLE' THEN 'table'
        WHEN 'VIEW' THEN 'view'
        WHEN 'LOCAL TEMPORARY' THEN 'table'
        END as type
    from system.information_schema.tables
    where lower(table_schema) = 'main'
    and lower(table_catalog) = 'dev'
  
[0m21:39:49.922587 [debug] [ThreadPool]: SQL status: OK in 0.002 seconds
[0m21:39:49.923582 [debug] [ThreadPool]: On list_dev_main: ROLLBACK
[0m21:39:49.924598 [debug] [ThreadPool]: Failed to rollback 'list_dev_main'
[0m21:39:49.924598 [debug] [ThreadPool]: On list_dev_main: Close
[0m21:39:49.924598 [debug] [MainThread]: Sending event: {'category': 'dbt', 'action': 'runnable_timing', 'label': 'a3a10468-af81-4af9-addd-0f559a9bbe1c', 'context': [<snowplow_tracker.self_describing_json.SelfDescribingJson object at 0x00000197A4654440>]}
[0m21:39:49.925598 [debug] [MainThread]: Using duckdb connection "master"
[0m21:39:49.925598 [debug] [MainThread]: On master: BEGIN
[0m21:39:49.925598 [debug] [MainThread]: Opening a new connection, currently in state init
[0m21:39:49.926620 [debug] [MainThread]: SQL status: OK in 0.000 seconds
[0m21:39:49.926620 [debug] [MainThread]: On master: COMMIT
[0m21:39:49.926620 [debug] [MainThread]: Using duckdb connection "master"
[0m21:39:49.926620 [debug] [MainThread]: On master: COMMIT
[0m21:39:49.926620 [debug] [MainThread]: SQL status: OK in 0.000 seconds
[0m21:39:49.928129 [debug] [MainThread]: On master: Close
[0m21:39:49.929173 [debug] [Thread-1 (]: Began running node seed.edinet_growth_analysis.net_value_clients
[0m21:39:49.930527 [info ] [Thread-1 (]: 1 of 1 START seed file main.net_value_clients .................................. [RUN]
[0m21:39:49.930527 [debug] [Thread-1 (]: Acquiring new duckdb connection 'seed.edinet_growth_analysis.net_value_clients'
[0m21:39:49.930527 [debug] [Thread-1 (]: Began compiling node seed.edinet_growth_analysis.net_value_clients
[0m21:39:49.931532 [debug] [Thread-1 (]: Began executing node seed.edinet_growth_analysis.net_value_clients
[0m21:39:49.948119 [debug] [Thread-1 (]: Using duckdb connection "seed.edinet_growth_analysis.net_value_clients"
[0m21:39:49.948119 [debug] [Thread-1 (]: On seed.edinet_growth_analysis.net_value_clients: BEGIN
[0m21:39:49.948119 [debug] [Thread-1 (]: Opening a new connection, currently in state init
[0m21:39:49.949134 [debug] [Thread-1 (]: SQL status: OK in 0.001 seconds
[0m21:39:49.949134 [debug] [Thread-1 (]: Using duckdb connection "seed.edinet_growth_analysis.net_value_clients"
[0m21:39:49.950131 [debug] [Thread-1 (]: On seed.edinet_growth_analysis.net_value_clients: /* {"app": "dbt", "dbt_version": "1.11.12", "profile_name": "edinet_growth_analysis", "target_name": "dev", "node_id": "seed.edinet_growth_analysis.net_value_clients"} */

    create table "dev"."main"."net_value_clients" ("company" text,"doc_id" text,"relative_year" text,"net_sales_yen" integer)
  
[0m21:39:49.950131 [debug] [Thread-1 (]: SQL status: OK in 0.000 seconds
[0m21:39:49.957134 [debug] [Thread-1 (]: Using duckdb connection "seed.edinet_growth_analysis.net_value_clients"
[0m21:39:49.957134 [debug] [Thread-1 (]: On seed.edinet_growth_analysis.net_value_clients: 
          COPY "dev"."main"."net_value_clients" FROM 'C:\Users\nekoa\project_2026\kayleet_scherbel_project_2026\edinet_growth_analysis\seeds\net_value_clients.csv' (FORMAT CSV, HEADER TRUE, DELIMITER ',')
        ...
[0m21:39:49.960649 [debug] [Thread-1 (]: DuckDB adapter: duckdb error: Conversion Error: CSV Error on Line: 2
Original Line: トヨタ自動車,S100Y8NY,CurrentYear,50684952000000.0
Error when converting column "net_sales_yen". Could not convert string "50684952000000.0" to 'INTEGER'

Column net_sales_yen is being converted as type INTEGER
This type was either manually set or derived from an existing table. Select a different type to correctly parse this column.
* Check whether the null string value is set correctly (e.g., nullstr = 'N/A')

  file = C:\Users\nekoa\project_2026\kayleet_scherbel_project_2026\edinet_growth_analysis\seeds\net_value_clients.csv
  delimiter = , (Set By User)
  quote = (empty) (Auto-Detected)
  escape = (empty) (Auto-Detected)
  new_line = \r\n (Auto-Detected)
  header = true (Set By User)
  skip_rows = 0 (Auto-Detected)
  comment = (empty) (Auto-Detected)
  strict_mode = true (Auto-Detected)
  date_format =  (Auto-Detected)
  timestamp_format =  (Auto-Detected)
  null_padding = 0
  sample_size = 20480
  ignore_errors = false
  all_varchar = 0
The Column types set by the user do not match the ones found by the sniffer. 
Column at position: 3 Set type: INTEGER Sniffed type: DOUBLE


[0m21:39:49.960649 [debug] [Thread-1 (]: DuckDB adapter: Error running SQL: 
          COPY "dev"."main"."net_value_clients" FROM 'C:\Users\nekoa\project_2026\kayleet_scherbel_project_2026\edinet_growth_analysis\seeds\net_value_clients.csv' (FORMAT CSV, HEADER TRUE, DELIMITER ',')
        
[0m21:39:49.961650 [debug] [Thread-1 (]: DuckDB adapter: Rolling back transaction.
[0m21:39:49.961650 [debug] [Thread-1 (]: On seed.edinet_growth_analysis.net_value_clients: ROLLBACK
[0m21:39:49.962651 [debug] [Thread-1 (]: Failed to rollback 'seed.edinet_growth_analysis.net_value_clients'
[0m21:39:49.962651 [debug] [Thread-1 (]: On seed.edinet_growth_analysis.net_value_clients: Close
[0m21:39:49.965661 [debug] [Thread-1 (]: Runtime Error in seed net_value_clients (seeds\net_value_clients.csv)
  Conversion Error: CSV Error on Line: 2
  Original Line: トヨタ自動車,S100Y8NY,CurrentYear,50684952000000.0
  Error when converting column "net_sales_yen". Could not convert string "50684952000000.0" to 'INTEGER'
  
  Column net_sales_yen is being converted as type INTEGER
  This type was either manually set or derived from an existing table. Select a different type to correctly parse this column.
  * Check whether the null string value is set correctly (e.g., nullstr = 'N/A')
  
    file = C:\Users\nekoa\project_2026\kayleet_scherbel_project_2026\edinet_growth_analysis\seeds\net_value_clients.csv
    delimiter = , (Set By User)
    quote = (empty) (Auto-Detected)
    escape = (empty) (Auto-Detected)
    new_line = \r\n (Auto-Detected)
    header = true (Set By User)
    skip_rows = 0 (Auto-Detected)
    comment = (empty) (Auto-Detected)
    strict_mode = true (Auto-Detected)
    date_format =  (Auto-Detected)
    timestamp_format =  (Auto-Detected)
    null_padding = 0
    sample_size = 20480
    ignore_errors = false
    all_varchar = 0
  The Column types set by the user do not match the ones found by the sniffer. 
  Column at position: 3 Set type: INTEGER Sniffed type: DOUBLE
  
  
[0m21:39:49.966661 [debug] [Thread-1 (]: Sending event: {'category': 'dbt', 'action': 'run_model', 'label': 'a3a10468-af81-4af9-addd-0f559a9bbe1c', 'context': [<snowplow_tracker.self_describing_json.SelfDescribingJson object at 0x00000197A3FF8DA0>]}
[0m21:39:49.966661 [error] [Thread-1 (]: 1 of 1 ERROR loading seed file main.net_value_clients .......................... [[31mERROR[0m in 0.04s]
[0m21:39:49.968183 [debug] [Thread-1 (]: Finished running node seed.edinet_growth_analysis.net_value_clients
[0m21:39:49.969210 [debug] [Thread-4 (]: Marking all children of 'seed.edinet_growth_analysis.net_value_clients' to be skipped because of status 'error'.  Reason: Runtime Error in seed net_value_clients (seeds\net_value_clients.csv)
  Conversion Error: CSV Error on Line: 2
  Original Line: トヨタ自動車,S100Y8NY,CurrentYear,50684952000000.0
  Error when converting column "net_sales_yen". Could not convert string "50684952000000.0" to 'INTEGER'
  
  Column net_sales_yen is being converted as type INTEGER
  This type was either manually set or derived from an existing table. Select a different type to correctly parse this column.
  * Check whether the null string value is set correctly (e.g., nullstr = 'N/A')
  
    file = C:\Users\nekoa\project_2026\kayleet_scherbel_project_2026\edinet_growth_analysis\seeds\net_value_clients.csv
    delimiter = , (Set By User)
    quote = (empty) (Auto-Detected)
    escape = (empty) (Auto-Detected)
    new_line = \r\n (Auto-Detected)
    header = true (Set By User)
    skip_rows = 0 (Auto-Detected)
    comment = (empty) (Auto-Detected)
    strict_mode = true (Auto-Detected)
    date_format =  (Auto-Detected)
    timestamp_format =  (Auto-Detected)
    null_padding = 0
    sample_size = 20480
    ignore_errors = false
    all_varchar = 0
  The Column types set by the user do not match the ones found by the sniffer. 
  Column at position: 3 Set type: INTEGER Sniffed type: DOUBLE
  
  .
[0m21:39:49.970198 [debug] [MainThread]: Using duckdb connection "master"
[0m21:39:49.970198 [debug] [MainThread]: On master: BEGIN
[0m21:39:49.970198 [debug] [MainThread]: Opening a new connection, currently in state closed
[0m21:39:49.971199 [debug] [MainThread]: SQL status: OK in 0.000 seconds
[0m21:39:49.971199 [debug] [MainThread]: On master: COMMIT
[0m21:39:49.971199 [debug] [MainThread]: Using duckdb connection "master"
[0m21:39:49.972354 [debug] [MainThread]: On master: COMMIT
[0m21:39:49.972354 [debug] [MainThread]: SQL status: OK in 0.000 seconds
[0m21:39:49.972354 [debug] [MainThread]: On master: Close
[0m21:39:49.972354 [debug] [MainThread]: Connection 'master' was properly closed.
[0m21:39:49.973382 [debug] [MainThread]: Connection 'create_dev_main' was properly closed.
[0m21:39:49.973382 [debug] [MainThread]: Connection 'list_dev_main' was properly closed.
[0m21:39:49.973382 [debug] [MainThread]: Connection 'seed.edinet_growth_analysis.net_value_clients' was properly closed.
[0m21:39:49.973382 [info ] [MainThread]: 
[0m21:39:49.976367 [info ] [MainThread]: Finished running 1 seed in 0 hours 0 minutes and 0.15 seconds (0.15s).
[0m21:39:49.978382 [debug] [MainThread]: Command end result
[0m21:39:49.993487 [debug] [MainThread]: Wrote artifact WritableManifest to C:\Users\nekoa\project_2026\kayleet_scherbel_project_2026\edinet_growth_analysis\target\manifest.json
[0m21:39:49.994487 [debug] [MainThread]: Wrote artifact SemanticManifest to C:\Users\nekoa\project_2026\kayleet_scherbel_project_2026\edinet_growth_analysis\target\semantic_manifest.json
[0m21:39:49.998496 [debug] [MainThread]: Wrote artifact RunExecutionResult to C:\Users\nekoa\project_2026\kayleet_scherbel_project_2026\edinet_growth_analysis\target\run_results.json
[0m21:39:49.999038 [info ] [MainThread]: 
[0m21:39:49.999038 [info ] [MainThread]: [31mCompleted with 1 error, 0 partial successes, and 0 warnings:[0m
[0m21:39:50.001056 [info ] [MainThread]: 
[0m21:39:50.003058 [error] [MainThread]: [31mFailure in seed net_value_clients (seeds\net_value_clients.csv)[0m
[0m21:39:50.005069 [error] [MainThread]:   Runtime Error in seed net_value_clients (seeds\net_value_clients.csv)
  Conversion Error: CSV Error on Line: 2
  Original Line: トヨタ自動車,S100Y8NY,CurrentYear,50684952000000.0
  Error when converting column "net_sales_yen". Could not convert string "50684952000000.0" to 'INTEGER'
  
  Column net_sales_yen is being converted as type INTEGER
  This type was either manually set or derived from an existing table. Select a different type to correctly parse this column.
  * Check whether the null string value is set correctly (e.g., nullstr = 'N/A')
  
    file = C:\Users\nekoa\project_2026\kayleet_scherbel_project_2026\edinet_growth_analysis\seeds\net_value_clients.csv
    delimiter = , (Set By User)
    quote = (empty) (Auto-Detected)
    escape = (empty) (Auto-Detected)
    new_line = \r\n (Auto-Detected)
    header = true (Set By User)
    skip_rows = 0 (Auto-Detected)
    comment = (empty) (Auto-Detected)
    strict_mode = true (Auto-Detected)
    date_format =  (Auto-Detected)
    timestamp_format =  (Auto-Detected)
    null_padding = 0
    sample_size = 20480
    ignore_errors = false
    all_varchar = 0
  The Column types set by the user do not match the ones found by the sniffer. 
  Column at position: 3 Set type: INTEGER Sniffed type: DOUBLE
  
  
[0m21:39:50.007047 [info ] [MainThread]: 
[0m21:39:50.008565 [info ] [MainThread]: Done. PASS=0 WARN=0 ERROR=1 SKIP=0 NO-OP=0 TOTAL=1
[0m21:39:50.011565 [debug] [MainThread]: Command `dbt seed` failed at 21:39:50.011565 after 0.96 seconds
[0m21:39:50.011565 [debug] [MainThread]: Sending event: {'category': 'dbt', 'action': 'invocation', 'label': 'end', 'context': [<snowplow_tracker.self_describing_json.SelfDescribingJson object at 0x00000197A0CF02C0>, <snowplow_tracker.self_describing_json.SelfDescribingJson object at 0x00000197A12055B0>, <snowplow_tracker.self_describing_json.SelfDescribingJson object at 0x00000197A1CCC680>]}
[0m21:39:50.011565 [debug] [MainThread]: Flushing usage events
[0m21:39:50.993482 [debug] [MainThread]: An error was encountered while trying to flush usage events
[0m21:44:51.421244 [debug] [MainThread]: Sending event: {'category': 'dbt', 'action': 'invocation', 'label': 'start', 'context': [<snowplow_tracker.self_describing_json.SelfDescribingJson object at 0x000001B8181F03E0>, <snowplow_tracker.self_describing_json.SelfDescribingJson object at 0x000001B818166BD0>, <snowplow_tracker.self_describing_json.SelfDescribingJson object at 0x000001B818166D20>]}


============================== 21:44:51.423246 | cd1cdb42-dbe9-4dde-b383-6827a4a71232 ==============================
[0m21:44:51.423246 [info ] [MainThread]: Running with dbt=1.11.12
[0m21:44:51.424247 [debug] [MainThread]: running dbt with arguments {'version_check': 'True', 'no_print': 'None', 'static_parser': 'True', 'target_path': 'None', 'warn_error_options': 'WarnErrorOptionsV2(error=[], warn=[], silence=[])', 'printer_width': '80', 'write_json': 'True', 'empty': 'None', 'log_cache_events': 'False', 'introspect': 'True', 'cache_selected_only': 'False', 'log_format': 'default', 'debug': 'False', 'fail_fast': 'False', 'partial_parse': 'True', 'send_anonymous_usage_stats': 'True', 'quiet': 'False', 'warn_error': 'None', 'profiles_dir': 'C:\\Users\\nekoa\\.dbt', 'invocation_command': 'dbt seed', 'use_colors': 'True', 'indirect_selection': 'eager', 'use_experimental_parser': 'False', 'log_path': 'C:\\Users\\nekoa\\project_2026\\kayleet_scherbel_project_2026\\edinet_growth_analysis\\logs'}
[0m21:44:51.589526 [debug] [MainThread]: Sending event: {'category': 'dbt', 'action': 'project_id', 'label': 'cd1cdb42-dbe9-4dde-b383-6827a4a71232', 'context': [<snowplow_tracker.self_describing_json.SelfDescribingJson object at 0x000001B819AAD130>]}
[0m21:44:51.629866 [debug] [MainThread]: Sending event: {'category': 'dbt', 'action': 'adapter_info', 'label': 'cd1cdb42-dbe9-4dde-b383-6827a4a71232', 'context': [<snowplow_tracker.self_describing_json.SelfDescribingJson object at 0x000001B81860FAA0>]}
[0m21:44:51.630860 [info ] [MainThread]: Registered adapter: duckdb=1.10.1
[0m21:44:51.772767 [debug] [MainThread]: checksum: f368f5348cf42803b94ef7fb8257ecf3bf9a9a16dd9c8c51fe5172f2dbeb457f, vars: {}, profile: , target: , version: 1.11.12
[0m21:44:51.852668 [debug] [MainThread]: Partial parsing enabled: 0 files deleted, 0 files added, 1 files changed.
[0m21:44:51.853877 [debug] [MainThread]: Partial parsing: updated file: edinet_growth_analysis://seeds\net_value_clients.csv
[0m21:44:51.996412 [debug] [MainThread]: Sending event: {'category': 'dbt', 'action': 'load_project', 'label': 'cd1cdb42-dbe9-4dde-b383-6827a4a71232', 'context': [<snowplow_tracker.self_describing_json.SelfDescribingJson object at 0x000001B81A4603B0>]}
[0m21:44:52.045980 [debug] [MainThread]: Wrote artifact WritableManifest to C:\Users\nekoa\project_2026\kayleet_scherbel_project_2026\edinet_growth_analysis\target\manifest.json
[0m21:44:52.046980 [debug] [MainThread]: Wrote artifact SemanticManifest to C:\Users\nekoa\project_2026\kayleet_scherbel_project_2026\edinet_growth_analysis\target\semantic_manifest.json
[0m21:44:52.054539 [debug] [MainThread]: Sending event: {'category': 'dbt', 'action': 'resource_counts', 'label': 'cd1cdb42-dbe9-4dde-b383-6827a4a71232', 'context': [<snowplow_tracker.self_describing_json.SelfDescribingJson object at 0x000001B81A54D250>]}
[0m21:44:52.054539 [info ] [MainThread]: Found 2 models, 4 data tests, 1 seed, 485 macros
[0m21:44:52.057536 [debug] [MainThread]: Sending event: {'category': 'dbt', 'action': 'runnable_timing', 'label': 'cd1cdb42-dbe9-4dde-b383-6827a4a71232', 'context': [<snowplow_tracker.self_describing_json.SelfDescribingJson object at 0x000001B81A53B500>]}
[0m21:44:52.059058 [info ] [MainThread]: 
[0m21:44:52.060163 [info ] [MainThread]: Concurrency: 1 threads (target='dev')
[0m21:44:52.061058 [info ] [MainThread]: 
[0m21:44:52.061058 [debug] [MainThread]: Acquiring new duckdb connection 'master'
[0m21:44:52.062059 [debug] [ThreadPool]: Acquiring new duckdb connection 'list_dev'
[0m21:44:52.099685 [debug] [ThreadPool]: Using duckdb connection "list_dev"
[0m21:44:52.099685 [debug] [ThreadPool]: On list_dev: /* {"app": "dbt", "dbt_version": "1.11.12", "profile_name": "edinet_growth_analysis", "target_name": "dev", "connection_name": "list_dev"} */

    
    select schema_name
    from system.information_schema.schemata
    
    where lower(catalog_name) = '"dev"'
    
  
  
[0m21:44:52.100700 [debug] [ThreadPool]: Opening a new connection, currently in state init
[0m21:44:52.110242 [debug] [ThreadPool]: SQL status: OK in 0.010 seconds
[0m21:44:52.111218 [debug] [ThreadPool]: On list_dev: Close
[0m21:44:52.112233 [debug] [ThreadPool]: Re-using an available connection from the pool (formerly list_dev, now create_dev_main)
[0m21:44:52.112233 [debug] [ThreadPool]: Creating schema "database: "dev"
schema: "main"
"
[0m21:44:52.116233 [debug] [ThreadPool]: Using duckdb connection "create_dev_main"
[0m21:44:52.116233 [debug] [ThreadPool]: On create_dev_main: /* {"app": "dbt", "dbt_version": "1.11.12", "profile_name": "edinet_growth_analysis", "target_name": "dev", "connection_name": "create_dev_main"} */

    
        select type from duckdb_databases()
        where lower(database_name)='dev'
        and type='sqlite'
    
  
[0m21:44:52.117233 [debug] [ThreadPool]: Opening a new connection, currently in state closed
[0m21:44:52.117233 [debug] [ThreadPool]: SQL status: OK in 0.001 seconds
[0m21:44:52.118236 [debug] [ThreadPool]: Using duckdb connection "create_dev_main"
[0m21:44:52.118775 [debug] [ThreadPool]: On create_dev_main: BEGIN
[0m21:44:52.118775 [debug] [ThreadPool]: SQL status: OK in 0.000 seconds
[0m21:44:52.119768 [debug] [ThreadPool]: Using duckdb connection "create_dev_main"
[0m21:44:52.119768 [debug] [ThreadPool]: On create_dev_main: /* {"app": "dbt", "dbt_version": "1.11.12", "profile_name": "edinet_growth_analysis", "target_name": "dev", "connection_name": "create_dev_main"} */

    
    
        create schema if not exists "dev"."main"
    
[0m21:44:52.119768 [debug] [ThreadPool]: SQL status: OK in 0.000 seconds
[0m21:44:52.120768 [debug] [ThreadPool]: On create_dev_main: COMMIT
[0m21:44:52.120768 [debug] [ThreadPool]: Using duckdb connection "create_dev_main"
[0m21:44:52.120768 [debug] [ThreadPool]: On create_dev_main: COMMIT
[0m21:44:52.121773 [debug] [ThreadPool]: SQL status: OK in 0.000 seconds
[0m21:44:52.121773 [debug] [ThreadPool]: On create_dev_main: Close
[0m21:44:52.124773 [debug] [ThreadPool]: Acquiring new duckdb connection 'list_dev_main'
[0m21:44:52.129349 [debug] [ThreadPool]: Using duckdb connection "list_dev_main"
[0m21:44:52.129349 [debug] [ThreadPool]: On list_dev_main: BEGIN
[0m21:44:52.160933 [debug] [ThreadPool]: Opening a new connection, currently in state init
[0m21:44:52.161935 [debug] [ThreadPool]: SQL status: OK in 0.001 seconds
[0m21:44:52.161935 [debug] [ThreadPool]: Using duckdb connection "list_dev_main"
[0m21:44:52.161935 [debug] [ThreadPool]: On list_dev_main: /* {"app": "dbt", "dbt_version": "1.11.12", "profile_name": "edinet_growth_analysis", "target_name": "dev", "connection_name": "list_dev_main"} */
select
      'dev' as database,
      table_name as name,
      table_schema as schema,
      CASE table_type
        WHEN 'BASE TABLE' THEN 'table'
        WHEN 'VIEW' THEN 'view'
        WHEN 'LOCAL TEMPORARY' THEN 'table'
        END as type
    from system.information_schema.tables
    where lower(table_schema) = 'main'
    and lower(table_catalog) = 'dev'
  
[0m21:44:52.164963 [debug] [ThreadPool]: SQL status: OK in 0.003 seconds
[0m21:44:52.165954 [debug] [ThreadPool]: On list_dev_main: ROLLBACK
[0m21:44:52.166949 [debug] [ThreadPool]: Failed to rollback 'list_dev_main'
[0m21:44:52.166949 [debug] [ThreadPool]: On list_dev_main: Close
[0m21:44:52.166949 [debug] [MainThread]: Sending event: {'category': 'dbt', 'action': 'runnable_timing', 'label': 'cd1cdb42-dbe9-4dde-b383-6827a4a71232', 'context': [<snowplow_tracker.self_describing_json.SelfDescribingJson object at 0x000001B81A493020>]}
[0m21:44:52.168457 [debug] [MainThread]: Using duckdb connection "master"
[0m21:44:52.168457 [debug] [MainThread]: On master: BEGIN
[0m21:44:52.168457 [debug] [MainThread]: Opening a new connection, currently in state init
[0m21:44:52.168457 [debug] [MainThread]: SQL status: OK in 0.000 seconds
[0m21:44:52.169463 [debug] [MainThread]: On master: COMMIT
[0m21:44:52.169463 [debug] [MainThread]: Using duckdb connection "master"
[0m21:44:52.169463 [debug] [MainThread]: On master: COMMIT
[0m21:44:52.169463 [debug] [MainThread]: SQL status: OK in 0.000 seconds
[0m21:44:52.169463 [debug] [MainThread]: On master: Close
[0m21:44:52.178497 [debug] [Thread-1 (]: Began running node seed.edinet_growth_analysis.net_value_clients
[0m21:44:52.178497 [info ] [Thread-1 (]: 1 of 1 START seed file main.net_value_clients .................................. [RUN]
[0m21:44:52.179501 [debug] [Thread-1 (]: Acquiring new duckdb connection 'seed.edinet_growth_analysis.net_value_clients'
[0m21:44:52.180506 [debug] [Thread-1 (]: Began compiling node seed.edinet_growth_analysis.net_value_clients
[0m21:44:52.180506 [debug] [Thread-1 (]: Began executing node seed.edinet_growth_analysis.net_value_clients
[0m21:44:52.197036 [debug] [Thread-1 (]: Using duckdb connection "seed.edinet_growth_analysis.net_value_clients"
[0m21:44:52.197036 [debug] [Thread-1 (]: On seed.edinet_growth_analysis.net_value_clients: BEGIN
[0m21:44:52.197036 [debug] [Thread-1 (]: Opening a new connection, currently in state init
[0m21:44:52.197036 [debug] [Thread-1 (]: SQL status: OK in 0.001 seconds
[0m21:44:52.198545 [debug] [Thread-1 (]: Using duckdb connection "seed.edinet_growth_analysis.net_value_clients"
[0m21:44:52.198545 [debug] [Thread-1 (]: On seed.edinet_growth_analysis.net_value_clients: /* {"app": "dbt", "dbt_version": "1.11.12", "profile_name": "edinet_growth_analysis", "target_name": "dev", "node_id": "seed.edinet_growth_analysis.net_value_clients"} */

    create table "dev"."main"."net_value_clients" ("company" text,"doc_id" text,"relative_year" text,"net_sales_yen" integer)
  
[0m21:44:52.199549 [debug] [Thread-1 (]: SQL status: OK in 0.000 seconds
[0m21:44:52.205564 [debug] [Thread-1 (]: Using duckdb connection "seed.edinet_growth_analysis.net_value_clients"
[0m21:44:52.205564 [debug] [Thread-1 (]: On seed.edinet_growth_analysis.net_value_clients: 
          COPY "dev"."main"."net_value_clients" FROM 'C:\Users\nekoa\project_2026\kayleet_scherbel_project_2026\edinet_growth_analysis\seeds\net_value_clients.csv' (FORMAT CSV, HEADER TRUE, DELIMITER ',')
        ...
[0m21:44:52.208564 [debug] [Thread-1 (]: DuckDB adapter: duckdb error: Conversion Error: CSV Error on Line: 2
Original Line: トヨタ自動車,S100Y8NY,CurrentYear,50684952000000
Error when converting column "net_sales_yen". Could not convert string "50684952000000" to 'INTEGER'

Column net_sales_yen is being converted as type INTEGER
This type was either manually set or derived from an existing table. Select a different type to correctly parse this column.
* Check whether the null string value is set correctly (e.g., nullstr = 'N/A')

  file = C:\Users\nekoa\project_2026\kayleet_scherbel_project_2026\edinet_growth_analysis\seeds\net_value_clients.csv
  delimiter = , (Set By User)
  quote = (empty) (Auto-Detected)
  escape = (empty) (Auto-Detected)
  new_line = \r\n (Auto-Detected)
  header = true (Set By User)
  skip_rows = 0 (Auto-Detected)
  comment = (empty) (Auto-Detected)
  strict_mode = true (Auto-Detected)
  date_format =  (Auto-Detected)
  timestamp_format =  (Auto-Detected)
  null_padding = 0
  sample_size = 20480
  ignore_errors = false
  all_varchar = 0
The Column types set by the user do not match the ones found by the sniffer. 
Column at position: 3 Set type: INTEGER Sniffed type: BIGINT


[0m21:44:52.210029 [debug] [Thread-1 (]: DuckDB adapter: Error running SQL: 
          COPY "dev"."main"."net_value_clients" FROM 'C:\Users\nekoa\project_2026\kayleet_scherbel_project_2026\edinet_growth_analysis\seeds\net_value_clients.csv' (FORMAT CSV, HEADER TRUE, DELIMITER ',')
        
[0m21:44:52.210029 [debug] [Thread-1 (]: DuckDB adapter: Rolling back transaction.
[0m21:44:52.210029 [debug] [Thread-1 (]: On seed.edinet_growth_analysis.net_value_clients: ROLLBACK
[0m21:44:52.211554 [debug] [Thread-1 (]: Failed to rollback 'seed.edinet_growth_analysis.net_value_clients'
[0m21:44:52.211554 [debug] [Thread-1 (]: On seed.edinet_growth_analysis.net_value_clients: Close
[0m21:44:52.214585 [debug] [Thread-1 (]: Runtime Error in seed net_value_clients (seeds\net_value_clients.csv)
  Conversion Error: CSV Error on Line: 2
  Original Line: トヨタ自動車,S100Y8NY,CurrentYear,50684952000000
  Error when converting column "net_sales_yen". Could not convert string "50684952000000" to 'INTEGER'
  
  Column net_sales_yen is being converted as type INTEGER
  This type was either manually set or derived from an existing table. Select a different type to correctly parse this column.
  * Check whether the null string value is set correctly (e.g., nullstr = 'N/A')
  
    file = C:\Users\nekoa\project_2026\kayleet_scherbel_project_2026\edinet_growth_analysis\seeds\net_value_clients.csv
    delimiter = , (Set By User)
    quote = (empty) (Auto-Detected)
    escape = (empty) (Auto-Detected)
    new_line = \r\n (Auto-Detected)
    header = true (Set By User)
    skip_rows = 0 (Auto-Detected)
    comment = (empty) (Auto-Detected)
    strict_mode = true (Auto-Detected)
    date_format =  (Auto-Detected)
    timestamp_format =  (Auto-Detected)
    null_padding = 0
    sample_size = 20480
    ignore_errors = false
    all_varchar = 0
  The Column types set by the user do not match the ones found by the sniffer. 
  Column at position: 3 Set type: INTEGER Sniffed type: BIGINT
  
  
[0m21:44:52.215584 [debug] [Thread-1 (]: Sending event: {'category': 'dbt', 'action': 'run_model', 'label': 'cd1cdb42-dbe9-4dde-b383-6827a4a71232', 'context': [<snowplow_tracker.self_describing_json.SelfDescribingJson object at 0x000001B817AA1700>]}
[0m21:44:52.216585 [error] [Thread-1 (]: 1 of 1 ERROR loading seed file main.net_value_clients .......................... [[31mERROR[0m in 0.04s]
[0m21:44:52.216585 [debug] [Thread-1 (]: Finished running node seed.edinet_growth_analysis.net_value_clients
[0m21:44:52.217570 [debug] [Thread-4 (]: Marking all children of 'seed.edinet_growth_analysis.net_value_clients' to be skipped because of status 'error'.  Reason: Runtime Error in seed net_value_clients (seeds\net_value_clients.csv)
  Conversion Error: CSV Error on Line: 2
  Original Line: トヨタ自動車,S100Y8NY,CurrentYear,50684952000000
  Error when converting column "net_sales_yen". Could not convert string "50684952000000" to 'INTEGER'
  
  Column net_sales_yen is being converted as type INTEGER
  This type was either manually set or derived from an existing table. Select a different type to correctly parse this column.
  * Check whether the null string value is set correctly (e.g., nullstr = 'N/A')
  
    file = C:\Users\nekoa\project_2026\kayleet_scherbel_project_2026\edinet_growth_analysis\seeds\net_value_clients.csv
    delimiter = , (Set By User)
    quote = (empty) (Auto-Detected)
    escape = (empty) (Auto-Detected)
    new_line = \r\n (Auto-Detected)
    header = true (Set By User)
    skip_rows = 0 (Auto-Detected)
    comment = (empty) (Auto-Detected)
    strict_mode = true (Auto-Detected)
    date_format =  (Auto-Detected)
    timestamp_format =  (Auto-Detected)
    null_padding = 0
    sample_size = 20480
    ignore_errors = false
    all_varchar = 0
  The Column types set by the user do not match the ones found by the sniffer. 
  Column at position: 3 Set type: INTEGER Sniffed type: BIGINT
  
  .
[0m21:44:52.218570 [debug] [MainThread]: Using duckdb connection "master"
[0m21:44:52.218570 [debug] [MainThread]: On master: BEGIN
[0m21:44:52.218570 [debug] [MainThread]: Opening a new connection, currently in state closed
[0m21:44:52.219588 [debug] [MainThread]: SQL status: OK in 0.000 seconds
[0m21:44:52.219588 [debug] [MainThread]: On master: COMMIT
[0m21:44:52.219588 [debug] [MainThread]: Using duckdb connection "master"
[0m21:44:52.220613 [debug] [MainThread]: On master: COMMIT
[0m21:44:52.220613 [debug] [MainThread]: SQL status: OK in 0.000 seconds
[0m21:44:52.220613 [debug] [MainThread]: On master: Close
[0m21:44:52.221611 [debug] [MainThread]: Connection 'master' was properly closed.
[0m21:44:52.221611 [debug] [MainThread]: Connection 'create_dev_main' was properly closed.
[0m21:44:52.221611 [debug] [MainThread]: Connection 'list_dev_main' was properly closed.
[0m21:44:52.221611 [debug] [MainThread]: Connection 'seed.edinet_growth_analysis.net_value_clients' was properly closed.
[0m21:44:52.222606 [info ] [MainThread]: 
[0m21:44:52.222606 [info ] [MainThread]: Finished running 1 seed in 0 hours 0 minutes and 0.16 seconds (0.16s).
[0m21:44:52.225593 [debug] [MainThread]: Command end result
[0m21:44:52.241667 [debug] [MainThread]: Wrote artifact WritableManifest to C:\Users\nekoa\project_2026\kayleet_scherbel_project_2026\edinet_growth_analysis\target\manifest.json
[0m21:44:52.242683 [debug] [MainThread]: Wrote artifact SemanticManifest to C:\Users\nekoa\project_2026\kayleet_scherbel_project_2026\edinet_growth_analysis\target\semantic_manifest.json
[0m21:44:52.246682 [debug] [MainThread]: Wrote artifact RunExecutionResult to C:\Users\nekoa\project_2026\kayleet_scherbel_project_2026\edinet_growth_analysis\target\run_results.json
[0m21:44:52.246682 [info ] [MainThread]: 
[0m21:44:52.249244 [info ] [MainThread]: [31mCompleted with 1 error, 0 partial successes, and 0 warnings:[0m
[0m21:44:52.251241 [info ] [MainThread]: 
[0m21:44:52.253242 [error] [MainThread]: [31mFailure in seed net_value_clients (seeds\net_value_clients.csv)[0m
[0m21:44:52.255242 [error] [MainThread]:   Runtime Error in seed net_value_clients (seeds\net_value_clients.csv)
  Conversion Error: CSV Error on Line: 2
  Original Line: トヨタ自動車,S100Y8NY,CurrentYear,50684952000000
  Error when converting column "net_sales_yen". Could not convert string "50684952000000" to 'INTEGER'
  
  Column net_sales_yen is being converted as type INTEGER
  This type was either manually set or derived from an existing table. Select a different type to correctly parse this column.
  * Check whether the null string value is set correctly (e.g., nullstr = 'N/A')
  
    file = C:\Users\nekoa\project_2026\kayleet_scherbel_project_2026\edinet_growth_analysis\seeds\net_value_clients.csv
    delimiter = , (Set By User)
    quote = (empty) (Auto-Detected)
    escape = (empty) (Auto-Detected)
    new_line = \r\n (Auto-Detected)
    header = true (Set By User)
    skip_rows = 0 (Auto-Detected)
    comment = (empty) (Auto-Detected)
    strict_mode = true (Auto-Detected)
    date_format =  (Auto-Detected)
    timestamp_format =  (Auto-Detected)
    null_padding = 0
    sample_size = 20480
    ignore_errors = false
    all_varchar = 0
  The Column types set by the user do not match the ones found by the sniffer. 
  Column at position: 3 Set type: INTEGER Sniffed type: BIGINT
  
  
[0m21:44:52.256275 [info ] [MainThread]: 
[0m21:44:52.257228 [info ] [MainThread]: Done. PASS=0 WARN=0 ERROR=1 SKIP=0 NO-OP=0 TOTAL=1
[0m21:44:52.259461 [debug] [MainThread]: Command `dbt seed` failed at 21:44:52.259461 after 1.03 seconds
[0m21:44:52.259461 [debug] [MainThread]: Sending event: {'category': 'dbt', 'action': 'invocation', 'label': 'end', 'context': [<snowplow_tracker.self_describing_json.SelfDescribingJson object at 0x000001B815BED820>, <snowplow_tracker.self_describing_json.SelfDescribingJson object at 0x000001B81767A030>, <snowplow_tracker.self_describing_json.SelfDescribingJson object at 0x000001B814B55E80>]}
[0m21:44:52.260478 [debug] [MainThread]: Flushing usage events
[0m21:44:53.250323 [debug] [MainThread]: An error was encountered while trying to flush usage events
[0m21:51:42.743946 [debug] [MainThread]: Sending event: {'category': 'dbt', 'action': 'invocation', 'label': 'start', 'context': [<snowplow_tracker.self_describing_json.SelfDescribingJson object at 0x0000020E54DF2CC0>, <snowplow_tracker.self_describing_json.SelfDescribingJson object at 0x0000020E55336CF0>, <snowplow_tracker.self_describing_json.SelfDescribingJson object at 0x0000020E51EA20F0>]}


============================== 21:51:42.746948 | 4e15067e-b14b-44fc-bf1b-8ed14494d6ce ==============================
[0m21:51:42.746948 [info ] [MainThread]: Running with dbt=1.11.12
[0m21:51:42.746948 [debug] [MainThread]: running dbt with arguments {'version_check': 'True', 'no_print': 'None', 'static_parser': 'True', 'target_path': 'None', 'warn_error_options': 'WarnErrorOptionsV2(error=[], warn=[], silence=[])', 'printer_width': '80', 'write_json': 'True', 'introspect': 'True', 'log_cache_events': 'False', 'empty': 'None', 'cache_selected_only': 'False', 'fail_fast': 'False', 'debug': 'False', 'log_format': 'default', 'partial_parse': 'True', 'send_anonymous_usage_stats': 'True', 'quiet': 'False', 'warn_error': 'None', 'profiles_dir': 'C:\\Users\\nekoa\\.dbt', 'use_colors': 'True', 'invocation_command': 'dbt seed', 'indirect_selection': 'eager', 'use_experimental_parser': 'False', 'log_path': 'C:\\Users\\nekoa\\project_2026\\kayleet_scherbel_project_2026\\edinet_growth_analysis\\logs'}
[0m21:51:42.898798 [debug] [MainThread]: Sending event: {'category': 'dbt', 'action': 'project_id', 'label': '4e15067e-b14b-44fc-bf1b-8ed14494d6ce', 'context': [<snowplow_tracker.self_describing_json.SelfDescribingJson object at 0x0000020E554D6C30>]}
[0m21:51:42.941492 [debug] [MainThread]: Sending event: {'category': 'dbt', 'action': 'adapter_info', 'label': '4e15067e-b14b-44fc-bf1b-8ed14494d6ce', 'context': [<snowplow_tracker.self_describing_json.SelfDescribingJson object at 0x0000020E54D47350>]}
[0m21:51:42.943491 [info ] [MainThread]: Registered adapter: duckdb=1.10.1
[0m21:51:43.091232 [debug] [MainThread]: checksum: f368f5348cf42803b94ef7fb8257ecf3bf9a9a16dd9c8c51fe5172f2dbeb457f, vars: {}, profile: , target: , version: 1.11.12
[0m21:51:43.158722 [info ] [MainThread]: Unable to do partial parsing because a project config has changed
[0m21:51:43.158722 [debug] [MainThread]: Sending event: {'category': 'dbt', 'action': 'partial_parser', 'label': '4e15067e-b14b-44fc-bf1b-8ed14494d6ce', 'context': [<snowplow_tracker.self_describing_json.SelfDescribingJson object at 0x0000020E554D6420>]}
[0m21:51:43.993450 [debug] [MainThread]: Sending event: {'category': 'dbt', 'action': 'load_project', 'label': '4e15067e-b14b-44fc-bf1b-8ed14494d6ce', 'context': [<snowplow_tracker.self_describing_json.SelfDescribingJson object at 0x0000020E57B57830>]}
[0m21:51:44.043291 [debug] [MainThread]: Wrote artifact WritableManifest to C:\Users\nekoa\project_2026\kayleet_scherbel_project_2026\edinet_growth_analysis\target\manifest.json
[0m21:51:44.044296 [debug] [MainThread]: Wrote artifact SemanticManifest to C:\Users\nekoa\project_2026\kayleet_scherbel_project_2026\edinet_growth_analysis\target\semantic_manifest.json
[0m21:51:44.051811 [debug] [MainThread]: Sending event: {'category': 'dbt', 'action': 'resource_counts', 'label': '4e15067e-b14b-44fc-bf1b-8ed14494d6ce', 'context': [<snowplow_tracker.self_describing_json.SelfDescribingJson object at 0x0000020E57BAB740>]}
[0m21:51:44.051811 [info ] [MainThread]: Found 2 models, 1 seed, 4 data tests, 485 macros
[0m21:51:44.052816 [debug] [MainThread]: Sending event: {'category': 'dbt', 'action': 'runnable_timing', 'label': '4e15067e-b14b-44fc-bf1b-8ed14494d6ce', 'context': [<snowplow_tracker.self_describing_json.SelfDescribingJson object at 0x0000020E57BA31D0>]}
[0m21:51:44.053812 [info ] [MainThread]: 
[0m21:51:44.056861 [info ] [MainThread]: Concurrency: 1 threads (target='dev')
[0m21:51:44.058494 [info ] [MainThread]: 
[0m21:51:44.060517 [debug] [MainThread]: Acquiring new duckdb connection 'master'
[0m21:51:44.062534 [debug] [ThreadPool]: Acquiring new duckdb connection 'list_dev'
[0m21:51:44.102618 [debug] [ThreadPool]: Using duckdb connection "list_dev"
[0m21:51:44.102618 [debug] [ThreadPool]: On list_dev: /* {"app": "dbt", "dbt_version": "1.11.12", "profile_name": "edinet_growth_analysis", "target_name": "dev", "connection_name": "list_dev"} */

    
    select schema_name
    from system.information_schema.schemata
    
    where lower(catalog_name) = '"dev"'
    
  
  
[0m21:51:44.102618 [debug] [ThreadPool]: Opening a new connection, currently in state init
[0m21:51:44.113130 [debug] [ThreadPool]: SQL status: OK in 0.011 seconds
[0m21:51:44.115135 [debug] [ThreadPool]: On list_dev: Close
[0m21:51:44.115135 [debug] [ThreadPool]: Re-using an available connection from the pool (formerly list_dev, now create_dev_main)
[0m21:51:44.116127 [debug] [ThreadPool]: Creating schema "database: "dev"
schema: "main"
"
[0m21:51:44.119666 [debug] [ThreadPool]: Using duckdb connection "create_dev_main"
[0m21:51:44.120678 [debug] [ThreadPool]: On create_dev_main: /* {"app": "dbt", "dbt_version": "1.11.12", "profile_name": "edinet_growth_analysis", "target_name": "dev", "connection_name": "create_dev_main"} */

    
        select type from duckdb_databases()
        where lower(database_name)='dev'
        and type='sqlite'
    
  
[0m21:51:44.120678 [debug] [ThreadPool]: Opening a new connection, currently in state closed
[0m21:51:44.121681 [debug] [ThreadPool]: SQL status: OK in 0.001 seconds
[0m21:51:44.121681 [debug] [ThreadPool]: Using duckdb connection "create_dev_main"
[0m21:51:44.122678 [debug] [ThreadPool]: On create_dev_main: BEGIN
[0m21:51:44.122678 [debug] [ThreadPool]: SQL status: OK in 0.000 seconds
[0m21:51:44.122678 [debug] [ThreadPool]: Using duckdb connection "create_dev_main"
[0m21:51:44.123673 [debug] [ThreadPool]: On create_dev_main: /* {"app": "dbt", "dbt_version": "1.11.12", "profile_name": "edinet_growth_analysis", "target_name": "dev", "connection_name": "create_dev_main"} */

    
    
        create schema if not exists "dev"."main"
    
[0m21:51:44.123673 [debug] [ThreadPool]: SQL status: OK in 0.000 seconds
[0m21:51:44.124672 [debug] [ThreadPool]: On create_dev_main: COMMIT
[0m21:51:44.124672 [debug] [ThreadPool]: Using duckdb connection "create_dev_main"
[0m21:51:44.124672 [debug] [ThreadPool]: On create_dev_main: COMMIT
[0m21:51:44.124672 [debug] [ThreadPool]: SQL status: OK in 0.000 seconds
[0m21:51:44.125672 [debug] [ThreadPool]: On create_dev_main: Close
[0m21:51:44.130186 [debug] [ThreadPool]: Acquiring new duckdb connection 'list_dev_main'
[0m21:51:44.133131 [debug] [ThreadPool]: Using duckdb connection "list_dev_main"
[0m21:51:44.134126 [debug] [ThreadPool]: On list_dev_main: BEGIN
[0m21:51:44.134126 [debug] [ThreadPool]: Opening a new connection, currently in state init
[0m21:51:44.135110 [debug] [ThreadPool]: SQL status: OK in 0.000 seconds
[0m21:51:44.135110 [debug] [ThreadPool]: Using duckdb connection "list_dev_main"
[0m21:51:44.135110 [debug] [ThreadPool]: On list_dev_main: /* {"app": "dbt", "dbt_version": "1.11.12", "profile_name": "edinet_growth_analysis", "target_name": "dev", "connection_name": "list_dev_main"} */
select
      'dev' as database,
      table_name as name,
      table_schema as schema,
      CASE table_type
        WHEN 'BASE TABLE' THEN 'table'
        WHEN 'VIEW' THEN 'view'
        WHEN 'LOCAL TEMPORARY' THEN 'table'
        END as type
    from system.information_schema.tables
    where lower(table_schema) = 'main'
    and lower(table_catalog) = 'dev'
  
[0m21:51:44.137110 [debug] [ThreadPool]: SQL status: OK in 0.002 seconds
[0m21:51:44.138618 [debug] [ThreadPool]: On list_dev_main: ROLLBACK
[0m21:51:44.139630 [debug] [ThreadPool]: Failed to rollback 'list_dev_main'
[0m21:51:44.139630 [debug] [ThreadPool]: On list_dev_main: Close
[0m21:51:44.139630 [debug] [MainThread]: Sending event: {'category': 'dbt', 'action': 'runnable_timing', 'label': '4e15067e-b14b-44fc-bf1b-8ed14494d6ce', 'context': [<snowplow_tracker.self_describing_json.SelfDescribingJson object at 0x0000020E5297E870>]}
[0m21:51:44.140629 [debug] [MainThread]: Using duckdb connection "master"
[0m21:51:44.140629 [debug] [MainThread]: On master: BEGIN
[0m21:51:44.140629 [debug] [MainThread]: Opening a new connection, currently in state init
[0m21:51:44.141638 [debug] [MainThread]: SQL status: OK in 0.000 seconds
[0m21:51:44.141638 [debug] [MainThread]: On master: COMMIT
[0m21:51:44.141638 [debug] [MainThread]: Using duckdb connection "master"
[0m21:51:44.141638 [debug] [MainThread]: On master: COMMIT
[0m21:51:44.142639 [debug] [MainThread]: SQL status: OK in 0.000 seconds
[0m21:51:44.142639 [debug] [MainThread]: On master: Close
[0m21:51:44.149870 [debug] [Thread-1 (]: Began running node seed.edinet_growth_analysis.net_value_clients
[0m21:51:44.149870 [info ] [Thread-1 (]: 1 of 1 START seed file main.net_value_clients .................................. [RUN]
[0m21:51:44.151878 [debug] [Thread-1 (]: Acquiring new duckdb connection 'seed.edinet_growth_analysis.net_value_clients'
[0m21:51:44.151878 [debug] [Thread-1 (]: Began compiling node seed.edinet_growth_analysis.net_value_clients
[0m21:51:44.151878 [debug] [Thread-1 (]: Began executing node seed.edinet_growth_analysis.net_value_clients
[0m21:51:44.168966 [debug] [Thread-1 (]: Using duckdb connection "seed.edinet_growth_analysis.net_value_clients"
[0m21:51:44.169955 [debug] [Thread-1 (]: On seed.edinet_growth_analysis.net_value_clients: BEGIN
[0m21:51:44.169955 [debug] [Thread-1 (]: Opening a new connection, currently in state init
[0m21:51:44.170959 [debug] [Thread-1 (]: SQL status: OK in 0.001 seconds
[0m21:51:44.170959 [debug] [Thread-1 (]: Using duckdb connection "seed.edinet_growth_analysis.net_value_clients"
[0m21:51:44.170959 [debug] [Thread-1 (]: On seed.edinet_growth_analysis.net_value_clients: /* {"app": "dbt", "dbt_version": "1.11.12", "profile_name": "edinet_growth_analysis", "target_name": "dev", "node_id": "seed.edinet_growth_analysis.net_value_clients"} */

    create table "dev"."main"."net_value_clients" ("company" text,"doc_id" text,"relative_year" text,"net_sales_yen" integer)
  
[0m21:51:44.171958 [debug] [Thread-1 (]: SQL status: OK in 0.000 seconds
[0m21:51:44.178484 [debug] [Thread-1 (]: Using duckdb connection "seed.edinet_growth_analysis.net_value_clients"
[0m21:51:44.178484 [debug] [Thread-1 (]: On seed.edinet_growth_analysis.net_value_clients: 
          COPY "dev"."main"."net_value_clients" FROM 'C:\Users\nekoa\project_2026\kayleet_scherbel_project_2026\edinet_growth_analysis\seeds\net_value_clients.csv' (FORMAT CSV, HEADER TRUE, DELIMITER ',')
        ...
[0m21:51:44.182793 [debug] [Thread-1 (]: DuckDB adapter: duckdb error: Conversion Error: CSV Error on Line: 2
Original Line: トヨタ自動車,S100Y8NY,CurrentYear,50684952000000
Error when converting column "net_sales_yen". Could not convert string "50684952000000" to 'INTEGER'

Column net_sales_yen is being converted as type INTEGER
This type was either manually set or derived from an existing table. Select a different type to correctly parse this column.
* Check whether the null string value is set correctly (e.g., nullstr = 'N/A')

  file = C:\Users\nekoa\project_2026\kayleet_scherbel_project_2026\edinet_growth_analysis\seeds\net_value_clients.csv
  delimiter = , (Set By User)
  quote = (empty) (Auto-Detected)
  escape = (empty) (Auto-Detected)
  new_line = \r\n (Auto-Detected)
  header = true (Set By User)
  skip_rows = 0 (Auto-Detected)
  comment = (empty) (Auto-Detected)
  strict_mode = true (Auto-Detected)
  date_format =  (Auto-Detected)
  timestamp_format =  (Auto-Detected)
  null_padding = 0
  sample_size = 20480
  ignore_errors = false
  all_varchar = 0
The Column types set by the user do not match the ones found by the sniffer. 
Column at position: 3 Set type: INTEGER Sniffed type: BIGINT


[0m21:51:44.182793 [debug] [Thread-1 (]: DuckDB adapter: Error running SQL: 
          COPY "dev"."main"."net_value_clients" FROM 'C:\Users\nekoa\project_2026\kayleet_scherbel_project_2026\edinet_growth_analysis\seeds\net_value_clients.csv' (FORMAT CSV, HEADER TRUE, DELIMITER ',')
        
[0m21:51:44.182793 [debug] [Thread-1 (]: DuckDB adapter: Rolling back transaction.
[0m21:51:44.183792 [debug] [Thread-1 (]: On seed.edinet_growth_analysis.net_value_clients: ROLLBACK
[0m21:51:44.184794 [debug] [Thread-1 (]: Failed to rollback 'seed.edinet_growth_analysis.net_value_clients'
[0m21:51:44.184794 [debug] [Thread-1 (]: On seed.edinet_growth_analysis.net_value_clients: Close
[0m21:51:44.187793 [debug] [Thread-1 (]: Runtime Error in seed net_value_clients (seeds\net_value_clients.csv)
  Conversion Error: CSV Error on Line: 2
  Original Line: トヨタ自動車,S100Y8NY,CurrentYear,50684952000000
  Error when converting column "net_sales_yen". Could not convert string "50684952000000" to 'INTEGER'
  
  Column net_sales_yen is being converted as type INTEGER
  This type was either manually set or derived from an existing table. Select a different type to correctly parse this column.
  * Check whether the null string value is set correctly (e.g., nullstr = 'N/A')
  
    file = C:\Users\nekoa\project_2026\kayleet_scherbel_project_2026\edinet_growth_analysis\seeds\net_value_clients.csv
    delimiter = , (Set By User)
    quote = (empty) (Auto-Detected)
    escape = (empty) (Auto-Detected)
    new_line = \r\n (Auto-Detected)
    header = true (Set By User)
    skip_rows = 0 (Auto-Detected)
    comment = (empty) (Auto-Detected)
    strict_mode = true (Auto-Detected)
    date_format =  (Auto-Detected)
    timestamp_format =  (Auto-Detected)
    null_padding = 0
    sample_size = 20480
    ignore_errors = false
    all_varchar = 0
  The Column types set by the user do not match the ones found by the sniffer. 
  Column at position: 3 Set type: INTEGER Sniffed type: BIGINT
  
  
[0m21:51:44.189305 [debug] [Thread-1 (]: Sending event: {'category': 'dbt', 'action': 'run_model', 'label': '4e15067e-b14b-44fc-bf1b-8ed14494d6ce', 'context': [<snowplow_tracker.self_describing_json.SelfDescribingJson object at 0x0000020E57A5F290>]}
[0m21:51:44.189305 [error] [Thread-1 (]: 1 of 1 ERROR loading seed file main.net_value_clients .......................... [[31mERROR[0m in 0.04s]
[0m21:51:44.191344 [debug] [Thread-1 (]: Finished running node seed.edinet_growth_analysis.net_value_clients
[0m21:51:44.191344 [debug] [Thread-4 (]: Marking all children of 'seed.edinet_growth_analysis.net_value_clients' to be skipped because of status 'error'.  Reason: Runtime Error in seed net_value_clients (seeds\net_value_clients.csv)
  Conversion Error: CSV Error on Line: 2
  Original Line: トヨタ自動車,S100Y8NY,CurrentYear,50684952000000
  Error when converting column "net_sales_yen". Could not convert string "50684952000000" to 'INTEGER'
  
  Column net_sales_yen is being converted as type INTEGER
  This type was either manually set or derived from an existing table. Select a different type to correctly parse this column.
  * Check whether the null string value is set correctly (e.g., nullstr = 'N/A')
  
    file = C:\Users\nekoa\project_2026\kayleet_scherbel_project_2026\edinet_growth_analysis\seeds\net_value_clients.csv
    delimiter = , (Set By User)
    quote = (empty) (Auto-Detected)
    escape = (empty) (Auto-Detected)
    new_line = \r\n (Auto-Detected)
    header = true (Set By User)
    skip_rows = 0 (Auto-Detected)
    comment = (empty) (Auto-Detected)
    strict_mode = true (Auto-Detected)
    date_format =  (Auto-Detected)
    timestamp_format =  (Auto-Detected)
    null_padding = 0
    sample_size = 20480
    ignore_errors = false
    all_varchar = 0
  The Column types set by the user do not match the ones found by the sniffer. 
  Column at position: 3 Set type: INTEGER Sniffed type: BIGINT
  
  .
[0m21:51:44.193326 [debug] [MainThread]: Using duckdb connection "master"
[0m21:51:44.193326 [debug] [MainThread]: On master: BEGIN
[0m21:51:44.193326 [debug] [MainThread]: Opening a new connection, currently in state closed
[0m21:51:44.194342 [debug] [MainThread]: SQL status: OK in 0.000 seconds
[0m21:51:44.194342 [debug] [MainThread]: On master: COMMIT
[0m21:51:44.194342 [debug] [MainThread]: Using duckdb connection "master"
[0m21:51:44.195327 [debug] [MainThread]: On master: COMMIT
[0m21:51:44.195327 [debug] [MainThread]: SQL status: OK in 0.000 seconds
[0m21:51:44.195327 [debug] [MainThread]: On master: Close
[0m21:51:44.196328 [debug] [MainThread]: Connection 'master' was properly closed.
[0m21:51:44.196328 [debug] [MainThread]: Connection 'create_dev_main' was properly closed.
[0m21:51:44.196328 [debug] [MainThread]: Connection 'list_dev_main' was properly closed.
[0m21:51:44.196328 [debug] [MainThread]: Connection 'seed.edinet_growth_analysis.net_value_clients' was properly closed.
[0m21:51:44.196328 [info ] [MainThread]: 
[0m21:51:44.197329 [info ] [MainThread]: Finished running 1 seed in 0 hours 0 minutes and 0.14 seconds (0.14s).
[0m21:51:44.199866 [debug] [MainThread]: Command end result
[0m21:51:44.257876 [debug] [MainThread]: Wrote artifact WritableManifest to C:\Users\nekoa\project_2026\kayleet_scherbel_project_2026\edinet_growth_analysis\target\manifest.json
[0m21:51:44.259417 [debug] [MainThread]: Wrote artifact SemanticManifest to C:\Users\nekoa\project_2026\kayleet_scherbel_project_2026\edinet_growth_analysis\target\semantic_manifest.json
[0m21:51:44.263444 [debug] [MainThread]: Wrote artifact RunExecutionResult to C:\Users\nekoa\project_2026\kayleet_scherbel_project_2026\edinet_growth_analysis\target\run_results.json
[0m21:51:44.263444 [info ] [MainThread]: 
[0m21:51:44.264427 [info ] [MainThread]: [31mCompleted with 1 error, 0 partial successes, and 0 warnings:[0m
[0m21:51:44.265435 [info ] [MainThread]: 
[0m21:51:44.267408 [error] [MainThread]: [31mFailure in seed net_value_clients (seeds\net_value_clients.csv)[0m
[0m21:51:44.269759 [error] [MainThread]:   Runtime Error in seed net_value_clients (seeds\net_value_clients.csv)
  Conversion Error: CSV Error on Line: 2
  Original Line: トヨタ自動車,S100Y8NY,CurrentYear,50684952000000
  Error when converting column "net_sales_yen". Could not convert string "50684952000000" to 'INTEGER'
  
  Column net_sales_yen is being converted as type INTEGER
  This type was either manually set or derived from an existing table. Select a different type to correctly parse this column.
  * Check whether the null string value is set correctly (e.g., nullstr = 'N/A')
  
    file = C:\Users\nekoa\project_2026\kayleet_scherbel_project_2026\edinet_growth_analysis\seeds\net_value_clients.csv
    delimiter = , (Set By User)
    quote = (empty) (Auto-Detected)
    escape = (empty) (Auto-Detected)
    new_line = \r\n (Auto-Detected)
    header = true (Set By User)
    skip_rows = 0 (Auto-Detected)
    comment = (empty) (Auto-Detected)
    strict_mode = true (Auto-Detected)
    date_format =  (Auto-Detected)
    timestamp_format =  (Auto-Detected)
    null_padding = 0
    sample_size = 20480
    ignore_errors = false
    all_varchar = 0
  The Column types set by the user do not match the ones found by the sniffer. 
  Column at position: 3 Set type: INTEGER Sniffed type: BIGINT
  
  
[0m21:51:44.270793 [info ] [MainThread]: 
[0m21:51:44.274777 [info ] [MainThread]: Done. PASS=0 WARN=0 ERROR=1 SKIP=0 NO-OP=0 TOTAL=1
[0m21:51:44.276763 [debug] [MainThread]: Command `dbt seed` failed at 21:51:44.276763 after 1.70 seconds
[0m21:51:44.277764 [debug] [MainThread]: Sending event: {'category': 'dbt', 'action': 'invocation', 'label': 'end', 'context': [<snowplow_tracker.self_describing_json.SelfDescribingJson object at 0x0000020E52B2FAA0>, <snowplow_tracker.self_describing_json.SelfDescribingJson object at 0x0000020E52F6FD70>, <snowplow_tracker.self_describing_json.SelfDescribingJson object at 0x0000020E52F6C080>]}
[0m21:51:44.277764 [debug] [MainThread]: Flushing usage events
[0m21:51:45.240100 [debug] [MainThread]: An error was encountered while trying to flush usage events
[0m21:52:43.321031 [debug] [MainThread]: Sending event: {'category': 'dbt', 'action': 'invocation', 'label': 'start', 'context': [<snowplow_tracker.self_describing_json.SelfDescribingJson object at 0x000001EAA0B59160>, <snowplow_tracker.self_describing_json.SelfDescribingJson object at 0x000001EAA1670F50>, <snowplow_tracker.self_describing_json.SelfDescribingJson object at 0x000001EAA0F62C60>]}


============================== 21:52:43.324036 | b7cbefc3-5e3e-4c9a-9336-154237c0c0d0 ==============================
[0m21:52:43.324036 [info ] [MainThread]: Running with dbt=1.11.12
[0m21:52:43.324036 [debug] [MainThread]: running dbt with arguments {'version_check': 'True', 'no_print': 'None', 'static_parser': 'True', 'target_path': 'None', 'warn_error_options': 'WarnErrorOptionsV2(error=[], warn=[], silence=[])', 'printer_width': '80', 'write_json': 'True', 'introspect': 'True', 'log_cache_events': 'False', 'empty': 'None', 'cache_selected_only': 'False', 'fail_fast': 'False', 'debug': 'False', 'log_format': 'default', 'partial_parse': 'True', 'send_anonymous_usage_stats': 'True', 'quiet': 'False', 'warn_error': 'None', 'profiles_dir': 'C:\\Users\\nekoa\\.dbt', 'indirect_selection': 'eager', 'use_colors': 'True', 'invocation_command': 'dbt seed', 'use_experimental_parser': 'False', 'log_path': 'C:\\Users\\nekoa\\project_2026\\kayleet_scherbel_project_2026\\edinet_growth_analysis\\logs'}
[0m21:52:43.475424 [debug] [MainThread]: Sending event: {'category': 'dbt', 'action': 'project_id', 'label': 'b7cbefc3-5e3e-4c9a-9336-154237c0c0d0', 'context': [<snowplow_tracker.self_describing_json.SelfDescribingJson object at 0x000001EAA2F33320>]}
[0m21:52:43.516696 [debug] [MainThread]: Sending event: {'category': 'dbt', 'action': 'adapter_info', 'label': 'b7cbefc3-5e3e-4c9a-9336-154237c0c0d0', 'context': [<snowplow_tracker.self_describing_json.SelfDescribingJson object at 0x000001EAA33D4950>]}
[0m21:52:43.518697 [info ] [MainThread]: Registered adapter: duckdb=1.10.1
[0m21:52:43.665028 [debug] [MainThread]: checksum: f368f5348cf42803b94ef7fb8257ecf3bf9a9a16dd9c8c51fe5172f2dbeb457f, vars: {}, profile: , target: , version: 1.11.12
[0m21:52:43.747088 [debug] [MainThread]: Partial parsing enabled: 0 files deleted, 0 files added, 0 files changed.
[0m21:52:43.747088 [debug] [MainThread]: Nothing changed, skipping partial parsing.
[0m21:52:43.748596 [debug] [MainThread]: Partial parsing enabled, no changes found, skipping parsing
[0m21:52:43.775731 [debug] [MainThread]: Sending event: {'category': 'dbt', 'action': 'load_project', 'label': 'b7cbefc3-5e3e-4c9a-9336-154237c0c0d0', 'context': [<snowplow_tracker.self_describing_json.SelfDescribingJson object at 0x000001EAA3576F90>]}
[0m21:52:43.823456 [debug] [MainThread]: Wrote artifact WritableManifest to C:\Users\nekoa\project_2026\kayleet_scherbel_project_2026\edinet_growth_analysis\target\manifest.json
[0m21:52:43.825443 [debug] [MainThread]: Wrote artifact SemanticManifest to C:\Users\nekoa\project_2026\kayleet_scherbel_project_2026\edinet_growth_analysis\target\semantic_manifest.json
[0m21:52:43.832953 [debug] [MainThread]: Sending event: {'category': 'dbt', 'action': 'resource_counts', 'label': 'b7cbefc3-5e3e-4c9a-9336-154237c0c0d0', 'context': [<snowplow_tracker.self_describing_json.SelfDescribingJson object at 0x000001EAA371D1C0>]}
[0m21:52:43.832953 [info ] [MainThread]: Found 2 models, 1 seed, 4 data tests, 485 macros
[0m21:52:43.833952 [debug] [MainThread]: Sending event: {'category': 'dbt', 'action': 'runnable_timing', 'label': 'b7cbefc3-5e3e-4c9a-9336-154237c0c0d0', 'context': [<snowplow_tracker.self_describing_json.SelfDescribingJson object at 0x000001EAA390F770>]}
[0m21:52:43.834955 [info ] [MainThread]: 
[0m21:52:43.835969 [info ] [MainThread]: Concurrency: 1 threads (target='dev')
[0m21:52:43.838496 [info ] [MainThread]: 
[0m21:52:43.840543 [debug] [MainThread]: Acquiring new duckdb connection 'master'
[0m21:52:43.841516 [debug] [ThreadPool]: Acquiring new duckdb connection 'list_dev'
[0m21:52:43.880190 [debug] [ThreadPool]: Using duckdb connection "list_dev"
[0m21:52:43.881215 [debug] [ThreadPool]: On list_dev: /* {"app": "dbt", "dbt_version": "1.11.12", "profile_name": "edinet_growth_analysis", "target_name": "dev", "connection_name": "list_dev"} */

    
    select schema_name
    from system.information_schema.schemata
    
    where lower(catalog_name) = '"dev"'
    
  
  
[0m21:52:43.881215 [debug] [ThreadPool]: Opening a new connection, currently in state init
[0m21:52:43.891766 [debug] [ThreadPool]: SQL status: OK in 0.010 seconds
[0m21:52:43.892756 [debug] [ThreadPool]: On list_dev: Close
[0m21:52:43.892756 [debug] [ThreadPool]: Re-using an available connection from the pool (formerly list_dev, now create_dev_main)
[0m21:52:43.893744 [debug] [ThreadPool]: Creating schema "database: "dev"
schema: "main"
"
[0m21:52:43.896753 [debug] [ThreadPool]: Using duckdb connection "create_dev_main"
[0m21:52:43.897756 [debug] [ThreadPool]: On create_dev_main: /* {"app": "dbt", "dbt_version": "1.11.12", "profile_name": "edinet_growth_analysis", "target_name": "dev", "connection_name": "create_dev_main"} */

    
        select type from duckdb_databases()
        where lower(database_name)='dev'
        and type='sqlite'
    
  
[0m21:52:43.897756 [debug] [ThreadPool]: Opening a new connection, currently in state closed
[0m21:52:43.898740 [debug] [ThreadPool]: SQL status: OK in 0.001 seconds
[0m21:52:43.899245 [debug] [ThreadPool]: Using duckdb connection "create_dev_main"
[0m21:52:43.900250 [debug] [ThreadPool]: On create_dev_main: BEGIN
[0m21:52:43.900250 [debug] [ThreadPool]: SQL status: OK in 0.000 seconds
[0m21:52:43.900250 [debug] [ThreadPool]: Using duckdb connection "create_dev_main"
[0m21:52:43.901256 [debug] [ThreadPool]: On create_dev_main: /* {"app": "dbt", "dbt_version": "1.11.12", "profile_name": "edinet_growth_analysis", "target_name": "dev", "connection_name": "create_dev_main"} */

    
    
        create schema if not exists "dev"."main"
    
[0m21:52:43.901256 [debug] [ThreadPool]: SQL status: OK in 0.000 seconds
[0m21:52:43.901256 [debug] [ThreadPool]: On create_dev_main: COMMIT
[0m21:52:43.902285 [debug] [ThreadPool]: Using duckdb connection "create_dev_main"
[0m21:52:43.902285 [debug] [ThreadPool]: On create_dev_main: COMMIT
[0m21:52:43.902285 [debug] [ThreadPool]: SQL status: OK in 0.000 seconds
[0m21:52:43.903254 [debug] [ThreadPool]: On create_dev_main: Close
[0m21:52:43.907255 [debug] [ThreadPool]: Acquiring new duckdb connection 'list_dev_main'
[0m21:52:43.910770 [debug] [ThreadPool]: Using duckdb connection "list_dev_main"
[0m21:52:43.910770 [debug] [ThreadPool]: On list_dev_main: BEGIN
[0m21:52:43.910770 [debug] [ThreadPool]: Opening a new connection, currently in state init
[0m21:52:43.911770 [debug] [ThreadPool]: SQL status: OK in 0.000 seconds
[0m21:52:43.911770 [debug] [ThreadPool]: Using duckdb connection "list_dev_main"
[0m21:52:43.911770 [debug] [ThreadPool]: On list_dev_main: /* {"app": "dbt", "dbt_version": "1.11.12", "profile_name": "edinet_growth_analysis", "target_name": "dev", "connection_name": "list_dev_main"} */
select
      'dev' as database,
      table_name as name,
      table_schema as schema,
      CASE table_type
        WHEN 'BASE TABLE' THEN 'table'
        WHEN 'VIEW' THEN 'view'
        WHEN 'LOCAL TEMPORARY' THEN 'table'
        END as type
    from system.information_schema.tables
    where lower(table_schema) = 'main'
    and lower(table_catalog) = 'dev'
  
[0m21:52:43.913771 [debug] [ThreadPool]: SQL status: OK in 0.002 seconds
[0m21:52:43.914770 [debug] [ThreadPool]: On list_dev_main: ROLLBACK
[0m21:52:43.915770 [debug] [ThreadPool]: Failed to rollback 'list_dev_main'
[0m21:52:43.915770 [debug] [ThreadPool]: On list_dev_main: Close
[0m21:52:43.916770 [debug] [MainThread]: Sending event: {'category': 'dbt', 'action': 'runnable_timing', 'label': 'b7cbefc3-5e3e-4c9a-9336-154237c0c0d0', 'context': [<snowplow_tracker.self_describing_json.SelfDescribingJson object at 0x000001EAA34EA0C0>]}
[0m21:52:43.916770 [debug] [MainThread]: Using duckdb connection "master"
[0m21:52:43.916770 [debug] [MainThread]: On master: BEGIN
[0m21:52:43.916770 [debug] [MainThread]: Opening a new connection, currently in state init
[0m21:52:43.917803 [debug] [MainThread]: SQL status: OK in 0.000 seconds
[0m21:52:43.917803 [debug] [MainThread]: On master: COMMIT
[0m21:52:43.917803 [debug] [MainThread]: Using duckdb connection "master"
[0m21:52:43.918786 [debug] [MainThread]: On master: COMMIT
[0m21:52:43.918786 [debug] [MainThread]: SQL status: OK in 0.000 seconds
[0m21:52:43.918786 [debug] [MainThread]: On master: Close
[0m21:52:43.926141 [debug] [Thread-1 (]: Began running node seed.edinet_growth_analysis.net_value_clients
[0m21:52:43.926141 [info ] [Thread-1 (]: 1 of 1 START seed file main.net_value_clients .................................. [RUN]
[0m21:52:43.928632 [debug] [Thread-1 (]: Acquiring new duckdb connection 'seed.edinet_growth_analysis.net_value_clients'
[0m21:52:43.928632 [debug] [Thread-1 (]: Began compiling node seed.edinet_growth_analysis.net_value_clients
[0m21:52:43.928632 [debug] [Thread-1 (]: Began executing node seed.edinet_growth_analysis.net_value_clients
[0m21:52:43.944156 [debug] [Thread-1 (]: Using duckdb connection "seed.edinet_growth_analysis.net_value_clients"
[0m21:52:43.945156 [debug] [Thread-1 (]: On seed.edinet_growth_analysis.net_value_clients: BEGIN
[0m21:52:43.945156 [debug] [Thread-1 (]: Opening a new connection, currently in state init
[0m21:52:43.945661 [debug] [Thread-1 (]: SQL status: OK in 0.001 seconds
[0m21:52:43.945661 [debug] [Thread-1 (]: Using duckdb connection "seed.edinet_growth_analysis.net_value_clients"
[0m21:52:43.946667 [debug] [Thread-1 (]: On seed.edinet_growth_analysis.net_value_clients: /* {"app": "dbt", "dbt_version": "1.11.12", "profile_name": "edinet_growth_analysis", "target_name": "dev", "node_id": "seed.edinet_growth_analysis.net_value_clients"} */

    create table "dev"."main"."net_value_clients" ("company" text,"doc_id" text,"relative_year" text,"net_sales_yen" integer)
  
[0m21:52:43.946667 [debug] [Thread-1 (]: SQL status: OK in 0.000 seconds
[0m21:52:43.953179 [debug] [Thread-1 (]: Using duckdb connection "seed.edinet_growth_analysis.net_value_clients"
[0m21:52:43.954179 [debug] [Thread-1 (]: On seed.edinet_growth_analysis.net_value_clients: 
          COPY "dev"."main"."net_value_clients" FROM 'C:\Users\nekoa\project_2026\kayleet_scherbel_project_2026\edinet_growth_analysis\seeds\net_value_clients.csv' (FORMAT CSV, HEADER TRUE, DELIMITER ',')
        ...
[0m21:52:43.957180 [debug] [Thread-1 (]: DuckDB adapter: duckdb error: Conversion Error: CSV Error on Line: 2
Original Line: トヨタ自動車,S100Y8NY,CurrentYear,50684952000000
Error when converting column "net_sales_yen". Could not convert string "50684952000000" to 'INTEGER'

Column net_sales_yen is being converted as type INTEGER
This type was either manually set or derived from an existing table. Select a different type to correctly parse this column.
* Check whether the null string value is set correctly (e.g., nullstr = 'N/A')

  file = C:\Users\nekoa\project_2026\kayleet_scherbel_project_2026\edinet_growth_analysis\seeds\net_value_clients.csv
  delimiter = , (Set By User)
  quote = (empty) (Auto-Detected)
  escape = (empty) (Auto-Detected)
  new_line = \r\n (Auto-Detected)
  header = true (Set By User)
  skip_rows = 0 (Auto-Detected)
  comment = (empty) (Auto-Detected)
  strict_mode = true (Auto-Detected)
  date_format =  (Auto-Detected)
  timestamp_format =  (Auto-Detected)
  null_padding = 0
  sample_size = 20480
  ignore_errors = false
  all_varchar = 0
The Column types set by the user do not match the ones found by the sniffer. 
Column at position: 3 Set type: INTEGER Sniffed type: BIGINT


[0m21:52:43.957180 [debug] [Thread-1 (]: DuckDB adapter: Error running SQL: 
          COPY "dev"."main"."net_value_clients" FROM 'C:\Users\nekoa\project_2026\kayleet_scherbel_project_2026\edinet_growth_analysis\seeds\net_value_clients.csv' (FORMAT CSV, HEADER TRUE, DELIMITER ',')
        
[0m21:52:43.958685 [debug] [Thread-1 (]: DuckDB adapter: Rolling back transaction.
[0m21:52:43.958685 [debug] [Thread-1 (]: On seed.edinet_growth_analysis.net_value_clients: ROLLBACK
[0m21:52:43.959691 [debug] [Thread-1 (]: Failed to rollback 'seed.edinet_growth_analysis.net_value_clients'
[0m21:52:43.960697 [debug] [Thread-1 (]: On seed.edinet_growth_analysis.net_value_clients: Close
[0m21:52:43.962695 [debug] [Thread-1 (]: Runtime Error in seed net_value_clients (seeds\net_value_clients.csv)
  Conversion Error: CSV Error on Line: 2
  Original Line: トヨタ自動車,S100Y8NY,CurrentYear,50684952000000
  Error when converting column "net_sales_yen". Could not convert string "50684952000000" to 'INTEGER'
  
  Column net_sales_yen is being converted as type INTEGER
  This type was either manually set or derived from an existing table. Select a different type to correctly parse this column.
  * Check whether the null string value is set correctly (e.g., nullstr = 'N/A')
  
    file = C:\Users\nekoa\project_2026\kayleet_scherbel_project_2026\edinet_growth_analysis\seeds\net_value_clients.csv
    delimiter = , (Set By User)
    quote = (empty) (Auto-Detected)
    escape = (empty) (Auto-Detected)
    new_line = \r\n (Auto-Detected)
    header = true (Set By User)
    skip_rows = 0 (Auto-Detected)
    comment = (empty) (Auto-Detected)
    strict_mode = true (Auto-Detected)
    date_format =  (Auto-Detected)
    timestamp_format =  (Auto-Detected)
    null_padding = 0
    sample_size = 20480
    ignore_errors = false
    all_varchar = 0
  The Column types set by the user do not match the ones found by the sniffer. 
  Column at position: 3 Set type: INTEGER Sniffed type: BIGINT
  
  
[0m21:52:43.963699 [debug] [Thread-1 (]: Sending event: {'category': 'dbt', 'action': 'run_model', 'label': 'b7cbefc3-5e3e-4c9a-9336-154237c0c0d0', 'context': [<snowplow_tracker.self_describing_json.SelfDescribingJson object at 0x000001EAA0F61880>]}
[0m21:52:43.964700 [error] [Thread-1 (]: 1 of 1 ERROR loading seed file main.net_value_clients .......................... [[31mERROR[0m in 0.04s]
[0m21:52:43.966697 [debug] [Thread-1 (]: Finished running node seed.edinet_growth_analysis.net_value_clients
[0m21:52:43.967695 [debug] [Thread-4 (]: Marking all children of 'seed.edinet_growth_analysis.net_value_clients' to be skipped because of status 'error'.  Reason: Runtime Error in seed net_value_clients (seeds\net_value_clients.csv)
  Conversion Error: CSV Error on Line: 2
  Original Line: トヨタ自動車,S100Y8NY,CurrentYear,50684952000000
  Error when converting column "net_sales_yen". Could not convert string "50684952000000" to 'INTEGER'
  
  Column net_sales_yen is being converted as type INTEGER
  This type was either manually set or derived from an existing table. Select a different type to correctly parse this column.
  * Check whether the null string value is set correctly (e.g., nullstr = 'N/A')
  
    file = C:\Users\nekoa\project_2026\kayleet_scherbel_project_2026\edinet_growth_analysis\seeds\net_value_clients.csv
    delimiter = , (Set By User)
    quote = (empty) (Auto-Detected)
    escape = (empty) (Auto-Detected)
    new_line = \r\n (Auto-Detected)
    header = true (Set By User)
    skip_rows = 0 (Auto-Detected)
    comment = (empty) (Auto-Detected)
    strict_mode = true (Auto-Detected)
    date_format =  (Auto-Detected)
    timestamp_format =  (Auto-Detected)
    null_padding = 0
    sample_size = 20480
    ignore_errors = false
    all_varchar = 0
  The Column types set by the user do not match the ones found by the sniffer. 
  Column at position: 3 Set type: INTEGER Sniffed type: BIGINT
  
  .
[0m21:52:43.968695 [debug] [MainThread]: Using duckdb connection "master"
[0m21:52:43.969201 [debug] [MainThread]: On master: BEGIN
[0m21:52:43.969201 [debug] [MainThread]: Opening a new connection, currently in state closed
[0m21:52:43.969201 [debug] [MainThread]: SQL status: OK in 0.000 seconds
[0m21:52:43.970201 [debug] [MainThread]: On master: COMMIT
[0m21:52:43.970201 [debug] [MainThread]: Using duckdb connection "master"
[0m21:52:43.970201 [debug] [MainThread]: On master: COMMIT
[0m21:52:43.971202 [debug] [MainThread]: SQL status: OK in 0.000 seconds
[0m21:52:43.971202 [debug] [MainThread]: On master: Close
[0m21:52:43.971202 [debug] [MainThread]: Connection 'master' was properly closed.
[0m21:52:43.971202 [debug] [MainThread]: Connection 'create_dev_main' was properly closed.
[0m21:52:43.972203 [debug] [MainThread]: Connection 'list_dev_main' was properly closed.
[0m21:52:43.972203 [debug] [MainThread]: Connection 'seed.edinet_growth_analysis.net_value_clients' was properly closed.
[0m21:52:43.972203 [info ] [MainThread]: 
[0m21:52:43.973204 [info ] [MainThread]: Finished running 1 seed in 0 hours 0 minutes and 0.13 seconds (0.13s).
[0m21:52:43.975530 [debug] [MainThread]: Command end result
[0m21:52:43.990589 [debug] [MainThread]: Wrote artifact WritableManifest to C:\Users\nekoa\project_2026\kayleet_scherbel_project_2026\edinet_growth_analysis\target\manifest.json
[0m21:52:43.991588 [debug] [MainThread]: Wrote artifact SemanticManifest to C:\Users\nekoa\project_2026\kayleet_scherbel_project_2026\edinet_growth_analysis\target\semantic_manifest.json
[0m21:52:43.995605 [debug] [MainThread]: Wrote artifact RunExecutionResult to C:\Users\nekoa\project_2026\kayleet_scherbel_project_2026\edinet_growth_analysis\target\run_results.json
[0m21:52:43.995605 [info ] [MainThread]: 
[0m21:52:43.996604 [info ] [MainThread]: [31mCompleted with 1 error, 0 partial successes, and 0 warnings:[0m
[0m21:52:43.997590 [info ] [MainThread]: 
[0m21:52:43.999701 [error] [MainThread]: [31mFailure in seed net_value_clients (seeds\net_value_clients.csv)[0m
[0m21:52:44.001718 [error] [MainThread]:   Runtime Error in seed net_value_clients (seeds\net_value_clients.csv)
  Conversion Error: CSV Error on Line: 2
  Original Line: トヨタ自動車,S100Y8NY,CurrentYear,50684952000000
  Error when converting column "net_sales_yen". Could not convert string "50684952000000" to 'INTEGER'
  
  Column net_sales_yen is being converted as type INTEGER
  This type was either manually set or derived from an existing table. Select a different type to correctly parse this column.
  * Check whether the null string value is set correctly (e.g., nullstr = 'N/A')
  
    file = C:\Users\nekoa\project_2026\kayleet_scherbel_project_2026\edinet_growth_analysis\seeds\net_value_clients.csv
    delimiter = , (Set By User)
    quote = (empty) (Auto-Detected)
    escape = (empty) (Auto-Detected)
    new_line = \r\n (Auto-Detected)
    header = true (Set By User)
    skip_rows = 0 (Auto-Detected)
    comment = (empty) (Auto-Detected)
    strict_mode = true (Auto-Detected)
    date_format =  (Auto-Detected)
    timestamp_format =  (Auto-Detected)
    null_padding = 0
    sample_size = 20480
    ignore_errors = false
    all_varchar = 0
  The Column types set by the user do not match the ones found by the sniffer. 
  Column at position: 3 Set type: INTEGER Sniffed type: BIGINT
  
  
[0m21:52:44.003718 [info ] [MainThread]: 
[0m21:52:44.005702 [info ] [MainThread]: Done. PASS=0 WARN=0 ERROR=1 SKIP=0 NO-OP=0 TOTAL=1
[0m21:52:44.007723 [debug] [MainThread]: Command `dbt seed` failed at 21:52:44.007723 after 0.84 seconds
[0m21:52:44.008702 [debug] [MainThread]: Sending event: {'category': 'dbt', 'action': 'invocation', 'label': 'end', 'context': [<snowplow_tracker.self_describing_json.SelfDescribingJson object at 0x000001EAA140E510>, <snowplow_tracker.self_describing_json.SelfDescribingJson object at 0x000001EAA17C3DD0>, <snowplow_tracker.self_describing_json.SelfDescribingJson object at 0x000001EAA1483110>]}
[0m21:52:44.008702 [debug] [MainThread]: Flushing usage events
[0m21:52:44.992578 [debug] [MainThread]: An error was encountered while trying to flush usage events
[0m21:54:56.324468 [debug] [MainThread]: Sending event: {'category': 'dbt', 'action': 'invocation', 'label': 'start', 'context': [<snowplow_tracker.self_describing_json.SelfDescribingJson object at 0x0000028A8896EE70>, <snowplow_tracker.self_describing_json.SelfDescribingJson object at 0x0000028A88EF96A0>, <snowplow_tracker.self_describing_json.SelfDescribingJson object at 0x0000028A88D6ECF0>]}


============================== 21:54:56.327470 | 44c2d735-d2a8-4fae-aba6-4bedf168a64b ==============================
[0m21:54:56.327470 [info ] [MainThread]: Running with dbt=1.11.12
[0m21:54:56.330068 [debug] [MainThread]: running dbt with arguments {'static_parser': 'True', 'no_print': 'None', 'version_check': 'True', 'target_path': 'None', 'warn_error_options': 'WarnErrorOptionsV2(error=[], warn=[], silence=[])', 'printer_width': '80', 'write_json': 'True', 'introspect': 'True', 'log_cache_events': 'False', 'empty': 'None', 'cache_selected_only': 'False', 'log_format': 'default', 'debug': 'False', 'fail_fast': 'False', 'profiles_dir': 'C:\\Users\\nekoa\\.dbt', 'send_anonymous_usage_stats': 'True', 'quiet': 'False', 'warn_error': 'None', 'partial_parse': 'True', 'invocation_command': 'dbt seed', 'indirect_selection': 'eager', 'use_colors': 'True', 'use_experimental_parser': 'False', 'log_path': 'C:\\Users\\nekoa\\project_2026\\kayleet_scherbel_project_2026\\edinet_growth_analysis\\logs'}
[0m21:54:56.474151 [debug] [MainThread]: Sending event: {'category': 'dbt', 'action': 'project_id', 'label': '44c2d735-d2a8-4fae-aba6-4bedf168a64b', 'context': [<snowplow_tracker.self_describing_json.SelfDescribingJson object at 0x0000028A8A961670>]}
[0m21:54:56.514299 [debug] [MainThread]: Sending event: {'category': 'dbt', 'action': 'adapter_info', 'label': '44c2d735-d2a8-4fae-aba6-4bedf168a64b', 'context': [<snowplow_tracker.self_describing_json.SelfDescribingJson object at 0x0000028A891EE120>]}
[0m21:54:56.515299 [info ] [MainThread]: Registered adapter: duckdb=1.10.1
[0m21:54:56.676020 [debug] [MainThread]: checksum: f368f5348cf42803b94ef7fb8257ecf3bf9a9a16dd9c8c51fe5172f2dbeb457f, vars: {}, profile: , target: , version: 1.11.12
[0m21:54:56.739885 [info ] [MainThread]: Unable to do partial parsing because a project config has changed
[0m21:54:56.740892 [debug] [MainThread]: Sending event: {'category': 'dbt', 'action': 'partial_parser', 'label': '44c2d735-d2a8-4fae-aba6-4bedf168a64b', 'context': [<snowplow_tracker.self_describing_json.SelfDescribingJson object at 0x0000028A89062900>]}
[0m21:54:57.566845 [debug] [MainThread]: Sending event: {'category': 'dbt', 'action': 'load_project', 'label': '44c2d735-d2a8-4fae-aba6-4bedf168a64b', 'context': [<snowplow_tracker.self_describing_json.SelfDescribingJson object at 0x0000028A8B667C50>]}
[0m21:54:57.614531 [debug] [MainThread]: Wrote artifact WritableManifest to C:\Users\nekoa\project_2026\kayleet_scherbel_project_2026\edinet_growth_analysis\target\manifest.json
[0m21:54:57.616610 [debug] [MainThread]: Wrote artifact SemanticManifest to C:\Users\nekoa\project_2026\kayleet_scherbel_project_2026\edinet_growth_analysis\target\semantic_manifest.json
[0m21:54:57.624050 [debug] [MainThread]: Sending event: {'category': 'dbt', 'action': 'resource_counts', 'label': '44c2d735-d2a8-4fae-aba6-4bedf168a64b', 'context': [<snowplow_tracker.self_describing_json.SelfDescribingJson object at 0x0000028A8B6DC9E0>]}
[0m21:54:57.624050 [info ] [MainThread]: Found 2 models, 1 seed, 4 data tests, 485 macros
[0m21:54:57.626065 [debug] [MainThread]: Sending event: {'category': 'dbt', 'action': 'runnable_timing', 'label': '44c2d735-d2a8-4fae-aba6-4bedf168a64b', 'context': [<snowplow_tracker.self_describing_json.SelfDescribingJson object at 0x0000028A8B744BC0>]}
[0m21:54:57.627051 [info ] [MainThread]: 
[0m21:54:57.628557 [info ] [MainThread]: Concurrency: 1 threads (target='dev')
[0m21:54:57.630584 [info ] [MainThread]: 
[0m21:54:57.631561 [debug] [MainThread]: Acquiring new duckdb connection 'master'
[0m21:54:57.632562 [debug] [ThreadPool]: Acquiring new duckdb connection 'list_dev'
[0m21:54:57.670137 [debug] [ThreadPool]: Using duckdb connection "list_dev"
[0m21:54:57.671143 [debug] [ThreadPool]: On list_dev: /* {"app": "dbt", "dbt_version": "1.11.12", "profile_name": "edinet_growth_analysis", "target_name": "dev", "connection_name": "list_dev"} */

    
    select schema_name
    from system.information_schema.schemata
    
    where lower(catalog_name) = '"dev"'
    
  
  
[0m21:54:57.671143 [debug] [ThreadPool]: Opening a new connection, currently in state init
[0m21:54:57.681658 [debug] [ThreadPool]: SQL status: OK in 0.011 seconds
[0m21:54:57.682658 [debug] [ThreadPool]: On list_dev: Close
[0m21:54:57.683659 [debug] [ThreadPool]: Re-using an available connection from the pool (formerly list_dev, now create_dev_main)
[0m21:54:57.683659 [debug] [ThreadPool]: Creating schema "database: "dev"
schema: "main"
"
[0m21:54:57.687685 [debug] [ThreadPool]: Using duckdb connection "create_dev_main"
[0m21:54:57.687685 [debug] [ThreadPool]: On create_dev_main: /* {"app": "dbt", "dbt_version": "1.11.12", "profile_name": "edinet_growth_analysis", "target_name": "dev", "connection_name": "create_dev_main"} */

    
        select type from duckdb_databases()
        where lower(database_name)='dev'
        and type='sqlite'
    
  
[0m21:54:57.688661 [debug] [ThreadPool]: Opening a new connection, currently in state closed
[0m21:54:57.688661 [debug] [ThreadPool]: SQL status: OK in 0.001 seconds
[0m21:54:57.688661 [debug] [ThreadPool]: Using duckdb connection "create_dev_main"
[0m21:54:57.690243 [debug] [ThreadPool]: On create_dev_main: BEGIN
[0m21:54:57.690243 [debug] [ThreadPool]: SQL status: OK in 0.000 seconds
[0m21:54:57.690243 [debug] [ThreadPool]: Using duckdb connection "create_dev_main"
[0m21:54:57.691172 [debug] [ThreadPool]: On create_dev_main: /* {"app": "dbt", "dbt_version": "1.11.12", "profile_name": "edinet_growth_analysis", "target_name": "dev", "connection_name": "create_dev_main"} */

    
    
        create schema if not exists "dev"."main"
    
[0m21:54:57.691172 [debug] [ThreadPool]: SQL status: OK in 0.000 seconds
[0m21:54:57.692199 [debug] [ThreadPool]: On create_dev_main: COMMIT
[0m21:54:57.692199 [debug] [ThreadPool]: Using duckdb connection "create_dev_main"
[0m21:54:57.692199 [debug] [ThreadPool]: On create_dev_main: COMMIT
[0m21:54:57.692199 [debug] [ThreadPool]: SQL status: OK in 0.000 seconds
[0m21:54:57.693170 [debug] [ThreadPool]: On create_dev_main: Close
[0m21:54:57.699748 [debug] [ThreadPool]: Acquiring new duckdb connection 'list_dev_main'
[0m21:54:57.702743 [debug] [ThreadPool]: Using duckdb connection "list_dev_main"
[0m21:54:57.702743 [debug] [ThreadPool]: On list_dev_main: BEGIN
[0m21:54:57.702743 [debug] [ThreadPool]: Opening a new connection, currently in state init
[0m21:54:57.703743 [debug] [ThreadPool]: SQL status: OK in 0.000 seconds
[0m21:54:57.703743 [debug] [ThreadPool]: Using duckdb connection "list_dev_main"
[0m21:54:57.703743 [debug] [ThreadPool]: On list_dev_main: /* {"app": "dbt", "dbt_version": "1.11.12", "profile_name": "edinet_growth_analysis", "target_name": "dev", "connection_name": "list_dev_main"} */
select
      'dev' as database,
      table_name as name,
      table_schema as schema,
      CASE table_type
        WHEN 'BASE TABLE' THEN 'table'
        WHEN 'VIEW' THEN 'view'
        WHEN 'LOCAL TEMPORARY' THEN 'table'
        END as type
    from system.information_schema.tables
    where lower(table_schema) = 'main'
    and lower(table_catalog) = 'dev'
  
[0m21:54:57.706730 [debug] [ThreadPool]: SQL status: OK in 0.002 seconds
[0m21:54:57.707752 [debug] [ThreadPool]: On list_dev_main: ROLLBACK
[0m21:54:57.707752 [debug] [ThreadPool]: Failed to rollback 'list_dev_main'
[0m21:54:57.708744 [debug] [ThreadPool]: On list_dev_main: Close
[0m21:54:57.708744 [debug] [MainThread]: Sending event: {'category': 'dbt', 'action': 'runnable_timing', 'label': '44c2d735-d2a8-4fae-aba6-4bedf168a64b', 'context': [<snowplow_tracker.self_describing_json.SelfDescribingJson object at 0x0000028A8B6B2E40>]}
[0m21:54:57.708744 [debug] [MainThread]: Using duckdb connection "master"
[0m21:54:57.710049 [debug] [MainThread]: On master: BEGIN
[0m21:54:57.710049 [debug] [MainThread]: Opening a new connection, currently in state init
[0m21:54:57.710049 [debug] [MainThread]: SQL status: OK in 0.000 seconds
[0m21:54:57.711018 [debug] [MainThread]: On master: COMMIT
[0m21:54:57.711018 [debug] [MainThread]: Using duckdb connection "master"
[0m21:54:57.711018 [debug] [MainThread]: On master: COMMIT
[0m21:54:57.711018 [debug] [MainThread]: SQL status: OK in 0.000 seconds
[0m21:54:57.712019 [debug] [MainThread]: On master: Close
[0m21:54:57.720594 [debug] [Thread-1 (]: Began running node seed.edinet_growth_analysis.net_value_clients
[0m21:54:57.721555 [info ] [Thread-1 (]: 1 of 1 START seed file main.net_value_clients .................................. [RUN]
[0m21:54:57.722585 [debug] [Thread-1 (]: Acquiring new duckdb connection 'seed.edinet_growth_analysis.net_value_clients'
[0m21:54:57.722585 [debug] [Thread-1 (]: Began compiling node seed.edinet_growth_analysis.net_value_clients
[0m21:54:57.723555 [debug] [Thread-1 (]: Began executing node seed.edinet_growth_analysis.net_value_clients
[0m21:54:57.738572 [debug] [Thread-1 (]: Using duckdb connection "seed.edinet_growth_analysis.net_value_clients"
[0m21:54:57.739578 [debug] [Thread-1 (]: On seed.edinet_growth_analysis.net_value_clients: BEGIN
[0m21:54:57.739578 [debug] [Thread-1 (]: Opening a new connection, currently in state init
[0m21:54:57.740699 [debug] [Thread-1 (]: SQL status: OK in 0.001 seconds
[0m21:54:57.740699 [debug] [Thread-1 (]: Using duckdb connection "seed.edinet_growth_analysis.net_value_clients"
[0m21:54:57.740699 [debug] [Thread-1 (]: On seed.edinet_growth_analysis.net_value_clients: /* {"app": "dbt", "dbt_version": "1.11.12", "profile_name": "edinet_growth_analysis", "target_name": "dev", "node_id": "seed.edinet_growth_analysis.net_value_clients"} */

    create table "dev"."main"."net_value_clients" ("company" text,"doc_id" text,"relative_year" text,"net_sales_yen" integer)
  
[0m21:54:57.741704 [debug] [Thread-1 (]: SQL status: OK in 0.000 seconds
[0m21:54:57.747737 [debug] [Thread-1 (]: Using duckdb connection "seed.edinet_growth_analysis.net_value_clients"
[0m21:54:57.748705 [debug] [Thread-1 (]: On seed.edinet_growth_analysis.net_value_clients: 
          COPY "dev"."main"."net_value_clients" FROM 'C:\Users\nekoa\project_2026\kayleet_scherbel_project_2026\edinet_growth_analysis\seeds\net_value_clients.csv' (FORMAT CSV, HEADER TRUE, DELIMITER ',')
        ...
[0m21:54:57.752222 [debug] [Thread-1 (]: DuckDB adapter: duckdb error: Conversion Error: CSV Error on Line: 2
Original Line: トヨタ自動車,S100Y8NY,CurrentYear,50684952000000
Error when converting column "net_sales_yen". Could not convert string "50684952000000" to 'INTEGER'

Column net_sales_yen is being converted as type INTEGER
This type was either manually set or derived from an existing table. Select a different type to correctly parse this column.
* Check whether the null string value is set correctly (e.g., nullstr = 'N/A')

  file = C:\Users\nekoa\project_2026\kayleet_scherbel_project_2026\edinet_growth_analysis\seeds\net_value_clients.csv
  delimiter = , (Set By User)
  quote = (empty) (Auto-Detected)
  escape = (empty) (Auto-Detected)
  new_line = \r\n (Auto-Detected)
  header = true (Set By User)
  skip_rows = 0 (Auto-Detected)
  comment = (empty) (Auto-Detected)
  strict_mode = true (Auto-Detected)
  date_format =  (Auto-Detected)
  timestamp_format =  (Auto-Detected)
  null_padding = 0
  sample_size = 20480
  ignore_errors = false
  all_varchar = 0
The Column types set by the user do not match the ones found by the sniffer. 
Column at position: 3 Set type: INTEGER Sniffed type: BIGINT


[0m21:54:57.752222 [debug] [Thread-1 (]: DuckDB adapter: Error running SQL: 
          COPY "dev"."main"."net_value_clients" FROM 'C:\Users\nekoa\project_2026\kayleet_scherbel_project_2026\edinet_growth_analysis\seeds\net_value_clients.csv' (FORMAT CSV, HEADER TRUE, DELIMITER ',')
        
[0m21:54:57.752222 [debug] [Thread-1 (]: DuckDB adapter: Rolling back transaction.
[0m21:54:57.753222 [debug] [Thread-1 (]: On seed.edinet_growth_analysis.net_value_clients: ROLLBACK
[0m21:54:57.754222 [debug] [Thread-1 (]: Failed to rollback 'seed.edinet_growth_analysis.net_value_clients'
[0m21:54:57.754222 [debug] [Thread-1 (]: On seed.edinet_growth_analysis.net_value_clients: Close
[0m21:54:57.757256 [debug] [Thread-1 (]: Runtime Error in seed net_value_clients (seeds\net_value_clients.csv)
  Conversion Error: CSV Error on Line: 2
  Original Line: トヨタ自動車,S100Y8NY,CurrentYear,50684952000000
  Error when converting column "net_sales_yen". Could not convert string "50684952000000" to 'INTEGER'
  
  Column net_sales_yen is being converted as type INTEGER
  This type was either manually set or derived from an existing table. Select a different type to correctly parse this column.
  * Check whether the null string value is set correctly (e.g., nullstr = 'N/A')
  
    file = C:\Users\nekoa\project_2026\kayleet_scherbel_project_2026\edinet_growth_analysis\seeds\net_value_clients.csv
    delimiter = , (Set By User)
    quote = (empty) (Auto-Detected)
    escape = (empty) (Auto-Detected)
    new_line = \r\n (Auto-Detected)
    header = true (Set By User)
    skip_rows = 0 (Auto-Detected)
    comment = (empty) (Auto-Detected)
    strict_mode = true (Auto-Detected)
    date_format =  (Auto-Detected)
    timestamp_format =  (Auto-Detected)
    null_padding = 0
    sample_size = 20480
    ignore_errors = false
    all_varchar = 0
  The Column types set by the user do not match the ones found by the sniffer. 
  Column at position: 3 Set type: INTEGER Sniffed type: BIGINT
  
  
[0m21:54:57.757256 [debug] [Thread-1 (]: Sending event: {'category': 'dbt', 'action': 'run_model', 'label': '44c2d735-d2a8-4fae-aba6-4bedf168a64b', 'context': [<snowplow_tracker.self_describing_json.SelfDescribingJson object at 0x0000028A8B5A82C0>]}
[0m21:54:57.758798 [error] [Thread-1 (]: 1 of 1 ERROR loading seed file main.net_value_clients .......................... [[31mERROR[0m in 0.03s]
[0m21:54:57.759810 [debug] [Thread-1 (]: Finished running node seed.edinet_growth_analysis.net_value_clients
[0m21:54:57.760810 [debug] [Thread-4 (]: Marking all children of 'seed.edinet_growth_analysis.net_value_clients' to be skipped because of status 'error'.  Reason: Runtime Error in seed net_value_clients (seeds\net_value_clients.csv)
  Conversion Error: CSV Error on Line: 2
  Original Line: トヨタ自動車,S100Y8NY,CurrentYear,50684952000000
  Error when converting column "net_sales_yen". Could not convert string "50684952000000" to 'INTEGER'
  
  Column net_sales_yen is being converted as type INTEGER
  This type was either manually set or derived from an existing table. Select a different type to correctly parse this column.
  * Check whether the null string value is set correctly (e.g., nullstr = 'N/A')
  
    file = C:\Users\nekoa\project_2026\kayleet_scherbel_project_2026\edinet_growth_analysis\seeds\net_value_clients.csv
    delimiter = , (Set By User)
    quote = (empty) (Auto-Detected)
    escape = (empty) (Auto-Detected)
    new_line = \r\n (Auto-Detected)
    header = true (Set By User)
    skip_rows = 0 (Auto-Detected)
    comment = (empty) (Auto-Detected)
    strict_mode = true (Auto-Detected)
    date_format =  (Auto-Detected)
    timestamp_format =  (Auto-Detected)
    null_padding = 0
    sample_size = 20480
    ignore_errors = false
    all_varchar = 0
  The Column types set by the user do not match the ones found by the sniffer. 
  Column at position: 3 Set type: INTEGER Sniffed type: BIGINT
  
  .
[0m21:54:57.761811 [debug] [MainThread]: Using duckdb connection "master"
[0m21:54:57.761811 [debug] [MainThread]: On master: BEGIN
[0m21:54:57.761811 [debug] [MainThread]: Opening a new connection, currently in state closed
[0m21:54:57.762808 [debug] [MainThread]: SQL status: OK in 0.000 seconds
[0m21:54:57.762808 [debug] [MainThread]: On master: COMMIT
[0m21:54:57.762808 [debug] [MainThread]: Using duckdb connection "master"
[0m21:54:57.763810 [debug] [MainThread]: On master: COMMIT
[0m21:54:57.763810 [debug] [MainThread]: SQL status: OK in 0.000 seconds
[0m21:54:57.763810 [debug] [MainThread]: On master: Close
[0m21:54:57.764810 [debug] [MainThread]: Connection 'master' was properly closed.
[0m21:54:57.764810 [debug] [MainThread]: Connection 'create_dev_main' was properly closed.
[0m21:54:57.764810 [debug] [MainThread]: Connection 'list_dev_main' was properly closed.
[0m21:54:57.764810 [debug] [MainThread]: Connection 'seed.edinet_growth_analysis.net_value_clients' was properly closed.
[0m21:54:57.764810 [info ] [MainThread]: 
[0m21:54:57.766859 [info ] [MainThread]: Finished running 1 seed in 0 hours 0 minutes and 0.13 seconds (0.13s).
[0m21:54:57.767811 [debug] [MainThread]: Command end result
[0m21:54:57.818811 [debug] [MainThread]: Wrote artifact WritableManifest to C:\Users\nekoa\project_2026\kayleet_scherbel_project_2026\edinet_growth_analysis\target\manifest.json
[0m21:54:57.820820 [debug] [MainThread]: Wrote artifact SemanticManifest to C:\Users\nekoa\project_2026\kayleet_scherbel_project_2026\edinet_growth_analysis\target\semantic_manifest.json
[0m21:54:57.824819 [debug] [MainThread]: Wrote artifact RunExecutionResult to C:\Users\nekoa\project_2026\kayleet_scherbel_project_2026\edinet_growth_analysis\target\run_results.json
[0m21:54:57.825821 [info ] [MainThread]: 
[0m21:54:57.827844 [info ] [MainThread]: [31mCompleted with 1 error, 0 partial successes, and 0 warnings:[0m
[0m21:54:57.829396 [info ] [MainThread]: 
[0m21:54:57.831414 [error] [MainThread]: [31mFailure in seed net_value_clients (seeds\net_value_clients.csv)[0m
[0m21:54:57.833401 [error] [MainThread]:   Runtime Error in seed net_value_clients (seeds\net_value_clients.csv)
  Conversion Error: CSV Error on Line: 2
  Original Line: トヨタ自動車,S100Y8NY,CurrentYear,50684952000000
  Error when converting column "net_sales_yen". Could not convert string "50684952000000" to 'INTEGER'
  
  Column net_sales_yen is being converted as type INTEGER
  This type was either manually set or derived from an existing table. Select a different type to correctly parse this column.
  * Check whether the null string value is set correctly (e.g., nullstr = 'N/A')
  
    file = C:\Users\nekoa\project_2026\kayleet_scherbel_project_2026\edinet_growth_analysis\seeds\net_value_clients.csv
    delimiter = , (Set By User)
    quote = (empty) (Auto-Detected)
    escape = (empty) (Auto-Detected)
    new_line = \r\n (Auto-Detected)
    header = true (Set By User)
    skip_rows = 0 (Auto-Detected)
    comment = (empty) (Auto-Detected)
    strict_mode = true (Auto-Detected)
    date_format =  (Auto-Detected)
    timestamp_format =  (Auto-Detected)
    null_padding = 0
    sample_size = 20480
    ignore_errors = false
    all_varchar = 0
  The Column types set by the user do not match the ones found by the sniffer. 
  Column at position: 3 Set type: INTEGER Sniffed type: BIGINT
  
  
[0m21:54:57.835402 [info ] [MainThread]: 
[0m21:54:57.839497 [info ] [MainThread]: Done. PASS=0 WARN=0 ERROR=1 SKIP=0 NO-OP=0 TOTAL=1
[0m21:54:57.841495 [debug] [MainThread]: Command `dbt seed` failed at 21:54:57.841495 after 1.72 seconds
[0m21:54:57.841495 [debug] [MainThread]: Sending event: {'category': 'dbt', 'action': 'invocation', 'label': 'end', 'context': [<snowplow_tracker.self_describing_json.SelfDescribingJson object at 0x0000028A86B692B0>, <snowplow_tracker.self_describing_json.SelfDescribingJson object at 0x0000028A86B6AB40>, <snowplow_tracker.self_describing_json.SelfDescribingJson object at 0x0000028A88D6ECF0>]}
[0m21:54:57.842481 [debug] [MainThread]: Flushing usage events
[0m21:54:58.837440 [debug] [MainThread]: An error was encountered while trying to flush usage events
[0m21:58:52.288628 [debug] [MainThread]: Sending event: {'category': 'dbt', 'action': 'invocation', 'label': 'start', 'context': [<snowplow_tracker.self_describing_json.SelfDescribingJson object at 0x000001CA8D6324E0>, <snowplow_tracker.self_describing_json.SelfDescribingJson object at 0x000001CA8ACA9E20>, <snowplow_tracker.self_describing_json.SelfDescribingJson object at 0x000001CA8CAD24E0>]}


============================== 21:58:52.291789 | 7e292a3c-873e-4d50-a0f3-11b4180438e0 ==============================
[0m21:58:52.291789 [info ] [MainThread]: Running with dbt=1.11.12
[0m21:58:52.292788 [debug] [MainThread]: running dbt with arguments {'version_check': 'True', 'no_print': 'None', 'static_parser': 'True', 'target_path': 'None', 'warn_error_options': 'WarnErrorOptionsV2(error=[], warn=[], silence=[])', 'printer_width': '80', 'write_json': 'True', 'empty': 'None', 'log_cache_events': 'False', 'introspect': 'True', 'cache_selected_only': 'False', 'fail_fast': 'False', 'debug': 'False', 'log_format': 'default', 'profiles_dir': 'C:\\Users\\nekoa\\.dbt', 'send_anonymous_usage_stats': 'True', 'quiet': 'False', 'warn_error': 'None', 'partial_parse': 'True', 'invocation_command': 'dbt clean', 'indirect_selection': 'eager', 'use_colors': 'True', 'use_experimental_parser': 'False', 'log_path': 'C:\\Users\\nekoa\\project_2026\\kayleet_scherbel_project_2026\\edinet_growth_analysis\\logs'}
[0m21:58:52.294788 [warn ] [MainThread]: [[33mWARNING[0m][CustomKeyInConfigDeprecation]: Deprecated functionality
Custom key `net_sales_yen` found in `config` at path
`+config.column_types.net_sales_yen` in file `C:\Users\nekoa\project_2026\kaylee
t_scherbel_project_2026\edinet_growth_analysis\dbt_project.yml`. Custom config
keys should move into the `config.meta`.
[0m21:58:52.296805 [debug] [MainThread]: Sending event: {'category': 'dbt', 'action': 'deprecation', 'label': '7e292a3c-873e-4d50-a0f3-11b4180438e0', 'property_': 'warn', 'context': [<snowplow_tracker.self_describing_json.SelfDescribingJson object at 0x000001CA8CC3F260>]}
[0m21:58:52.375939 [debug] [MainThread]: Sending event: {'category': 'dbt', 'action': 'project_id', 'label': '7e292a3c-873e-4d50-a0f3-11b4180438e0', 'context': [<snowplow_tracker.self_describing_json.SelfDescribingJson object at 0x000001CA8E8BF920>]}
[0m21:58:52.395982 [warn ] [MainThread]: [[33mWARNING[0m][DeprecationsSummary]: Deprecated functionality
Summary of encountered deprecations:
- CustomKeyInConfigDeprecation: 1 occurrence
To see all deprecation instances instead of just the first occurrence of each,
run command again with the `--show-all-deprecations` flag. You may also need to
run with `--no-partial-parse` as some deprecations are only encountered during
parsing.
[0m21:58:52.397997 [debug] [MainThread]: Command `dbt clean` succeeded at 21:58:52.397997 after 0.34 seconds
[0m21:58:52.397997 [debug] [MainThread]: Sending event: {'category': 'dbt', 'action': 'invocation', 'label': 'end', 'context': [<snowplow_tracker.self_describing_json.SelfDescribingJson object at 0x000001CA8D09FE30>, <snowplow_tracker.self_describing_json.SelfDescribingJson object at 0x000001CA8D02C680>, <snowplow_tracker.self_describing_json.SelfDescribingJson object at 0x000001CA8CC3F260>]}
[0m21:58:52.399030 [debug] [MainThread]: Flushing usage events
[0m21:58:53.371527 [debug] [MainThread]: An error was encountered while trying to flush usage events
[0m21:58:57.809951 [debug] [MainThread]: Sending event: {'category': 'dbt', 'action': 'invocation', 'label': 'start', 'context': [<snowplow_tracker.self_describing_json.SelfDescribingJson object at 0x00000272E4CD1A60>, <snowplow_tracker.self_describing_json.SelfDescribingJson object at 0x00000272E2F6E5D0>, <snowplow_tracker.self_describing_json.SelfDescribingJson object at 0x00000272E2F383B0>]}


============================== 21:58:57.812966 | 2dde5485-1ec3-4c4f-840c-ac73c18fa1a5 ==============================
[0m21:58:57.812966 [info ] [MainThread]: Running with dbt=1.11.12
[0m21:58:57.814968 [debug] [MainThread]: running dbt with arguments {'static_parser': 'True', 'no_print': 'None', 'version_check': 'True', 'target_path': 'None', 'warn_error_options': 'WarnErrorOptionsV2(error=[], warn=[], silence=[])', 'printer_width': '80', 'write_json': 'True', 'empty': 'None', 'log_cache_events': 'False', 'introspect': 'True', 'cache_selected_only': 'False', 'fail_fast': 'False', 'debug': 'False', 'log_format': 'default', 'partial_parse': 'True', 'send_anonymous_usage_stats': 'True', 'quiet': 'False', 'warn_error': 'None', 'profiles_dir': 'C:\\Users\\nekoa\\.dbt', 'indirect_selection': 'eager', 'use_colors': 'True', 'invocation_command': 'dbt seed', 'use_experimental_parser': 'False', 'log_path': 'C:\\Users\\nekoa\\project_2026\\kayleet_scherbel_project_2026\\edinet_growth_analysis\\logs'}
[0m21:58:57.962113 [debug] [MainThread]: Sending event: {'category': 'dbt', 'action': 'project_id', 'label': '2dde5485-1ec3-4c4f-840c-ac73c18fa1a5', 'context': [<snowplow_tracker.self_describing_json.SelfDescribingJson object at 0x00000272E4F3B3B0>]}
[0m21:58:58.003601 [debug] [MainThread]: Sending event: {'category': 'dbt', 'action': 'adapter_info', 'label': '2dde5485-1ec3-4c4f-840c-ac73c18fa1a5', 'context': [<snowplow_tracker.self_describing_json.SelfDescribingJson object at 0x00000272E5404980>]}
[0m21:58:58.005530 [info ] [MainThread]: Registered adapter: duckdb=1.10.1
[0m21:58:58.159512 [debug] [MainThread]: checksum: f368f5348cf42803b94ef7fb8257ecf3bf9a9a16dd9c8c51fe5172f2dbeb457f, vars: {}, profile: , target: , version: 1.11.12
[0m21:58:58.160512 [info ] [MainThread]: Unable to do partial parsing because saved manifest not found. Starting full parse.
[0m21:58:58.160512 [debug] [MainThread]: Sending event: {'category': 'dbt', 'action': 'partial_parser', 'label': '2dde5485-1ec3-4c4f-840c-ac73c18fa1a5', 'context': [<snowplow_tracker.self_describing_json.SelfDescribingJson object at 0x00000272E4D0A0C0>]}
[0m21:58:58.991946 [debug] [MainThread]: Sending event: {'category': 'dbt', 'action': 'load_project', 'label': '2dde5485-1ec3-4c4f-840c-ac73c18fa1a5', 'context': [<snowplow_tracker.self_describing_json.SelfDescribingJson object at 0x00000272E5A2EFF0>]}
[0m21:58:59.042766 [debug] [MainThread]: Wrote artifact WritableManifest to C:\Users\nekoa\project_2026\kayleet_scherbel_project_2026\edinet_growth_analysis\target\manifest.json
[0m21:58:59.044826 [debug] [MainThread]: Wrote artifact SemanticManifest to C:\Users\nekoa\project_2026\kayleet_scherbel_project_2026\edinet_growth_analysis\target\semantic_manifest.json
[0m21:58:59.052415 [debug] [MainThread]: Sending event: {'category': 'dbt', 'action': 'resource_counts', 'label': '2dde5485-1ec3-4c4f-840c-ac73c18fa1a5', 'context': [<snowplow_tracker.self_describing_json.SelfDescribingJson object at 0x00000272E5C2D670>]}
[0m21:58:59.052415 [info ] [MainThread]: Found 2 models, 1 seed, 4 data tests, 485 macros
[0m21:58:59.053363 [debug] [MainThread]: Sending event: {'category': 'dbt', 'action': 'runnable_timing', 'label': '2dde5485-1ec3-4c4f-840c-ac73c18fa1a5', 'context': [<snowplow_tracker.self_describing_json.SelfDescribingJson object at 0x00000272E59C2A50>]}
[0m21:58:59.054381 [info ] [MainThread]: 
[0m21:58:59.055380 [info ] [MainThread]: Concurrency: 1 threads (target='dev')
[0m21:58:59.056386 [info ] [MainThread]: 
[0m21:58:59.059044 [debug] [MainThread]: Acquiring new duckdb connection 'master'
[0m21:58:59.061097 [debug] [ThreadPool]: Acquiring new duckdb connection 'list_dev'
[0m21:58:59.099362 [debug] [ThreadPool]: Using duckdb connection "list_dev"
[0m21:58:59.099362 [debug] [ThreadPool]: On list_dev: /* {"app": "dbt", "dbt_version": "1.11.12", "profile_name": "edinet_growth_analysis", "target_name": "dev", "connection_name": "list_dev"} */

    
    select schema_name
    from system.information_schema.schemata
    
    where lower(catalog_name) = '"dev"'
    
  
  
[0m21:58:59.099362 [debug] [ThreadPool]: Opening a new connection, currently in state init
[0m21:58:59.110920 [debug] [ThreadPool]: SQL status: OK in 0.011 seconds
[0m21:58:59.110920 [debug] [ThreadPool]: On list_dev: Close
[0m21:58:59.111917 [debug] [ThreadPool]: Re-using an available connection from the pool (formerly list_dev, now create_dev_main)
[0m21:58:59.111917 [debug] [ThreadPool]: Creating schema "database: "dev"
schema: "main"
"
[0m21:58:59.115959 [debug] [ThreadPool]: Using duckdb connection "create_dev_main"
[0m21:58:59.116959 [debug] [ThreadPool]: On create_dev_main: /* {"app": "dbt", "dbt_version": "1.11.12", "profile_name": "edinet_growth_analysis", "target_name": "dev", "connection_name": "create_dev_main"} */

    
        select type from duckdb_databases()
        where lower(database_name)='dev'
        and type='sqlite'
    
  
[0m21:58:59.116959 [debug] [ThreadPool]: Opening a new connection, currently in state closed
[0m21:58:59.117973 [debug] [ThreadPool]: SQL status: OK in 0.001 seconds
[0m21:58:59.117973 [debug] [ThreadPool]: Using duckdb connection "create_dev_main"
[0m21:58:59.119000 [debug] [ThreadPool]: On create_dev_main: BEGIN
[0m21:58:59.119547 [debug] [ThreadPool]: SQL status: OK in 0.000 seconds
[0m21:58:59.119547 [debug] [ThreadPool]: Using duckdb connection "create_dev_main"
[0m21:58:59.119547 [debug] [ThreadPool]: On create_dev_main: /* {"app": "dbt", "dbt_version": "1.11.12", "profile_name": "edinet_growth_analysis", "target_name": "dev", "connection_name": "create_dev_main"} */

    
    
        create schema if not exists "dev"."main"
    
[0m21:58:59.119547 [debug] [ThreadPool]: SQL status: OK in 0.000 seconds
[0m21:58:59.120548 [debug] [ThreadPool]: On create_dev_main: COMMIT
[0m21:58:59.120548 [debug] [ThreadPool]: Using duckdb connection "create_dev_main"
[0m21:58:59.120548 [debug] [ThreadPool]: On create_dev_main: COMMIT
[0m21:58:59.121584 [debug] [ThreadPool]: SQL status: OK in 0.000 seconds
[0m21:58:59.121584 [debug] [ThreadPool]: On create_dev_main: Close
[0m21:58:59.125581 [debug] [ThreadPool]: Acquiring new duckdb connection 'list_dev_main'
[0m21:58:59.129103 [debug] [ThreadPool]: Using duckdb connection "list_dev_main"
[0m21:58:59.129103 [debug] [ThreadPool]: On list_dev_main: BEGIN
[0m21:58:59.129103 [debug] [ThreadPool]: Opening a new connection, currently in state init
[0m21:58:59.130132 [debug] [ThreadPool]: SQL status: OK in 0.000 seconds
[0m21:58:59.130132 [debug] [ThreadPool]: Using duckdb connection "list_dev_main"
[0m21:58:59.130132 [debug] [ThreadPool]: On list_dev_main: /* {"app": "dbt", "dbt_version": "1.11.12", "profile_name": "edinet_growth_analysis", "target_name": "dev", "connection_name": "list_dev_main"} */
select
      'dev' as database,
      table_name as name,
      table_schema as schema,
      CASE table_type
        WHEN 'BASE TABLE' THEN 'table'
        WHEN 'VIEW' THEN 'view'
        WHEN 'LOCAL TEMPORARY' THEN 'table'
        END as type
    from system.information_schema.tables
    where lower(table_schema) = 'main'
    and lower(table_catalog) = 'dev'
  
[0m21:58:59.132120 [debug] [ThreadPool]: SQL status: OK in 0.002 seconds
[0m21:58:59.133110 [debug] [ThreadPool]: On list_dev_main: ROLLBACK
[0m21:58:59.134113 [debug] [ThreadPool]: Failed to rollback 'list_dev_main'
[0m21:58:59.134113 [debug] [ThreadPool]: On list_dev_main: Close
[0m21:58:59.135190 [debug] [MainThread]: Sending event: {'category': 'dbt', 'action': 'runnable_timing', 'label': '2dde5485-1ec3-4c4f-840c-ac73c18fa1a5', 'context': [<snowplow_tracker.self_describing_json.SelfDescribingJson object at 0x00000272E5A4EF60>]}
[0m21:58:59.135190 [debug] [MainThread]: Using duckdb connection "master"
[0m21:58:59.135190 [debug] [MainThread]: On master: BEGIN
[0m21:58:59.136110 [debug] [MainThread]: Opening a new connection, currently in state init
[0m21:58:59.136110 [debug] [MainThread]: SQL status: OK in 0.000 seconds
[0m21:58:59.136110 [debug] [MainThread]: On master: COMMIT
[0m21:58:59.136110 [debug] [MainThread]: Using duckdb connection "master"
[0m21:58:59.137124 [debug] [MainThread]: On master: COMMIT
[0m21:58:59.137124 [debug] [MainThread]: SQL status: OK in 0.000 seconds
[0m21:58:59.137124 [debug] [MainThread]: On master: Close
[0m21:58:59.142675 [debug] [Thread-1 (]: Began running node seed.edinet_growth_analysis.net_value_clients
[0m21:58:59.142675 [info ] [Thread-1 (]: 1 of 1 START seed file main.net_value_clients .................................. [RUN]
[0m21:58:59.144675 [debug] [Thread-1 (]: Acquiring new duckdb connection 'seed.edinet_growth_analysis.net_value_clients'
[0m21:58:59.144675 [debug] [Thread-1 (]: Began compiling node seed.edinet_growth_analysis.net_value_clients
[0m21:58:59.145690 [debug] [Thread-1 (]: Began executing node seed.edinet_growth_analysis.net_value_clients
[0m21:58:59.160774 [debug] [Thread-1 (]: Using duckdb connection "seed.edinet_growth_analysis.net_value_clients"
[0m21:58:59.160774 [debug] [Thread-1 (]: On seed.edinet_growth_analysis.net_value_clients: BEGIN
[0m21:58:59.161759 [debug] [Thread-1 (]: Opening a new connection, currently in state init
[0m21:58:59.161759 [debug] [Thread-1 (]: SQL status: OK in 0.001 seconds
[0m21:58:59.162755 [debug] [Thread-1 (]: Using duckdb connection "seed.edinet_growth_analysis.net_value_clients"
[0m21:58:59.162755 [debug] [Thread-1 (]: On seed.edinet_growth_analysis.net_value_clients: /* {"app": "dbt", "dbt_version": "1.11.12", "profile_name": "edinet_growth_analysis", "target_name": "dev", "node_id": "seed.edinet_growth_analysis.net_value_clients"} */

    create table "dev"."main"."net_value_clients" ("company" text,"doc_id" text,"relative_year" text,"net_sales_yen" integer)
  
[0m21:58:59.163755 [debug] [Thread-1 (]: SQL status: OK in 0.000 seconds
[0m21:58:59.169290 [debug] [Thread-1 (]: Using duckdb connection "seed.edinet_growth_analysis.net_value_clients"
[0m21:58:59.169290 [debug] [Thread-1 (]: On seed.edinet_growth_analysis.net_value_clients: 
          COPY "dev"."main"."net_value_clients" FROM 'C:\Users\nekoa\project_2026\kayleet_scherbel_project_2026\edinet_growth_analysis\seeds\net_value_clients.csv' (FORMAT CSV, HEADER TRUE, DELIMITER ',')
        ...
[0m21:58:59.173282 [debug] [Thread-1 (]: DuckDB adapter: duckdb error: Conversion Error: CSV Error on Line: 2
Original Line: トヨタ自動車,S100Y8NY,CurrentYear,50684952000000
Error when converting column "net_sales_yen". Could not convert string "50684952000000" to 'INTEGER'

Column net_sales_yen is being converted as type INTEGER
This type was either manually set or derived from an existing table. Select a different type to correctly parse this column.
* Check whether the null string value is set correctly (e.g., nullstr = 'N/A')

  file = C:\Users\nekoa\project_2026\kayleet_scherbel_project_2026\edinet_growth_analysis\seeds\net_value_clients.csv
  delimiter = , (Set By User)
  quote = (empty) (Auto-Detected)
  escape = (empty) (Auto-Detected)
  new_line = \r\n (Auto-Detected)
  header = true (Set By User)
  skip_rows = 0 (Auto-Detected)
  comment = (empty) (Auto-Detected)
  strict_mode = true (Auto-Detected)
  date_format =  (Auto-Detected)
  timestamp_format =  (Auto-Detected)
  null_padding = 0
  sample_size = 20480
  ignore_errors = false
  all_varchar = 0
The Column types set by the user do not match the ones found by the sniffer. 
Column at position: 3 Set type: INTEGER Sniffed type: BIGINT


[0m21:58:59.173282 [debug] [Thread-1 (]: DuckDB adapter: Error running SQL: 
          COPY "dev"."main"."net_value_clients" FROM 'C:\Users\nekoa\project_2026\kayleet_scherbel_project_2026\edinet_growth_analysis\seeds\net_value_clients.csv' (FORMAT CSV, HEADER TRUE, DELIMITER ',')
        
[0m21:58:59.174308 [debug] [Thread-1 (]: DuckDB adapter: Rolling back transaction.
[0m21:58:59.174308 [debug] [Thread-1 (]: On seed.edinet_growth_analysis.net_value_clients: ROLLBACK
[0m21:58:59.175283 [debug] [Thread-1 (]: Failed to rollback 'seed.edinet_growth_analysis.net_value_clients'
[0m21:58:59.176299 [debug] [Thread-1 (]: On seed.edinet_growth_analysis.net_value_clients: Close
[0m21:58:59.178820 [debug] [Thread-1 (]: Runtime Error in seed net_value_clients (seeds\net_value_clients.csv)
  Conversion Error: CSV Error on Line: 2
  Original Line: トヨタ自動車,S100Y8NY,CurrentYear,50684952000000
  Error when converting column "net_sales_yen". Could not convert string "50684952000000" to 'INTEGER'
  
  Column net_sales_yen is being converted as type INTEGER
  This type was either manually set or derived from an existing table. Select a different type to correctly parse this column.
  * Check whether the null string value is set correctly (e.g., nullstr = 'N/A')
  
    file = C:\Users\nekoa\project_2026\kayleet_scherbel_project_2026\edinet_growth_analysis\seeds\net_value_clients.csv
    delimiter = , (Set By User)
    quote = (empty) (Auto-Detected)
    escape = (empty) (Auto-Detected)
    new_line = \r\n (Auto-Detected)
    header = true (Set By User)
    skip_rows = 0 (Auto-Detected)
    comment = (empty) (Auto-Detected)
    strict_mode = true (Auto-Detected)
    date_format =  (Auto-Detected)
    timestamp_format =  (Auto-Detected)
    null_padding = 0
    sample_size = 20480
    ignore_errors = false
    all_varchar = 0
  The Column types set by the user do not match the ones found by the sniffer. 
  Column at position: 3 Set type: INTEGER Sniffed type: BIGINT
  
  
[0m21:58:59.179850 [debug] [Thread-1 (]: Sending event: {'category': 'dbt', 'action': 'run_model', 'label': '2dde5485-1ec3-4c4f-840c-ac73c18fa1a5', 'context': [<snowplow_tracker.self_describing_json.SelfDescribingJson object at 0x00000272E5AA30B0>]}
[0m21:58:59.179850 [error] [Thread-1 (]: 1 of 1 ERROR loading seed file main.net_value_clients .......................... [[31mERROR[0m in 0.03s]
[0m21:58:59.181850 [debug] [Thread-1 (]: Finished running node seed.edinet_growth_analysis.net_value_clients
[0m21:58:59.182834 [debug] [Thread-4 (]: Marking all children of 'seed.edinet_growth_analysis.net_value_clients' to be skipped because of status 'error'.  Reason: Runtime Error in seed net_value_clients (seeds\net_value_clients.csv)
  Conversion Error: CSV Error on Line: 2
  Original Line: トヨタ自動車,S100Y8NY,CurrentYear,50684952000000
  Error when converting column "net_sales_yen". Could not convert string "50684952000000" to 'INTEGER'
  
  Column net_sales_yen is being converted as type INTEGER
  This type was either manually set or derived from an existing table. Select a different type to correctly parse this column.
  * Check whether the null string value is set correctly (e.g., nullstr = 'N/A')
  
    file = C:\Users\nekoa\project_2026\kayleet_scherbel_project_2026\edinet_growth_analysis\seeds\net_value_clients.csv
    delimiter = , (Set By User)
    quote = (empty) (Auto-Detected)
    escape = (empty) (Auto-Detected)
    new_line = \r\n (Auto-Detected)
    header = true (Set By User)
    skip_rows = 0 (Auto-Detected)
    comment = (empty) (Auto-Detected)
    strict_mode = true (Auto-Detected)
    date_format =  (Auto-Detected)
    timestamp_format =  (Auto-Detected)
    null_padding = 0
    sample_size = 20480
    ignore_errors = false
    all_varchar = 0
  The Column types set by the user do not match the ones found by the sniffer. 
  Column at position: 3 Set type: INTEGER Sniffed type: BIGINT
  
  .
[0m21:58:59.183832 [debug] [MainThread]: Using duckdb connection "master"
[0m21:58:59.184851 [debug] [MainThread]: On master: BEGIN
[0m21:58:59.184851 [debug] [MainThread]: Opening a new connection, currently in state closed
[0m21:58:59.184851 [debug] [MainThread]: SQL status: OK in 0.000 seconds
[0m21:58:59.185833 [debug] [MainThread]: On master: COMMIT
[0m21:58:59.185833 [debug] [MainThread]: Using duckdb connection "master"
[0m21:58:59.185833 [debug] [MainThread]: On master: COMMIT
[0m21:58:59.185833 [debug] [MainThread]: SQL status: OK in 0.000 seconds
[0m21:58:59.186832 [debug] [MainThread]: On master: Close
[0m21:58:59.186832 [debug] [MainThread]: Connection 'master' was properly closed.
[0m21:58:59.186832 [debug] [MainThread]: Connection 'create_dev_main' was properly closed.
[0m21:58:59.186832 [debug] [MainThread]: Connection 'list_dev_main' was properly closed.
[0m21:58:59.186832 [debug] [MainThread]: Connection 'seed.edinet_growth_analysis.net_value_clients' was properly closed.
[0m21:58:59.186832 [info ] [MainThread]: 
[0m21:58:59.188351 [info ] [MainThread]: Finished running 1 seed in 0 hours 0 minutes and 0.13 seconds (0.13s).
[0m21:58:59.191018 [debug] [MainThread]: Command end result
[0m21:58:59.207153 [debug] [MainThread]: Wrote artifact WritableManifest to C:\Users\nekoa\project_2026\kayleet_scherbel_project_2026\edinet_growth_analysis\target\manifest.json
[0m21:58:59.209663 [debug] [MainThread]: Wrote artifact SemanticManifest to C:\Users\nekoa\project_2026\kayleet_scherbel_project_2026\edinet_growth_analysis\target\semantic_manifest.json
[0m21:58:59.213663 [debug] [MainThread]: Wrote artifact RunExecutionResult to C:\Users\nekoa\project_2026\kayleet_scherbel_project_2026\edinet_growth_analysis\target\run_results.json
[0m21:58:59.213663 [info ] [MainThread]: 
[0m21:58:59.214683 [info ] [MainThread]: [31mCompleted with 1 error, 0 partial successes, and 0 warnings:[0m
[0m21:58:59.216663 [info ] [MainThread]: 
[0m21:58:59.217698 [error] [MainThread]: [31mFailure in seed net_value_clients (seeds\net_value_clients.csv)[0m
[0m21:58:59.219231 [error] [MainThread]:   Runtime Error in seed net_value_clients (seeds\net_value_clients.csv)
  Conversion Error: CSV Error on Line: 2
  Original Line: トヨタ自動車,S100Y8NY,CurrentYear,50684952000000
  Error when converting column "net_sales_yen". Could not convert string "50684952000000" to 'INTEGER'
  
  Column net_sales_yen is being converted as type INTEGER
  This type was either manually set or derived from an existing table. Select a different type to correctly parse this column.
  * Check whether the null string value is set correctly (e.g., nullstr = 'N/A')
  
    file = C:\Users\nekoa\project_2026\kayleet_scherbel_project_2026\edinet_growth_analysis\seeds\net_value_clients.csv
    delimiter = , (Set By User)
    quote = (empty) (Auto-Detected)
    escape = (empty) (Auto-Detected)
    new_line = \r\n (Auto-Detected)
    header = true (Set By User)
    skip_rows = 0 (Auto-Detected)
    comment = (empty) (Auto-Detected)
    strict_mode = true (Auto-Detected)
    date_format =  (Auto-Detected)
    timestamp_format =  (Auto-Detected)
    null_padding = 0
    sample_size = 20480
    ignore_errors = false
    all_varchar = 0
  The Column types set by the user do not match the ones found by the sniffer. 
  Column at position: 3 Set type: INTEGER Sniffed type: BIGINT
  
  
[0m21:58:59.221262 [info ] [MainThread]: 
[0m21:58:59.223254 [info ] [MainThread]: Done. PASS=0 WARN=0 ERROR=1 SKIP=0 NO-OP=0 TOTAL=1
[0m21:58:59.225264 [debug] [MainThread]: Command `dbt seed` failed at 21:58:59.225264 after 1.54 seconds
[0m21:58:59.226254 [debug] [MainThread]: Sending event: {'category': 'dbt', 'action': 'invocation', 'label': 'end', 'context': [<snowplow_tracker.self_describing_json.SelfDescribingJson object at 0x00000272E4CAF8F0>, <snowplow_tracker.self_describing_json.SelfDescribingJson object at 0x00000272E3041340>, <snowplow_tracker.self_describing_json.SelfDescribingJson object at 0x00000272E3040FE0>]}
[0m21:58:59.226254 [debug] [MainThread]: Flushing usage events
[0m21:59:00.217959 [debug] [MainThread]: An error was encountered while trying to flush usage events
[0m21:59:35.757120 [debug] [MainThread]: Sending event: {'category': 'dbt', 'action': 'invocation', 'label': 'start', 'context': [<snowplow_tracker.self_describing_json.SelfDescribingJson object at 0x000001BCCB152A20>, <snowplow_tracker.self_describing_json.SelfDescribingJson object at 0x000001BCCB0C63C0>, <snowplow_tracker.self_describing_json.SelfDescribingJson object at 0x000001BCCB664CB0>]}


============================== 21:59:35.759630 | c66ea781-d92c-4aab-93a3-28ef54d85f37 ==============================
[0m21:59:35.759630 [info ] [MainThread]: Running with dbt=1.11.12
[0m21:59:35.759630 [debug] [MainThread]: running dbt with arguments {'static_parser': 'True', 'no_print': 'None', 'version_check': 'True', 'warn_error_options': 'WarnErrorOptionsV2(error=[], warn=[], silence=[])', 'target_path': 'None', 'printer_width': '80', 'write_json': 'True', 'introspect': 'True', 'log_cache_events': 'False', 'empty': 'None', 'cache_selected_only': 'False', 'log_format': 'default', 'debug': 'False', 'fail_fast': 'False', 'profiles_dir': 'C:\\Users\\nekoa\\.dbt', 'send_anonymous_usage_stats': 'True', 'quiet': 'False', 'warn_error': 'None', 'partial_parse': 'True', 'use_colors': 'True', 'indirect_selection': 'eager', 'invocation_command': 'dbt clean', 'use_experimental_parser': 'False', 'log_path': 'C:\\Users\\nekoa\\project_2026\\kayleet_scherbel_project_2026\\edinet_growth_analysis\\logs'}
[0m21:59:35.761632 [warn ] [MainThread]: [[33mWARNING[0m][CustomKeyInConfigDeprecation]: Deprecated functionality
Custom key `net_sales_yen` found in `config` at path
`+config.column_types.net_sales_yen` in file `C:\Users\nekoa\project_2026\kaylee
t_scherbel_project_2026\edinet_growth_analysis\dbt_project.yml`. Custom config
keys should move into the `config.meta`.
[0m21:59:35.762638 [debug] [MainThread]: Sending event: {'category': 'dbt', 'action': 'deprecation', 'label': 'c66ea781-d92c-4aab-93a3-28ef54d85f37', 'property_': 'warn', 'context': [<snowplow_tracker.self_describing_json.SelfDescribingJson object at 0x000001BCCB1A4230>]}
[0m21:59:35.842723 [debug] [MainThread]: Sending event: {'category': 'dbt', 'action': 'project_id', 'label': 'c66ea781-d92c-4aab-93a3-28ef54d85f37', 'context': [<snowplow_tracker.self_describing_json.SelfDescribingJson object at 0x000001BCC8BFEC00>]}
[0m21:59:35.855660 [warn ] [MainThread]: [[33mWARNING[0m][DeprecationsSummary]: Deprecated functionality
Summary of encountered deprecations:
- CustomKeyInConfigDeprecation: 1 occurrence
To see all deprecation instances instead of just the first occurrence of each,
run command again with the `--show-all-deprecations` flag. You may also need to
run with `--no-partial-parse` as some deprecations are only encountered during
parsing.
[0m21:59:35.856826 [debug] [MainThread]: Command `dbt clean` succeeded at 21:59:35.856826 after 0.20 seconds
[0m21:59:35.856826 [debug] [MainThread]: Sending event: {'category': 'dbt', 'action': 'invocation', 'label': 'end', 'context': [<snowplow_tracker.self_describing_json.SelfDescribingJson object at 0x000001BCCCE19D60>, <snowplow_tracker.self_describing_json.SelfDescribingJson object at 0x000001BCCACCC3B0>, <snowplow_tracker.self_describing_json.SelfDescribingJson object at 0x000001BCC8BFEC00>]}
[0m21:59:35.857831 [debug] [MainThread]: Flushing usage events
[0m21:59:36.822112 [debug] [MainThread]: An error was encountered while trying to flush usage events
[0m21:59:41.672096 [debug] [MainThread]: Sending event: {'category': 'dbt', 'action': 'invocation', 'label': 'start', 'context': [<snowplow_tracker.self_describing_json.SelfDescribingJson object at 0x00000242AA08CE00>, <snowplow_tracker.self_describing_json.SelfDescribingJson object at 0x00000242AABA2000>, <snowplow_tracker.self_describing_json.SelfDescribingJson object at 0x00000242AABA2090>]}


============================== 21:59:41.674095 | 4f4fb394-0331-4f7e-b08b-9559b479f761 ==============================
[0m21:59:41.674095 [info ] [MainThread]: Running with dbt=1.11.12
[0m21:59:41.675080 [debug] [MainThread]: running dbt with arguments {'static_parser': 'True', 'no_print': 'None', 'version_check': 'True', 'warn_error_options': 'WarnErrorOptionsV2(error=[], warn=[], silence=[])', 'target_path': 'None', 'printer_width': '80', 'write_json': 'True', 'empty': 'None', 'log_cache_events': 'False', 'introspect': 'True', 'cache_selected_only': 'False', 'fail_fast': 'False', 'debug': 'False', 'log_format': 'default', 'partial_parse': 'True', 'send_anonymous_usage_stats': 'True', 'quiet': 'False', 'warn_error': 'None', 'profiles_dir': 'C:\\Users\\nekoa\\.dbt', 'use_colors': 'True', 'indirect_selection': 'eager', 'invocation_command': 'dbt seed', 'use_experimental_parser': 'False', 'log_path': 'C:\\Users\\nekoa\\project_2026\\kayleet_scherbel_project_2026\\edinet_growth_analysis\\logs'}
[0m21:59:41.823767 [debug] [MainThread]: Sending event: {'category': 'dbt', 'action': 'project_id', 'label': '4f4fb394-0331-4f7e-b08b-9559b479f761', 'context': [<snowplow_tracker.self_describing_json.SelfDescribingJson object at 0x00000242AC4477A0>]}
[0m21:59:41.863695 [debug] [MainThread]: Sending event: {'category': 'dbt', 'action': 'adapter_info', 'label': '4f4fb394-0331-4f7e-b08b-9559b479f761', 'context': [<snowplow_tracker.self_describing_json.SelfDescribingJson object at 0x00000242AC9C3860>]}
[0m21:59:41.865692 [info ] [MainThread]: Registered adapter: duckdb=1.10.1
[0m21:59:42.029930 [debug] [MainThread]: checksum: f368f5348cf42803b94ef7fb8257ecf3bf9a9a16dd9c8c51fe5172f2dbeb457f, vars: {}, profile: , target: , version: 1.11.12
[0m21:59:42.029930 [info ] [MainThread]: Unable to do partial parsing because saved manifest not found. Starting full parse.
[0m21:59:42.030955 [debug] [MainThread]: Sending event: {'category': 'dbt', 'action': 'partial_parser', 'label': '4f4fb394-0331-4f7e-b08b-9559b479f761', 'context': [<snowplow_tracker.self_describing_json.SelfDescribingJson object at 0x00000242AC4477A0>]}
[0m21:59:42.885334 [debug] [MainThread]: Sending event: {'category': 'dbt', 'action': 'load_project', 'label': '4f4fb394-0331-4f7e-b08b-9559b479f761', 'context': [<snowplow_tracker.self_describing_json.SelfDescribingJson object at 0x00000242AD196810>]}
[0m21:59:42.936241 [debug] [MainThread]: Wrote artifact WritableManifest to C:\Users\nekoa\project_2026\kayleet_scherbel_project_2026\edinet_growth_analysis\target\manifest.json
[0m21:59:42.940753 [debug] [MainThread]: Wrote artifact SemanticManifest to C:\Users\nekoa\project_2026\kayleet_scherbel_project_2026\edinet_growth_analysis\target\semantic_manifest.json
[0m21:59:42.947774 [debug] [MainThread]: Sending event: {'category': 'dbt', 'action': 'resource_counts', 'label': '4f4fb394-0331-4f7e-b08b-9559b479f761', 'context': [<snowplow_tracker.self_describing_json.SelfDescribingJson object at 0x00000242AD208320>]}
[0m21:59:42.947774 [info ] [MainThread]: Found 2 models, 1 seed, 4 data tests, 485 macros
[0m21:59:42.948763 [debug] [MainThread]: Sending event: {'category': 'dbt', 'action': 'runnable_timing', 'label': '4f4fb394-0331-4f7e-b08b-9559b479f761', 'context': [<snowplow_tracker.self_describing_json.SelfDescribingJson object at 0x00000242AD1A9280>]}
[0m21:59:42.950391 [info ] [MainThread]: 
[0m21:59:42.950391 [info ] [MainThread]: Concurrency: 1 threads (target='dev')
[0m21:59:42.950989 [info ] [MainThread]: 
[0m21:59:42.950989 [debug] [MainThread]: Acquiring new duckdb connection 'master'
[0m21:59:42.952039 [debug] [ThreadPool]: Acquiring new duckdb connection 'list_dev'
[0m21:59:42.991333 [debug] [ThreadPool]: Using duckdb connection "list_dev"
[0m21:59:42.991333 [debug] [ThreadPool]: On list_dev: /* {"app": "dbt", "dbt_version": "1.11.12", "profile_name": "edinet_growth_analysis", "target_name": "dev", "connection_name": "list_dev"} */

    
    select schema_name
    from system.information_schema.schemata
    
    where lower(catalog_name) = '"dev"'
    
  
  
[0m21:59:42.991333 [debug] [ThreadPool]: Opening a new connection, currently in state init
[0m21:59:43.002983 [debug] [ThreadPool]: SQL status: OK in 0.011 seconds
[0m21:59:43.004027 [debug] [ThreadPool]: On list_dev: Close
[0m21:59:43.004027 [debug] [ThreadPool]: Re-using an available connection from the pool (formerly list_dev, now create_dev_main)
[0m21:59:43.004944 [debug] [ThreadPool]: Creating schema "database: "dev"
schema: "main"
"
[0m21:59:43.009056 [debug] [ThreadPool]: Using duckdb connection "create_dev_main"
[0m21:59:43.009056 [debug] [ThreadPool]: On create_dev_main: /* {"app": "dbt", "dbt_version": "1.11.12", "profile_name": "edinet_growth_analysis", "target_name": "dev", "connection_name": "create_dev_main"} */

    
        select type from duckdb_databases()
        where lower(database_name)='dev'
        and type='sqlite'
    
  
[0m21:59:43.009579 [debug] [ThreadPool]: Opening a new connection, currently in state closed
[0m21:59:43.009579 [debug] [ThreadPool]: SQL status: OK in 0.001 seconds
[0m21:59:43.010602 [debug] [ThreadPool]: Using duckdb connection "create_dev_main"
[0m21:59:43.010602 [debug] [ThreadPool]: On create_dev_main: BEGIN
[0m21:59:43.011624 [debug] [ThreadPool]: SQL status: OK in 0.000 seconds
[0m21:59:43.011624 [debug] [ThreadPool]: Using duckdb connection "create_dev_main"
[0m21:59:43.012597 [debug] [ThreadPool]: On create_dev_main: /* {"app": "dbt", "dbt_version": "1.11.12", "profile_name": "edinet_growth_analysis", "target_name": "dev", "connection_name": "create_dev_main"} */

    
    
        create schema if not exists "dev"."main"
    
[0m21:59:43.012597 [debug] [ThreadPool]: SQL status: OK in 0.000 seconds
[0m21:59:43.013671 [debug] [ThreadPool]: On create_dev_main: COMMIT
[0m21:59:43.013671 [debug] [ThreadPool]: Using duckdb connection "create_dev_main"
[0m21:59:43.013671 [debug] [ThreadPool]: On create_dev_main: COMMIT
[0m21:59:43.013671 [debug] [ThreadPool]: SQL status: OK in 0.000 seconds
[0m21:59:43.014671 [debug] [ThreadPool]: On create_dev_main: Close
[0m21:59:43.017623 [debug] [ThreadPool]: Acquiring new duckdb connection 'list_dev_main'
[0m21:59:43.021225 [debug] [ThreadPool]: Using duckdb connection "list_dev_main"
[0m21:59:43.021225 [debug] [ThreadPool]: On list_dev_main: BEGIN
[0m21:59:43.022226 [debug] [ThreadPool]: Opening a new connection, currently in state init
[0m21:59:43.022226 [debug] [ThreadPool]: SQL status: OK in 0.000 seconds
[0m21:59:43.022226 [debug] [ThreadPool]: Using duckdb connection "list_dev_main"
[0m21:59:43.023229 [debug] [ThreadPool]: On list_dev_main: /* {"app": "dbt", "dbt_version": "1.11.12", "profile_name": "edinet_growth_analysis", "target_name": "dev", "connection_name": "list_dev_main"} */
select
      'dev' as database,
      table_name as name,
      table_schema as schema,
      CASE table_type
        WHEN 'BASE TABLE' THEN 'table'
        WHEN 'VIEW' THEN 'view'
        WHEN 'LOCAL TEMPORARY' THEN 'table'
        END as type
    from system.information_schema.tables
    where lower(table_schema) = 'main'
    and lower(table_catalog) = 'dev'
  
[0m21:59:43.025286 [debug] [ThreadPool]: SQL status: OK in 0.002 seconds
[0m21:59:43.026226 [debug] [ThreadPool]: On list_dev_main: ROLLBACK
[0m21:59:43.027273 [debug] [ThreadPool]: Failed to rollback 'list_dev_main'
[0m21:59:43.027273 [debug] [ThreadPool]: On list_dev_main: Close
[0m21:59:43.027273 [debug] [MainThread]: Sending event: {'category': 'dbt', 'action': 'runnable_timing', 'label': '4f4fb394-0331-4f7e-b08b-9559b479f761', 'context': [<snowplow_tracker.self_describing_json.SelfDescribingJson object at 0x00000242AD160740>]}
[0m21:59:43.027273 [debug] [MainThread]: Using duckdb connection "master"
[0m21:59:43.027273 [debug] [MainThread]: On master: BEGIN
[0m21:59:43.028836 [debug] [MainThread]: Opening a new connection, currently in state init
[0m21:59:43.028836 [debug] [MainThread]: SQL status: OK in 0.000 seconds
[0m21:59:43.028836 [debug] [MainThread]: On master: COMMIT
[0m21:59:43.029841 [debug] [MainThread]: Using duckdb connection "master"
[0m21:59:43.029841 [debug] [MainThread]: On master: COMMIT
[0m21:59:43.029841 [debug] [MainThread]: SQL status: OK in 0.000 seconds
[0m21:59:43.029841 [debug] [MainThread]: On master: Close
[0m21:59:43.032855 [debug] [Thread-1 (]: Began running node seed.edinet_growth_analysis.net_value_clients
[0m21:59:43.032855 [info ] [Thread-1 (]: 1 of 1 START seed file main.net_value_clients .................................. [RUN]
[0m21:59:43.033840 [debug] [Thread-1 (]: Acquiring new duckdb connection 'seed.edinet_growth_analysis.net_value_clients'
[0m21:59:43.033840 [debug] [Thread-1 (]: Began compiling node seed.edinet_growth_analysis.net_value_clients
[0m21:59:43.034840 [debug] [Thread-1 (]: Began executing node seed.edinet_growth_analysis.net_value_clients
[0m21:59:43.048923 [debug] [Thread-1 (]: Using duckdb connection "seed.edinet_growth_analysis.net_value_clients"
[0m21:59:43.050621 [debug] [Thread-1 (]: On seed.edinet_growth_analysis.net_value_clients: BEGIN
[0m21:59:43.050621 [debug] [Thread-1 (]: Opening a new connection, currently in state init
[0m21:59:43.050621 [debug] [Thread-1 (]: SQL status: OK in 0.001 seconds
[0m21:59:43.051625 [debug] [Thread-1 (]: Using duckdb connection "seed.edinet_growth_analysis.net_value_clients"
[0m21:59:43.051625 [debug] [Thread-1 (]: On seed.edinet_growth_analysis.net_value_clients: /* {"app": "dbt", "dbt_version": "1.11.12", "profile_name": "edinet_growth_analysis", "target_name": "dev", "node_id": "seed.edinet_growth_analysis.net_value_clients"} */

    create table "dev"."main"."net_value_clients" ("company" text,"doc_id" text,"relative_year" text,"net_sales_yen" bigint)
  
[0m21:59:43.052640 [debug] [Thread-1 (]: SQL status: OK in 0.000 seconds
[0m21:59:43.059178 [debug] [Thread-1 (]: Using duckdb connection "seed.edinet_growth_analysis.net_value_clients"
[0m21:59:43.059178 [debug] [Thread-1 (]: On seed.edinet_growth_analysis.net_value_clients: 
          COPY "dev"."main"."net_value_clients" FROM 'C:\Users\nekoa\project_2026\kayleet_scherbel_project_2026\edinet_growth_analysis\seeds\net_value_clients.csv' (FORMAT CSV, HEADER TRUE, DELIMITER ',')
        ...
[0m21:59:43.068719 [debug] [Thread-1 (]: SQL status: OK in 0.009 seconds
[0m21:59:43.071753 [debug] [Thread-1 (]: Writing runtime SQL for node "seed.edinet_growth_analysis.net_value_clients"
[0m21:59:43.082340 [debug] [Thread-1 (]: On seed.edinet_growth_analysis.net_value_clients: COMMIT
[0m21:59:43.083375 [debug] [Thread-1 (]: Using duckdb connection "seed.edinet_growth_analysis.net_value_clients"
[0m21:59:43.083375 [debug] [Thread-1 (]: On seed.edinet_growth_analysis.net_value_clients: COMMIT
[0m21:59:43.087299 [debug] [Thread-1 (]: SQL status: OK in 0.003 seconds
[0m21:59:43.088873 [debug] [Thread-1 (]: On seed.edinet_growth_analysis.net_value_clients: Close
[0m21:59:43.089880 [debug] [Thread-1 (]: Sending event: {'category': 'dbt', 'action': 'run_model', 'label': '4f4fb394-0331-4f7e-b08b-9559b479f761', 'context': [<snowplow_tracker.self_describing_json.SelfDescribingJson object at 0x00000242A7F2DEE0>]}
[0m21:59:43.089880 [info ] [Thread-1 (]: 1 of 1 OK loaded seed file main.net_value_clients .............................. [[32mINSERT 45[0m in 0.06s]
[0m21:59:43.090880 [debug] [Thread-1 (]: Finished running node seed.edinet_growth_analysis.net_value_clients
[0m21:59:43.091880 [debug] [MainThread]: Using duckdb connection "master"
[0m21:59:43.091880 [debug] [MainThread]: On master: BEGIN
[0m21:59:43.091880 [debug] [MainThread]: Opening a new connection, currently in state closed
[0m21:59:43.092880 [debug] [MainThread]: SQL status: OK in 0.001 seconds
[0m21:59:43.092880 [debug] [MainThread]: On master: COMMIT
[0m21:59:43.092880 [debug] [MainThread]: Using duckdb connection "master"
[0m21:59:43.093883 [debug] [MainThread]: On master: COMMIT
[0m21:59:43.093883 [debug] [MainThread]: SQL status: OK in 0.000 seconds
[0m21:59:43.094882 [debug] [MainThread]: On master: Close
[0m21:59:43.094882 [debug] [MainThread]: Connection 'master' was properly closed.
[0m21:59:43.094882 [debug] [MainThread]: Connection 'create_dev_main' was properly closed.
[0m21:59:43.094882 [debug] [MainThread]: Connection 'list_dev_main' was properly closed.
[0m21:59:43.095880 [debug] [MainThread]: Connection 'seed.edinet_growth_analysis.net_value_clients' was properly closed.
[0m21:59:43.095880 [info ] [MainThread]: 
[0m21:59:43.095880 [info ] [MainThread]: Finished running 1 seed in 0 hours 0 minutes and 0.14 seconds (0.14s).
[0m21:59:43.096880 [debug] [MainThread]: Command end result
[0m21:59:43.112593 [debug] [MainThread]: Wrote artifact WritableManifest to C:\Users\nekoa\project_2026\kayleet_scherbel_project_2026\edinet_growth_analysis\target\manifest.json
[0m21:59:43.113630 [debug] [MainThread]: Wrote artifact SemanticManifest to C:\Users\nekoa\project_2026\kayleet_scherbel_project_2026\edinet_growth_analysis\target\semantic_manifest.json
[0m21:59:43.117603 [debug] [MainThread]: Wrote artifact RunExecutionResult to C:\Users\nekoa\project_2026\kayleet_scherbel_project_2026\edinet_growth_analysis\target\run_results.json
[0m21:59:43.117603 [info ] [MainThread]: 
[0m21:59:43.118610 [info ] [MainThread]: [32mCompleted successfully[0m
[0m21:59:43.118610 [info ] [MainThread]: 
[0m21:59:43.118610 [info ] [MainThread]: Done. PASS=1 WARN=0 ERROR=0 SKIP=0 NO-OP=0 TOTAL=1
[0m21:59:43.120069 [debug] [MainThread]: Command `dbt seed` succeeded at 21:59:43.120069 after 1.56 seconds
[0m21:59:43.120069 [debug] [MainThread]: Sending event: {'category': 'dbt', 'action': 'invocation', 'label': 'end', 'context': [<snowplow_tracker.self_describing_json.SelfDescribingJson object at 0x00000242AA438F20>, <snowplow_tracker.self_describing_json.SelfDescribingJson object at 0x00000242AAFF63F0>, <snowplow_tracker.self_describing_json.SelfDescribingJson object at 0x00000242AA8696A0>]}
[0m21:59:43.120069 [debug] [MainThread]: Flushing usage events
[0m21:59:44.122626 [debug] [MainThread]: An error was encountered while trying to flush usage events
[0m22:06:31.785796 [debug] [MainThread]: Sending event: {'category': 'dbt', 'action': 'invocation', 'label': 'start', 'context': [<snowplow_tracker.self_describing_json.SelfDescribingJson object at 0x00000274486A1FA0>, <snowplow_tracker.self_describing_json.SelfDescribingJson object at 0x0000027445C3ACC0>, <snowplow_tracker.self_describing_json.SelfDescribingJson object at 0x000002744845D940>]}


============================== 22:06:31.787810 | 8efbbbfc-7313-40c8-bc79-e168e87cb9f1 ==============================
[0m22:06:31.787810 [info ] [MainThread]: Running with dbt=1.11.12
[0m22:06:31.788797 [debug] [MainThread]: running dbt with arguments {'version_check': 'True', 'no_print': 'None', 'static_parser': 'True', 'warn_error_options': 'WarnErrorOptionsV2(error=[], warn=[], silence=[])', 'target_path': 'None', 'printer_width': '80', 'write_json': 'True', 'empty': 'False', 'log_cache_events': 'False', 'introspect': 'True', 'cache_selected_only': 'False', 'log_format': 'default', 'debug': 'False', 'fail_fast': 'False', 'partial_parse': 'True', 'send_anonymous_usage_stats': 'True', 'quiet': 'False', 'warn_error': 'None', 'profiles_dir': 'C:\\Users\\nekoa\\.dbt', 'use_colors': 'True', 'indirect_selection': 'eager', 'invocation_command': 'dbt run', 'use_experimental_parser': 'False', 'log_path': 'C:\\Users\\nekoa\\project_2026\\kayleet_scherbel_project_2026\\edinet_growth_analysis\\logs'}
[0m22:06:31.935391 [debug] [MainThread]: Sending event: {'category': 'dbt', 'action': 'project_id', 'label': '8efbbbfc-7313-40c8-bc79-e168e87cb9f1', 'context': [<snowplow_tracker.self_describing_json.SelfDescribingJson object at 0x0000027445BCC2F0>]}
[0m22:06:31.976842 [debug] [MainThread]: Sending event: {'category': 'dbt', 'action': 'adapter_info', 'label': '8efbbbfc-7313-40c8-bc79-e168e87cb9f1', 'context': [<snowplow_tracker.self_describing_json.SelfDescribingJson object at 0x0000027445DA5CA0>]}
[0m22:06:31.978857 [info ] [MainThread]: Registered adapter: duckdb=1.10.1
[0m22:06:32.124172 [debug] [MainThread]: checksum: f368f5348cf42803b94ef7fb8257ecf3bf9a9a16dd9c8c51fe5172f2dbeb457f, vars: {}, profile: , target: , version: 1.11.12
[0m22:06:32.208732 [debug] [MainThread]: Partial parsing enabled: 0 files deleted, 1 files added, 0 files changed.
[0m22:06:32.209238 [debug] [MainThread]: Partial parsing: added file: edinet_growth_analysis://models\example\growth_rate_overEqual40.sql
[0m22:06:32.384202 [debug] [MainThread]: Sending event: {'category': 'dbt', 'action': 'load_project', 'label': '8efbbbfc-7313-40c8-bc79-e168e87cb9f1', 'context': [<snowplow_tracker.self_describing_json.SelfDescribingJson object at 0x000002744AB6EF30>]}
[0m22:06:32.431759 [debug] [MainThread]: Wrote artifact WritableManifest to C:\Users\nekoa\project_2026\kayleet_scherbel_project_2026\edinet_growth_analysis\target\manifest.json
[0m22:06:32.432761 [debug] [MainThread]: Wrote artifact SemanticManifest to C:\Users\nekoa\project_2026\kayleet_scherbel_project_2026\edinet_growth_analysis\target\semantic_manifest.json
[0m22:06:32.440284 [debug] [MainThread]: Sending event: {'category': 'dbt', 'action': 'resource_counts', 'label': '8efbbbfc-7313-40c8-bc79-e168e87cb9f1', 'context': [<snowplow_tracker.self_describing_json.SelfDescribingJson object at 0x000002744AB658B0>]}
[0m22:06:32.440284 [info ] [MainThread]: Found 3 models, 1 seed, 4 data tests, 485 macros
[0m22:06:32.440284 [debug] [MainThread]: Sending event: {'category': 'dbt', 'action': 'runnable_timing', 'label': '8efbbbfc-7313-40c8-bc79-e168e87cb9f1', 'context': [<snowplow_tracker.self_describing_json.SelfDescribingJson object at 0x000002744AB430B0>]}
[0m22:06:32.442792 [info ] [MainThread]: 
[0m22:06:32.443811 [info ] [MainThread]: Concurrency: 1 threads (target='dev')
[0m22:06:32.445820 [info ] [MainThread]: 
[0m22:06:32.447809 [debug] [MainThread]: Acquiring new duckdb connection 'master'
[0m22:06:32.451317 [debug] [ThreadPool]: Acquiring new duckdb connection 'list_dev'
[0m22:06:32.525101 [debug] [ThreadPool]: Using duckdb connection "list_dev"
[0m22:06:32.526086 [debug] [ThreadPool]: On list_dev: /* {"app": "dbt", "dbt_version": "1.11.12", "profile_name": "edinet_growth_analysis", "target_name": "dev", "connection_name": "list_dev"} */

    
    select schema_name
    from system.information_schema.schemata
    
    where lower(catalog_name) = '"dev"'
    
  
  
[0m22:06:32.526086 [debug] [ThreadPool]: Opening a new connection, currently in state init
[0m22:06:32.537646 [debug] [ThreadPool]: SQL status: OK in 0.011 seconds
[0m22:06:32.537646 [debug] [ThreadPool]: On list_dev: Close
[0m22:06:32.539152 [debug] [ThreadPool]: Re-using an available connection from the pool (formerly list_dev, now create_dev_main)
[0m22:06:32.539152 [debug] [ThreadPool]: Creating schema "database: "dev"
schema: "main"
"
[0m22:06:32.543707 [debug] [ThreadPool]: Using duckdb connection "create_dev_main"
[0m22:06:32.543707 [debug] [ThreadPool]: On create_dev_main: /* {"app": "dbt", "dbt_version": "1.11.12", "profile_name": "edinet_growth_analysis", "target_name": "dev", "connection_name": "create_dev_main"} */

    
        select type from duckdb_databases()
        where lower(database_name)='dev'
        and type='sqlite'
    
  
[0m22:06:32.543707 [debug] [ThreadPool]: Opening a new connection, currently in state closed
[0m22:06:32.544699 [debug] [ThreadPool]: SQL status: OK in 0.001 seconds
[0m22:06:32.545710 [debug] [ThreadPool]: Using duckdb connection "create_dev_main"
[0m22:06:32.545710 [debug] [ThreadPool]: On create_dev_main: BEGIN
[0m22:06:32.546690 [debug] [ThreadPool]: SQL status: OK in 0.000 seconds
[0m22:06:32.546690 [debug] [ThreadPool]: Using duckdb connection "create_dev_main"
[0m22:06:32.546690 [debug] [ThreadPool]: On create_dev_main: /* {"app": "dbt", "dbt_version": "1.11.12", "profile_name": "edinet_growth_analysis", "target_name": "dev", "connection_name": "create_dev_main"} */

    
    
        create schema if not exists "dev"."main"
    
[0m22:06:32.546690 [debug] [ThreadPool]: SQL status: OK in 0.000 seconds
[0m22:06:32.547691 [debug] [ThreadPool]: On create_dev_main: COMMIT
[0m22:06:32.547691 [debug] [ThreadPool]: Using duckdb connection "create_dev_main"
[0m22:06:32.547691 [debug] [ThreadPool]: On create_dev_main: COMMIT
[0m22:06:32.547691 [debug] [ThreadPool]: SQL status: OK in 0.000 seconds
[0m22:06:32.549193 [debug] [ThreadPool]: On create_dev_main: Close
[0m22:06:32.550197 [debug] [ThreadPool]: Acquiring new duckdb connection 'list_dev_main'
[0m22:06:32.554214 [debug] [ThreadPool]: Using duckdb connection "list_dev_main"
[0m22:06:32.554214 [debug] [ThreadPool]: On list_dev_main: BEGIN
[0m22:06:32.554214 [debug] [ThreadPool]: Opening a new connection, currently in state init
[0m22:06:32.554214 [debug] [ThreadPool]: SQL status: OK in 0.000 seconds
[0m22:06:32.555196 [debug] [ThreadPool]: Using duckdb connection "list_dev_main"
[0m22:06:32.555196 [debug] [ThreadPool]: On list_dev_main: /* {"app": "dbt", "dbt_version": "1.11.12", "profile_name": "edinet_growth_analysis", "target_name": "dev", "connection_name": "list_dev_main"} */
select
      'dev' as database,
      table_name as name,
      table_schema as schema,
      CASE table_type
        WHEN 'BASE TABLE' THEN 'table'
        WHEN 'VIEW' THEN 'view'
        WHEN 'LOCAL TEMPORARY' THEN 'table'
        END as type
    from system.information_schema.tables
    where lower(table_schema) = 'main'
    and lower(table_catalog) = 'dev'
  
[0m22:06:32.557212 [debug] [ThreadPool]: SQL status: OK in 0.002 seconds
[0m22:06:32.558736 [debug] [ThreadPool]: On list_dev_main: ROLLBACK
[0m22:06:32.558736 [debug] [ThreadPool]: Failed to rollback 'list_dev_main'
[0m22:06:32.559764 [debug] [ThreadPool]: On list_dev_main: Close
[0m22:06:32.559764 [debug] [MainThread]: Sending event: {'category': 'dbt', 'action': 'runnable_timing', 'label': '8efbbbfc-7313-40c8-bc79-e168e87cb9f1', 'context': [<snowplow_tracker.self_describing_json.SelfDescribingJson object at 0x000002744AB03D40>]}
[0m22:06:32.560749 [debug] [MainThread]: Using duckdb connection "master"
[0m22:06:32.560749 [debug] [MainThread]: On master: BEGIN
[0m22:06:32.560749 [debug] [MainThread]: Opening a new connection, currently in state init
[0m22:06:32.561749 [debug] [MainThread]: SQL status: OK in 0.000 seconds
[0m22:06:32.561749 [debug] [MainThread]: On master: COMMIT
[0m22:06:32.561749 [debug] [MainThread]: Using duckdb connection "master"
[0m22:06:32.561749 [debug] [MainThread]: On master: COMMIT
[0m22:06:32.562750 [debug] [MainThread]: SQL status: OK in 0.000 seconds
[0m22:06:32.562750 [debug] [MainThread]: On master: Close
[0m22:06:32.567770 [debug] [Thread-1 (]: Began running node model.edinet_growth_analysis.growth_rate_overEqual40
[0m22:06:32.568750 [info ] [Thread-1 (]: 1 of 3 START sql view model main.growth_rate_overEqual40 ....................... [RUN]
[0m22:06:32.570259 [debug] [Thread-1 (]: Acquiring new duckdb connection 'model.edinet_growth_analysis.growth_rate_overEqual40'
[0m22:06:32.570259 [debug] [Thread-1 (]: Began compiling node model.edinet_growth_analysis.growth_rate_overEqual40
[0m22:06:32.574264 [debug] [Thread-1 (]: Writing injected SQL for node "model.edinet_growth_analysis.growth_rate_overEqual40"
[0m22:06:32.575263 [debug] [Thread-1 (]: Began executing node model.edinet_growth_analysis.growth_rate_overEqual40
[0m22:06:32.593630 [debug] [Thread-1 (]: Writing runtime sql for node "model.edinet_growth_analysis.growth_rate_overEqual40"
[0m22:06:32.595630 [debug] [Thread-1 (]: Using duckdb connection "model.edinet_growth_analysis.growth_rate_overEqual40"
[0m22:06:32.595630 [debug] [Thread-1 (]: On model.edinet_growth_analysis.growth_rate_overEqual40: BEGIN
[0m22:06:32.595630 [debug] [Thread-1 (]: Opening a new connection, currently in state init
[0m22:06:32.596677 [debug] [Thread-1 (]: SQL status: OK in 0.001 seconds
[0m22:06:32.596677 [debug] [Thread-1 (]: Using duckdb connection "model.edinet_growth_analysis.growth_rate_overEqual40"
[0m22:06:32.597631 [debug] [Thread-1 (]: On model.edinet_growth_analysis.growth_rate_overEqual40: /* {"app": "dbt", "dbt_version": "1.11.12", "profile_name": "edinet_growth_analysis", "target_name": "dev", "node_id": "model.edinet_growth_analysis.growth_rate_overEqual40"} */

  
  create view "dev"."main"."growth_rate_overEqual40__dbt_tmp" as (
    WITH clients AS (
    PIVOT "dev"."main"."net_value_clients"
    ON relative_year
    USING first(net_sales_yen)
),
clients_growth_rate AS (
    SELECT company, ROUND((((CurrentYear/Prior4Year)-1)*100), 2) as growth_rate_2022to2026 
    FROM clients
    WHERE growth_rate_2022to2026 >= 40
)
SELECT * FROM clients_growth_rate
  );

[0m22:06:32.599135 [debug] [Thread-1 (]: DuckDB adapter: duckdb error: Parser Error: PIVOT statements with pivot elements extracted from the data cannot be used in views.
In order to use PIVOT in a view the PIVOT values must be manually specified, e.g.:
PIVOT ... ON relative_year IN (val1, val2, ...)
[0m22:06:32.599135 [debug] [Thread-1 (]: DuckDB adapter: Error running SQL: /* {"app": "dbt", "dbt_version": "1.11.12", "profile_name": "edinet_growth_analysis", "target_name": "dev", "node_id": "model.edinet_growth_analysis.growth_rate_overEqual40"} */

  
  create view "dev"."main"."growth_rate_overEqual40__dbt_tmp" as (
    WITH clients AS (
    PIVOT "dev"."main"."net_value_clients"
    ON relative_year
    USING first(net_sales_yen)
),
clients_growth_rate AS (
    SELECT company, ROUND((((CurrentYear/Prior4Year)-1)*100), 2) as growth_rate_2022to2026 
    FROM clients
    WHERE growth_rate_2022to2026 >= 40
)
SELECT * FROM clients_growth_rate
  );

[0m22:06:32.599135 [debug] [Thread-1 (]: DuckDB adapter: Rolling back transaction.
[0m22:06:32.599135 [debug] [Thread-1 (]: On model.edinet_growth_analysis.growth_rate_overEqual40: ROLLBACK
[0m22:06:32.600141 [debug] [Thread-1 (]: Failed to rollback 'model.edinet_growth_analysis.growth_rate_overEqual40'
[0m22:06:32.601147 [debug] [Thread-1 (]: On model.edinet_growth_analysis.growth_rate_overEqual40: Close
[0m22:06:32.603147 [debug] [Thread-1 (]: Runtime Error in model growth_rate_overEqual40 (models\example\growth_rate_overEqual40.sql)
  Parser Error: PIVOT statements with pivot elements extracted from the data cannot be used in views.
  In order to use PIVOT in a view the PIVOT values must be manually specified, e.g.:
  PIVOT ... ON relative_year IN (val1, val2, ...)
[0m22:06:32.605147 [debug] [Thread-1 (]: Sending event: {'category': 'dbt', 'action': 'run_model', 'label': '8efbbbfc-7313-40c8-bc79-e168e87cb9f1', 'context': [<snowplow_tracker.self_describing_json.SelfDescribingJson object at 0x000002744AB64620>]}
[0m22:06:32.605147 [error] [Thread-1 (]: 1 of 3 ERROR creating sql view model main.growth_rate_overEqual40 .............. [[31mERROR[0m in 0.03s]
[0m22:06:32.606146 [debug] [Thread-1 (]: Finished running node model.edinet_growth_analysis.growth_rate_overEqual40
[0m22:06:32.606146 [debug] [Thread-1 (]: Began running node model.edinet_growth_analysis.my_first_dbt_model
[0m22:06:32.606146 [debug] [Thread-4 (]: Marking all children of 'model.edinet_growth_analysis.growth_rate_overEqual40' to be skipped because of status 'error'.  Reason: Runtime Error in model growth_rate_overEqual40 (models\example\growth_rate_overEqual40.sql)
  Parser Error: PIVOT statements with pivot elements extracted from the data cannot be used in views.
  In order to use PIVOT in a view the PIVOT values must be manually specified, e.g.:
  PIVOT ... ON relative_year IN (val1, val2, ...).
[0m22:06:32.607145 [info ] [Thread-1 (]: 2 of 3 START sql table model main.my_first_dbt_model ........................... [RUN]
[0m22:06:32.608147 [debug] [Thread-1 (]: Re-using an available connection from the pool (formerly model.edinet_growth_analysis.growth_rate_overEqual40, now model.edinet_growth_analysis.my_first_dbt_model)
[0m22:06:32.608147 [debug] [Thread-1 (]: Began compiling node model.edinet_growth_analysis.my_first_dbt_model
[0m22:06:32.610657 [debug] [Thread-1 (]: Writing injected SQL for node "model.edinet_growth_analysis.my_first_dbt_model"
[0m22:06:32.610657 [debug] [Thread-1 (]: Began executing node model.edinet_growth_analysis.my_first_dbt_model
[0m22:06:32.623179 [debug] [Thread-1 (]: Writing runtime sql for node "model.edinet_growth_analysis.my_first_dbt_model"
[0m22:06:32.623179 [debug] [Thread-1 (]: Using duckdb connection "model.edinet_growth_analysis.my_first_dbt_model"
[0m22:06:32.624179 [debug] [Thread-1 (]: On model.edinet_growth_analysis.my_first_dbt_model: BEGIN
[0m22:06:32.624179 [debug] [Thread-1 (]: Opening a new connection, currently in state closed
[0m22:06:32.625178 [debug] [Thread-1 (]: SQL status: OK in 0.001 seconds
[0m22:06:32.625178 [debug] [Thread-1 (]: Using duckdb connection "model.edinet_growth_analysis.my_first_dbt_model"
[0m22:06:32.625178 [debug] [Thread-1 (]: On model.edinet_growth_analysis.my_first_dbt_model: /* {"app": "dbt", "dbt_version": "1.11.12", "profile_name": "edinet_growth_analysis", "target_name": "dev", "node_id": "model.edinet_growth_analysis.my_first_dbt_model"} */

  
    
    

    create  table
      "dev"."main"."my_first_dbt_model__dbt_tmp"
  
    as (
      /*
    Welcome to your first dbt model!
    Did you know that you can also configure models directly within SQL files?
    This will override configurations stated in dbt_project.yml

    Try changing "table" to "view" below
*/



with source_data as (

    select 1 as id
    union all
    select null as id

)

select *
from source_data

/*
    Uncomment the line below to remove records with null `id` values
*/

-- where id is not null
    );
  
  
[0m22:06:32.626179 [debug] [Thread-1 (]: SQL status: OK in 0.001 seconds
[0m22:06:32.629691 [debug] [Thread-1 (]: Using duckdb connection "model.edinet_growth_analysis.my_first_dbt_model"
[0m22:06:32.630691 [debug] [Thread-1 (]: On model.edinet_growth_analysis.my_first_dbt_model: /* {"app": "dbt", "dbt_version": "1.11.12", "profile_name": "edinet_growth_analysis", "target_name": "dev", "node_id": "model.edinet_growth_analysis.my_first_dbt_model"} */
alter table "dev"."main"."my_first_dbt_model__dbt_tmp" rename to "my_first_dbt_model"
[0m22:06:32.630691 [debug] [Thread-1 (]: SQL status: OK in 0.000 seconds
[0m22:06:32.640204 [debug] [Thread-1 (]: On model.edinet_growth_analysis.my_first_dbt_model: COMMIT
[0m22:06:32.640204 [debug] [Thread-1 (]: Using duckdb connection "model.edinet_growth_analysis.my_first_dbt_model"
[0m22:06:32.640204 [debug] [Thread-1 (]: On model.edinet_growth_analysis.my_first_dbt_model: COMMIT
[0m22:06:32.645901 [debug] [Thread-1 (]: SQL status: OK in 0.005 seconds
[0m22:06:32.649299 [debug] [Thread-1 (]: Using duckdb connection "model.edinet_growth_analysis.my_first_dbt_model"
[0m22:06:32.650303 [debug] [Thread-1 (]: On model.edinet_growth_analysis.my_first_dbt_model: /* {"app": "dbt", "dbt_version": "1.11.12", "profile_name": "edinet_growth_analysis", "target_name": "dev", "node_id": "model.edinet_growth_analysis.my_first_dbt_model"} */

      drop table if exists "dev"."main"."my_first_dbt_model__dbt_backup" cascade
    
[0m22:06:32.650303 [debug] [Thread-1 (]: SQL status: OK in 0.000 seconds
[0m22:06:32.652305 [debug] [Thread-1 (]: On model.edinet_growth_analysis.my_first_dbt_model: Close
[0m22:06:32.652305 [debug] [Thread-1 (]: Sending event: {'category': 'dbt', 'action': 'run_model', 'label': '8efbbbfc-7313-40c8-bc79-e168e87cb9f1', 'context': [<snowplow_tracker.self_describing_json.SelfDescribingJson object at 0x000002744AE712E0>]}
[0m22:06:32.653305 [info ] [Thread-1 (]: 2 of 3 OK created sql table model main.my_first_dbt_model ...................... [[32mOK[0m in 0.04s]
[0m22:06:32.654329 [debug] [Thread-1 (]: Finished running node model.edinet_growth_analysis.my_first_dbt_model
[0m22:06:32.654329 [debug] [Thread-1 (]: Began running node model.edinet_growth_analysis.my_second_dbt_model
[0m22:06:32.655304 [info ] [Thread-1 (]: 3 of 3 START sql view model main.my_second_dbt_model ........................... [RUN]
[0m22:06:32.656303 [debug] [Thread-1 (]: Re-using an available connection from the pool (formerly model.edinet_growth_analysis.my_first_dbt_model, now model.edinet_growth_analysis.my_second_dbt_model)
[0m22:06:32.656303 [debug] [Thread-1 (]: Began compiling node model.edinet_growth_analysis.my_second_dbt_model
[0m22:06:32.657304 [debug] [Thread-1 (]: Writing injected SQL for node "model.edinet_growth_analysis.my_second_dbt_model"
[0m22:06:32.658830 [debug] [Thread-1 (]: Began executing node model.edinet_growth_analysis.my_second_dbt_model
[0m22:06:32.660838 [debug] [Thread-1 (]: Writing runtime sql for node "model.edinet_growth_analysis.my_second_dbt_model"
[0m22:06:32.660838 [debug] [Thread-1 (]: Using duckdb connection "model.edinet_growth_analysis.my_second_dbt_model"
[0m22:06:32.661843 [debug] [Thread-1 (]: On model.edinet_growth_analysis.my_second_dbt_model: BEGIN
[0m22:06:32.661843 [debug] [Thread-1 (]: Opening a new connection, currently in state closed
[0m22:06:32.661843 [debug] [Thread-1 (]: SQL status: OK in 0.000 seconds
[0m22:06:32.662843 [debug] [Thread-1 (]: Using duckdb connection "model.edinet_growth_analysis.my_second_dbt_model"
[0m22:06:32.662843 [debug] [Thread-1 (]: On model.edinet_growth_analysis.my_second_dbt_model: /* {"app": "dbt", "dbt_version": "1.11.12", "profile_name": "edinet_growth_analysis", "target_name": "dev", "node_id": "model.edinet_growth_analysis.my_second_dbt_model"} */

  
  create view "dev"."main"."my_second_dbt_model__dbt_tmp" as (
    -- Use the `ref` function to select from other models

select *
from "dev"."main"."my_first_dbt_model"
where id = 1
  );

[0m22:06:32.663843 [debug] [Thread-1 (]: SQL status: OK in 0.000 seconds
[0m22:06:32.664843 [debug] [Thread-1 (]: Using duckdb connection "model.edinet_growth_analysis.my_second_dbt_model"
[0m22:06:32.665861 [debug] [Thread-1 (]: On model.edinet_growth_analysis.my_second_dbt_model: /* {"app": "dbt", "dbt_version": "1.11.12", "profile_name": "edinet_growth_analysis", "target_name": "dev", "node_id": "model.edinet_growth_analysis.my_second_dbt_model"} */
alter view "dev"."main"."my_second_dbt_model__dbt_tmp" rename to "my_second_dbt_model"
[0m22:06:32.665861 [debug] [Thread-1 (]: SQL status: OK in 0.000 seconds
[0m22:06:32.666844 [debug] [Thread-1 (]: On model.edinet_growth_analysis.my_second_dbt_model: COMMIT
[0m22:06:32.666844 [debug] [Thread-1 (]: Using duckdb connection "model.edinet_growth_analysis.my_second_dbt_model"
[0m22:06:32.667844 [debug] [Thread-1 (]: On model.edinet_growth_analysis.my_second_dbt_model: COMMIT
[0m22:06:32.670392 [debug] [Thread-1 (]: SQL status: OK in 0.002 seconds
[0m22:06:32.671373 [debug] [Thread-1 (]: Using duckdb connection "model.edinet_growth_analysis.my_second_dbt_model"
[0m22:06:32.671373 [debug] [Thread-1 (]: On model.edinet_growth_analysis.my_second_dbt_model: /* {"app": "dbt", "dbt_version": "1.11.12", "profile_name": "edinet_growth_analysis", "target_name": "dev", "node_id": "model.edinet_growth_analysis.my_second_dbt_model"} */

      drop view if exists "dev"."main"."my_second_dbt_model__dbt_backup" cascade
    
[0m22:06:32.672372 [debug] [Thread-1 (]: SQL status: OK in 0.000 seconds
[0m22:06:32.673372 [debug] [Thread-1 (]: On model.edinet_growth_analysis.my_second_dbt_model: Close
[0m22:06:32.673372 [debug] [Thread-1 (]: Sending event: {'category': 'dbt', 'action': 'run_model', 'label': '8efbbbfc-7313-40c8-bc79-e168e87cb9f1', 'context': [<snowplow_tracker.self_describing_json.SelfDescribingJson object at 0x000002744AECAED0>]}
[0m22:06:32.674372 [info ] [Thread-1 (]: 3 of 3 OK created sql view model main.my_second_dbt_model ...................... [[32mOK[0m in 0.02s]
[0m22:06:32.676389 [debug] [Thread-1 (]: Finished running node model.edinet_growth_analysis.my_second_dbt_model
[0m22:06:32.677371 [debug] [MainThread]: Using duckdb connection "master"
[0m22:06:32.677371 [debug] [MainThread]: On master: BEGIN
[0m22:06:32.677371 [debug] [MainThread]: Opening a new connection, currently in state closed
[0m22:06:32.677371 [debug] [MainThread]: SQL status: OK in 0.000 seconds
[0m22:06:32.677371 [debug] [MainThread]: On master: COMMIT
[0m22:06:32.678876 [debug] [MainThread]: Using duckdb connection "master"
[0m22:06:32.678876 [debug] [MainThread]: On master: COMMIT
[0m22:06:32.678876 [debug] [MainThread]: SQL status: OK in 0.000 seconds
[0m22:06:32.679882 [debug] [MainThread]: On master: Close
[0m22:06:32.679882 [debug] [MainThread]: Connection 'master' was properly closed.
[0m22:06:32.679882 [debug] [MainThread]: Connection 'create_dev_main' was properly closed.
[0m22:06:32.680881 [debug] [MainThread]: Connection 'list_dev_main' was properly closed.
[0m22:06:32.680881 [debug] [MainThread]: Connection 'model.edinet_growth_analysis.my_second_dbt_model' was properly closed.
[0m22:06:32.680881 [info ] [MainThread]: 
[0m22:06:32.681882 [info ] [MainThread]: Finished running 1 table model, 2 view models in 0 hours 0 minutes and 0.23 seconds (0.23s).
[0m22:06:32.682882 [debug] [MainThread]: Command end result
[0m22:06:32.697394 [debug] [MainThread]: Wrote artifact WritableManifest to C:\Users\nekoa\project_2026\kayleet_scherbel_project_2026\edinet_growth_analysis\target\manifest.json
[0m22:06:32.698898 [debug] [MainThread]: Wrote artifact SemanticManifest to C:\Users\nekoa\project_2026\kayleet_scherbel_project_2026\edinet_growth_analysis\target\semantic_manifest.json
[0m22:06:32.702911 [debug] [MainThread]: Wrote artifact RunExecutionResult to C:\Users\nekoa\project_2026\kayleet_scherbel_project_2026\edinet_growth_analysis\target\run_results.json
[0m22:06:32.702911 [info ] [MainThread]: 
[0m22:06:32.703912 [info ] [MainThread]: [31mCompleted with 1 error, 0 partial successes, and 0 warnings:[0m
[0m22:06:32.703912 [info ] [MainThread]: 
[0m22:06:32.704940 [error] [MainThread]: [31mFailure in model growth_rate_overEqual40 (models\example\growth_rate_overEqual40.sql)[0m
[0m22:06:32.704940 [error] [MainThread]:   Runtime Error in model growth_rate_overEqual40 (models\example\growth_rate_overEqual40.sql)
  Parser Error: PIVOT statements with pivot elements extracted from the data cannot be used in views.
  In order to use PIVOT in a view the PIVOT values must be manually specified, e.g.:
  PIVOT ... ON relative_year IN (val1, val2, ...)
[0m22:06:32.705911 [info ] [MainThread]: 
[0m22:06:32.705911 [info ] [MainThread]:   compiled code at target\compiled\edinet_growth_analysis\models\example\growth_rate_overEqual40.sql
[0m22:06:32.706945 [info ] [MainThread]: 
[0m22:06:32.706945 [info ] [MainThread]: Done. PASS=2 WARN=0 ERROR=1 SKIP=0 NO-OP=0 TOTAL=3
[0m22:06:32.707909 [debug] [MainThread]: Command `dbt run` failed at 22:06:32.707909 after 1.04 seconds
[0m22:06:32.707909 [debug] [MainThread]: Sending event: {'category': 'dbt', 'action': 'invocation', 'label': 'end', 'context': [<snowplow_tracker.self_describing_json.SelfDescribingJson object at 0x00000274487EEFF0>, <snowplow_tracker.self_describing_json.SelfDescribingJson object at 0x0000027449D099A0>, <snowplow_tracker.self_describing_json.SelfDescribingJson object at 0x0000027449D088F0>]}
[0m22:06:32.707909 [debug] [MainThread]: Flushing usage events
[0m22:06:33.679749 [debug] [MainThread]: An error was encountered while trying to flush usage events
[0m22:10:55.294543 [debug] [MainThread]: Sending event: {'category': 'dbt', 'action': 'invocation', 'label': 'start', 'context': [<snowplow_tracker.self_describing_json.SelfDescribingJson object at 0x000001BA7F98CD70>, <snowplow_tracker.self_describing_json.SelfDescribingJson object at 0x000001BA7FCA8D40>, <snowplow_tracker.self_describing_json.SelfDescribingJson object at 0x000001BA7FCA9460>]}


============================== 22:10:55.297549 | 2a6ba9a2-e74b-40da-b40b-265383a5eb43 ==============================
[0m22:10:55.297549 [info ] [MainThread]: Running with dbt=1.11.12
[0m22:10:55.297549 [debug] [MainThread]: running dbt with arguments {'version_check': 'True', 'no_print': 'None', 'static_parser': 'True', 'target_path': 'None', 'warn_error_options': 'WarnErrorOptionsV2(error=[], warn=[], silence=[])', 'printer_width': '80', 'write_json': 'True', 'empty': 'False', 'log_cache_events': 'False', 'introspect': 'True', 'cache_selected_only': 'False', 'fail_fast': 'False', 'debug': 'False', 'log_format': 'default', 'partial_parse': 'True', 'send_anonymous_usage_stats': 'True', 'quiet': 'False', 'warn_error': 'None', 'profiles_dir': 'C:\\Users\\nekoa\\.dbt', 'use_colors': 'True', 'invocation_command': 'dbt run', 'indirect_selection': 'eager', 'use_experimental_parser': 'False', 'log_path': 'C:\\Users\\nekoa\\project_2026\\kayleet_scherbel_project_2026\\edinet_growth_analysis\\logs'}
[0m22:10:55.444986 [debug] [MainThread]: Sending event: {'category': 'dbt', 'action': 'project_id', 'label': '2a6ba9a2-e74b-40da-b40b-265383a5eb43', 'context': [<snowplow_tracker.self_describing_json.SelfDescribingJson object at 0x000001BA01EC19A0>]}
[0m22:10:55.486246 [debug] [MainThread]: Sending event: {'category': 'dbt', 'action': 'adapter_info', 'label': '2a6ba9a2-e74b-40da-b40b-265383a5eb43', 'context': [<snowplow_tracker.self_describing_json.SelfDescribingJson object at 0x000001BA7DADBC50>]}
[0m22:10:55.487752 [info ] [MainThread]: Registered adapter: duckdb=1.10.1
[0m22:10:55.631288 [debug] [MainThread]: checksum: f368f5348cf42803b94ef7fb8257ecf3bf9a9a16dd9c8c51fe5172f2dbeb457f, vars: {}, profile: , target: , version: 1.11.12
[0m22:10:55.693418 [info ] [MainThread]: Unable to do partial parsing because a project config has changed
[0m22:10:55.694410 [debug] [MainThread]: Sending event: {'category': 'dbt', 'action': 'partial_parser', 'label': '2a6ba9a2-e74b-40da-b40b-265383a5eb43', 'context': [<snowplow_tracker.self_describing_json.SelfDescribingJson object at 0x000001BA000FA4B0>]}
[0m22:10:56.527934 [debug] [MainThread]: Sending event: {'category': 'dbt', 'action': 'load_project', 'label': '2a6ba9a2-e74b-40da-b40b-265383a5eb43', 'context': [<snowplow_tracker.self_describing_json.SelfDescribingJson object at 0x000001BA02410080>]}
[0m22:10:56.577568 [debug] [MainThread]: Wrote artifact WritableManifest to C:\Users\nekoa\project_2026\kayleet_scherbel_project_2026\edinet_growth_analysis\target\manifest.json
[0m22:10:56.580131 [debug] [MainThread]: Wrote artifact SemanticManifest to C:\Users\nekoa\project_2026\kayleet_scherbel_project_2026\edinet_growth_analysis\target\semantic_manifest.json
[0m22:10:56.586129 [debug] [MainThread]: Sending event: {'category': 'dbt', 'action': 'resource_counts', 'label': '2a6ba9a2-e74b-40da-b40b-265383a5eb43', 'context': [<snowplow_tracker.self_describing_json.SelfDescribingJson object at 0x000001BA027FC1A0>]}
[0m22:10:56.587129 [info ] [MainThread]: Found 3 models, 1 seed, 4 data tests, 485 macros
[0m22:10:56.587129 [debug] [MainThread]: Sending event: {'category': 'dbt', 'action': 'runnable_timing', 'label': '2a6ba9a2-e74b-40da-b40b-265383a5eb43', 'context': [<snowplow_tracker.self_describing_json.SelfDescribingJson object at 0x000001BA02635F40>]}
[0m22:10:56.589262 [info ] [MainThread]: 
[0m22:10:56.591301 [info ] [MainThread]: Concurrency: 1 threads (target='dev')
[0m22:10:56.593290 [info ] [MainThread]: 
[0m22:10:56.595295 [debug] [MainThread]: Acquiring new duckdb connection 'master'
[0m22:10:56.599306 [debug] [ThreadPool]: Acquiring new duckdb connection 'list_dev'
[0m22:10:56.639099 [debug] [ThreadPool]: Using duckdb connection "list_dev"
[0m22:10:56.639099 [debug] [ThreadPool]: On list_dev: /* {"app": "dbt", "dbt_version": "1.11.12", "profile_name": "edinet_growth_analysis", "target_name": "dev", "connection_name": "list_dev"} */

    
    select schema_name
    from system.information_schema.schemata
    
    where lower(catalog_name) = '"dev"'
    
  
  
[0m22:10:56.640107 [debug] [ThreadPool]: Opening a new connection, currently in state init
[0m22:10:56.651619 [debug] [ThreadPool]: SQL status: OK in 0.011 seconds
[0m22:10:56.652670 [debug] [ThreadPool]: On list_dev: Close
[0m22:10:56.652670 [debug] [ThreadPool]: Re-using an available connection from the pool (formerly list_dev, now create_dev_main)
[0m22:10:56.653674 [debug] [ThreadPool]: Creating schema "database: "dev"
schema: "main"
"
[0m22:10:56.657689 [debug] [ThreadPool]: Using duckdb connection "create_dev_main"
[0m22:10:56.657689 [debug] [ThreadPool]: On create_dev_main: /* {"app": "dbt", "dbt_version": "1.11.12", "profile_name": "edinet_growth_analysis", "target_name": "dev", "connection_name": "create_dev_main"} */

    
        select type from duckdb_databases()
        where lower(database_name)='dev'
        and type='sqlite'
    
  
[0m22:10:56.657689 [debug] [ThreadPool]: Opening a new connection, currently in state closed
[0m22:10:56.657689 [debug] [ThreadPool]: SQL status: OK in 0.001 seconds
[0m22:10:56.659195 [debug] [ThreadPool]: Using duckdb connection "create_dev_main"
[0m22:10:56.660200 [debug] [ThreadPool]: On create_dev_main: BEGIN
[0m22:10:56.660200 [debug] [ThreadPool]: SQL status: OK in 0.000 seconds
[0m22:10:56.660200 [debug] [ThreadPool]: Using duckdb connection "create_dev_main"
[0m22:10:56.660200 [debug] [ThreadPool]: On create_dev_main: /* {"app": "dbt", "dbt_version": "1.11.12", "profile_name": "edinet_growth_analysis", "target_name": "dev", "connection_name": "create_dev_main"} */

    
    
        create schema if not exists "dev"."main"
    
[0m22:10:56.661215 [debug] [ThreadPool]: SQL status: OK in 0.000 seconds
[0m22:10:56.661215 [debug] [ThreadPool]: On create_dev_main: COMMIT
[0m22:10:56.662216 [debug] [ThreadPool]: Using duckdb connection "create_dev_main"
[0m22:10:56.662216 [debug] [ThreadPool]: On create_dev_main: COMMIT
[0m22:10:56.662216 [debug] [ThreadPool]: SQL status: OK in 0.000 seconds
[0m22:10:56.663199 [debug] [ThreadPool]: On create_dev_main: Close
[0m22:10:56.664198 [debug] [ThreadPool]: Acquiring new duckdb connection 'list_dev_main'
[0m22:10:56.667214 [debug] [ThreadPool]: Using duckdb connection "list_dev_main"
[0m22:10:56.667214 [debug] [ThreadPool]: On list_dev_main: BEGIN
[0m22:10:56.667214 [debug] [ThreadPool]: Opening a new connection, currently in state init
[0m22:10:56.668205 [debug] [ThreadPool]: SQL status: OK in 0.000 seconds
[0m22:10:56.668205 [debug] [ThreadPool]: Using duckdb connection "list_dev_main"
[0m22:10:56.668205 [debug] [ThreadPool]: On list_dev_main: /* {"app": "dbt", "dbt_version": "1.11.12", "profile_name": "edinet_growth_analysis", "target_name": "dev", "connection_name": "list_dev_main"} */
select
      'dev' as database,
      table_name as name,
      table_schema as schema,
      CASE table_type
        WHEN 'BASE TABLE' THEN 'table'
        WHEN 'VIEW' THEN 'view'
        WHEN 'LOCAL TEMPORARY' THEN 'table'
        END as type
    from system.information_schema.tables
    where lower(table_schema) = 'main'
    and lower(table_catalog) = 'dev'
  
[0m22:10:56.672714 [debug] [ThreadPool]: SQL status: OK in 0.004 seconds
[0m22:10:56.673720 [debug] [ThreadPool]: On list_dev_main: ROLLBACK
[0m22:10:56.674720 [debug] [ThreadPool]: Failed to rollback 'list_dev_main'
[0m22:10:56.674720 [debug] [ThreadPool]: On list_dev_main: Close
[0m22:10:56.675715 [debug] [MainThread]: Sending event: {'category': 'dbt', 'action': 'runnable_timing', 'label': '2a6ba9a2-e74b-40da-b40b-265383a5eb43', 'context': [<snowplow_tracker.self_describing_json.SelfDescribingJson object at 0x000001BA024D8140>]}
[0m22:10:56.675715 [debug] [MainThread]: Using duckdb connection "master"
[0m22:10:56.676716 [debug] [MainThread]: On master: BEGIN
[0m22:10:56.676716 [debug] [MainThread]: Opening a new connection, currently in state init
[0m22:10:56.676716 [debug] [MainThread]: SQL status: OK in 0.000 seconds
[0m22:10:56.677716 [debug] [MainThread]: On master: COMMIT
[0m22:10:56.677716 [debug] [MainThread]: Using duckdb connection "master"
[0m22:10:56.677716 [debug] [MainThread]: On master: COMMIT
[0m22:10:56.677716 [debug] [MainThread]: SQL status: OK in 0.000 seconds
[0m22:10:56.677716 [debug] [MainThread]: On master: Close
[0m22:10:56.684228 [debug] [Thread-1 (]: Began running node model.edinet_growth_analysis.growth_rate_overEqual40
[0m22:10:56.684228 [info ] [Thread-1 (]: 1 of 3 START sql table model main.growth_rate_overEqual40 ...................... [RUN]
[0m22:10:56.686227 [debug] [Thread-1 (]: Acquiring new duckdb connection 'model.edinet_growth_analysis.growth_rate_overEqual40'
[0m22:10:56.686227 [debug] [Thread-1 (]: Began compiling node model.edinet_growth_analysis.growth_rate_overEqual40
[0m22:10:56.690297 [debug] [Thread-1 (]: Writing injected SQL for node "model.edinet_growth_analysis.growth_rate_overEqual40"
[0m22:10:56.691330 [debug] [Thread-1 (]: Began executing node model.edinet_growth_analysis.growth_rate_overEqual40
[0m22:10:56.709413 [debug] [Thread-1 (]: Writing runtime sql for node "model.edinet_growth_analysis.growth_rate_overEqual40"
[0m22:10:56.710406 [debug] [Thread-1 (]: Using duckdb connection "model.edinet_growth_analysis.growth_rate_overEqual40"
[0m22:10:56.710406 [debug] [Thread-1 (]: On model.edinet_growth_analysis.growth_rate_overEqual40: BEGIN
[0m22:10:56.710406 [debug] [Thread-1 (]: Opening a new connection, currently in state init
[0m22:10:56.711820 [debug] [Thread-1 (]: SQL status: OK in 0.001 seconds
[0m22:10:56.711820 [debug] [Thread-1 (]: Using duckdb connection "model.edinet_growth_analysis.growth_rate_overEqual40"
[0m22:10:56.711820 [debug] [Thread-1 (]: On model.edinet_growth_analysis.growth_rate_overEqual40: /* {"app": "dbt", "dbt_version": "1.11.12", "profile_name": "edinet_growth_analysis", "target_name": "dev", "node_id": "model.edinet_growth_analysis.growth_rate_overEqual40"} */

  
    
    

    create  table
      "dev"."main"."growth_rate_overEqual40__dbt_tmp"
  
    as (
      WITH clients AS (
    PIVOT "dev"."main"."net_value_clients"
    ON relative_year
    USING first(net_sales_yen)
),
clients_growth_rate AS (
    SELECT company, ROUND((((CurrentYear/Prior4Year)-1)*100), 2) as growth_rate_2022to2026 
    FROM clients
    WHERE growth_rate_2022to2026 >= 40
)
SELECT * FROM clients_growth_rate
    );
  
  
[0m22:10:56.724337 [debug] [Thread-1 (]: SQL status: OK in 0.012 seconds
[0m22:10:56.727352 [debug] [Thread-1 (]: Using duckdb connection "model.edinet_growth_analysis.growth_rate_overEqual40"
[0m22:10:56.728877 [debug] [Thread-1 (]: On model.edinet_growth_analysis.growth_rate_overEqual40: /* {"app": "dbt", "dbt_version": "1.11.12", "profile_name": "edinet_growth_analysis", "target_name": "dev", "node_id": "model.edinet_growth_analysis.growth_rate_overEqual40"} */
alter table "dev"."main"."growth_rate_overEqual40__dbt_tmp" rename to "growth_rate_overEqual40"
[0m22:10:56.728877 [debug] [Thread-1 (]: SQL status: OK in 0.000 seconds
[0m22:10:56.738891 [debug] [Thread-1 (]: On model.edinet_growth_analysis.growth_rate_overEqual40: COMMIT
[0m22:10:56.739428 [debug] [Thread-1 (]: Using duckdb connection "model.edinet_growth_analysis.growth_rate_overEqual40"
[0m22:10:56.739428 [debug] [Thread-1 (]: On model.edinet_growth_analysis.growth_rate_overEqual40: COMMIT
[0m22:10:56.744446 [debug] [Thread-1 (]: SQL status: OK in 0.005 seconds
[0m22:10:56.784470 [debug] [Thread-1 (]: Using duckdb connection "model.edinet_growth_analysis.growth_rate_overEqual40"
[0m22:10:56.784470 [debug] [Thread-1 (]: On model.edinet_growth_analysis.growth_rate_overEqual40: /* {"app": "dbt", "dbt_version": "1.11.12", "profile_name": "edinet_growth_analysis", "target_name": "dev", "node_id": "model.edinet_growth_analysis.growth_rate_overEqual40"} */

      drop table if exists "dev"."main"."growth_rate_overEqual40__dbt_backup" cascade
    
[0m22:10:56.785471 [debug] [Thread-1 (]: SQL status: OK in 0.000 seconds
[0m22:10:56.786471 [debug] [Thread-1 (]: On model.edinet_growth_analysis.growth_rate_overEqual40: Close
[0m22:10:56.787471 [debug] [Thread-1 (]: Sending event: {'category': 'dbt', 'action': 'run_model', 'label': '2a6ba9a2-e74b-40da-b40b-265383a5eb43', 'context': [<snowplow_tracker.self_describing_json.SelfDescribingJson object at 0x000001BA02364410>]}
[0m22:10:56.788977 [info ] [Thread-1 (]: 1 of 3 OK created sql table model main.growth_rate_overEqual40 ................. [[32mOK[0m in 0.10s]
[0m22:10:56.789993 [debug] [Thread-1 (]: Finished running node model.edinet_growth_analysis.growth_rate_overEqual40
[0m22:10:56.789993 [debug] [Thread-1 (]: Began running node model.edinet_growth_analysis.my_first_dbt_model
[0m22:10:56.789993 [info ] [Thread-1 (]: 2 of 3 START sql table model main.my_first_dbt_model ........................... [RUN]
[0m22:10:56.791984 [debug] [Thread-1 (]: Re-using an available connection from the pool (formerly model.edinet_growth_analysis.growth_rate_overEqual40, now model.edinet_growth_analysis.my_first_dbt_model)
[0m22:10:56.791984 [debug] [Thread-1 (]: Began compiling node model.edinet_growth_analysis.my_first_dbt_model
[0m22:10:56.793982 [debug] [Thread-1 (]: Writing injected SQL for node "model.edinet_growth_analysis.my_first_dbt_model"
[0m22:10:56.793982 [debug] [Thread-1 (]: Began executing node model.edinet_growth_analysis.my_first_dbt_model
[0m22:10:56.795983 [debug] [Thread-1 (]: Writing runtime sql for node "model.edinet_growth_analysis.my_first_dbt_model"
[0m22:10:56.796983 [debug] [Thread-1 (]: Using duckdb connection "model.edinet_growth_analysis.my_first_dbt_model"
[0m22:10:56.796983 [debug] [Thread-1 (]: On model.edinet_growth_analysis.my_first_dbt_model: BEGIN
[0m22:10:56.796983 [debug] [Thread-1 (]: Opening a new connection, currently in state closed
[0m22:10:56.797982 [debug] [Thread-1 (]: SQL status: OK in 0.001 seconds
[0m22:10:56.797982 [debug] [Thread-1 (]: Using duckdb connection "model.edinet_growth_analysis.my_first_dbt_model"
[0m22:10:56.797982 [debug] [Thread-1 (]: On model.edinet_growth_analysis.my_first_dbt_model: /* {"app": "dbt", "dbt_version": "1.11.12", "profile_name": "edinet_growth_analysis", "target_name": "dev", "node_id": "model.edinet_growth_analysis.my_first_dbt_model"} */

  
    
    

    create  table
      "dev"."main"."my_first_dbt_model__dbt_tmp"
  
    as (
      /*
    Welcome to your first dbt model!
    Did you know that you can also configure models directly within SQL files?
    This will override configurations stated in dbt_project.yml

    Try changing "table" to "view" below
*/



with source_data as (

    select 1 as id
    union all
    select null as id

)

select *
from source_data

/*
    Uncomment the line below to remove records with null `id` values
*/

-- where id is not null
    );
  
  
[0m22:10:56.799009 [debug] [Thread-1 (]: SQL status: OK in 0.001 seconds
[0m22:10:56.803176 [debug] [Thread-1 (]: Using duckdb connection "model.edinet_growth_analysis.my_first_dbt_model"
[0m22:10:56.803176 [debug] [Thread-1 (]: On model.edinet_growth_analysis.my_first_dbt_model: /* {"app": "dbt", "dbt_version": "1.11.12", "profile_name": "edinet_growth_analysis", "target_name": "dev", "node_id": "model.edinet_growth_analysis.my_first_dbt_model"} */

    SELECT index_name
    FROM duckdb_indexes()
    WHERE schema_name = 'main'
      AND table_name = 'my_first_dbt_model'
  
[0m22:10:56.804176 [debug] [Thread-1 (]: SQL status: OK in 0.000 seconds
[0m22:10:56.805178 [debug] [Thread-1 (]: Using duckdb connection "model.edinet_growth_analysis.my_first_dbt_model"
[0m22:10:56.805178 [debug] [Thread-1 (]: On model.edinet_growth_analysis.my_first_dbt_model: /* {"app": "dbt", "dbt_version": "1.11.12", "profile_name": "edinet_growth_analysis", "target_name": "dev", "node_id": "model.edinet_growth_analysis.my_first_dbt_model"} */

    SELECT COUNT(*) as remaining_indexes
    FROM duckdb_indexes()
    WHERE schema_name = 'main'
      AND table_name = 'my_first_dbt_model'
  
[0m22:10:56.806176 [debug] [Thread-1 (]: SQL status: OK in 0.000 seconds
[0m22:10:56.808176 [debug] [Thread-1 (]: Using duckdb connection "model.edinet_growth_analysis.my_first_dbt_model"
[0m22:10:56.808176 [debug] [Thread-1 (]: On model.edinet_growth_analysis.my_first_dbt_model: /* {"app": "dbt", "dbt_version": "1.11.12", "profile_name": "edinet_growth_analysis", "target_name": "dev", "node_id": "model.edinet_growth_analysis.my_first_dbt_model"} */
alter table "dev"."main"."my_first_dbt_model" rename to "my_first_dbt_model__dbt_backup"
[0m22:10:56.809176 [debug] [Thread-1 (]: SQL status: OK in 0.000 seconds
[0m22:10:56.810689 [debug] [Thread-1 (]: Using duckdb connection "model.edinet_growth_analysis.my_first_dbt_model"
[0m22:10:56.810689 [debug] [Thread-1 (]: On model.edinet_growth_analysis.my_first_dbt_model: /* {"app": "dbt", "dbt_version": "1.11.12", "profile_name": "edinet_growth_analysis", "target_name": "dev", "node_id": "model.edinet_growth_analysis.my_first_dbt_model"} */
alter table "dev"."main"."my_first_dbt_model__dbt_tmp" rename to "my_first_dbt_model"
[0m22:10:56.811694 [debug] [Thread-1 (]: SQL status: OK in 0.000 seconds
[0m22:10:56.813695 [debug] [Thread-1 (]: On model.edinet_growth_analysis.my_first_dbt_model: COMMIT
[0m22:10:56.813695 [debug] [Thread-1 (]: Using duckdb connection "model.edinet_growth_analysis.my_first_dbt_model"
[0m22:10:56.813695 [debug] [Thread-1 (]: On model.edinet_growth_analysis.my_first_dbt_model: COMMIT
[0m22:10:56.816715 [debug] [Thread-1 (]: SQL status: OK in 0.002 seconds
[0m22:10:56.817695 [debug] [Thread-1 (]: Using duckdb connection "model.edinet_growth_analysis.my_first_dbt_model"
[0m22:10:56.817695 [debug] [Thread-1 (]: On model.edinet_growth_analysis.my_first_dbt_model: /* {"app": "dbt", "dbt_version": "1.11.12", "profile_name": "edinet_growth_analysis", "target_name": "dev", "node_id": "model.edinet_growth_analysis.my_first_dbt_model"} */

      drop table if exists "dev"."main"."my_first_dbt_model__dbt_backup" cascade
    
[0m22:10:56.820207 [debug] [Thread-1 (]: SQL status: OK in 0.002 seconds
[0m22:10:56.821205 [debug] [Thread-1 (]: On model.edinet_growth_analysis.my_first_dbt_model: Close
[0m22:10:56.822206 [debug] [Thread-1 (]: Sending event: {'category': 'dbt', 'action': 'run_model', 'label': '2a6ba9a2-e74b-40da-b40b-265383a5eb43', 'context': [<snowplow_tracker.self_describing_json.SelfDescribingJson object at 0x000001BA0275FE90>]}
[0m22:10:56.822206 [info ] [Thread-1 (]: 2 of 3 OK created sql table model main.my_first_dbt_model ...................... [[32mOK[0m in 0.03s]
[0m22:10:56.823205 [debug] [Thread-1 (]: Finished running node model.edinet_growth_analysis.my_first_dbt_model
[0m22:10:56.823205 [debug] [Thread-1 (]: Began running node model.edinet_growth_analysis.my_second_dbt_model
[0m22:10:56.824204 [info ] [Thread-1 (]: 3 of 3 START sql table model main.my_second_dbt_model .......................... [RUN]
[0m22:10:56.824204 [debug] [Thread-1 (]: Re-using an available connection from the pool (formerly model.edinet_growth_analysis.my_first_dbt_model, now model.edinet_growth_analysis.my_second_dbt_model)
[0m22:10:56.825205 [debug] [Thread-1 (]: Began compiling node model.edinet_growth_analysis.my_second_dbt_model
[0m22:10:56.826206 [debug] [Thread-1 (]: Writing injected SQL for node "model.edinet_growth_analysis.my_second_dbt_model"
[0m22:10:56.827205 [debug] [Thread-1 (]: Began executing node model.edinet_growth_analysis.my_second_dbt_model
[0m22:10:56.829206 [debug] [Thread-1 (]: Writing runtime sql for node "model.edinet_growth_analysis.my_second_dbt_model"
[0m22:10:56.829711 [debug] [Thread-1 (]: Using duckdb connection "model.edinet_growth_analysis.my_second_dbt_model"
[0m22:10:56.829711 [debug] [Thread-1 (]: On model.edinet_growth_analysis.my_second_dbt_model: BEGIN
[0m22:10:56.830748 [debug] [Thread-1 (]: Opening a new connection, currently in state closed
[0m22:10:56.830748 [debug] [Thread-1 (]: SQL status: OK in 0.001 seconds
[0m22:10:56.830748 [debug] [Thread-1 (]: Using duckdb connection "model.edinet_growth_analysis.my_second_dbt_model"
[0m22:10:56.831717 [debug] [Thread-1 (]: On model.edinet_growth_analysis.my_second_dbt_model: /* {"app": "dbt", "dbt_version": "1.11.12", "profile_name": "edinet_growth_analysis", "target_name": "dev", "node_id": "model.edinet_growth_analysis.my_second_dbt_model"} */

  
    
    

    create  table
      "dev"."main"."my_second_dbt_model__dbt_tmp"
  
    as (
      -- Use the `ref` function to select from other models

select *
from "dev"."main"."my_first_dbt_model"
where id = 1
    );
  
  
[0m22:10:56.832718 [debug] [Thread-1 (]: SQL status: OK in 0.000 seconds
[0m22:10:56.832718 [debug] [Thread-1 (]: Using duckdb connection "model.edinet_growth_analysis.my_second_dbt_model"
[0m22:10:56.833717 [debug] [Thread-1 (]: On model.edinet_growth_analysis.my_second_dbt_model: /* {"app": "dbt", "dbt_version": "1.11.12", "profile_name": "edinet_growth_analysis", "target_name": "dev", "node_id": "model.edinet_growth_analysis.my_second_dbt_model"} */

    SELECT index_name
    FROM duckdb_indexes()
    WHERE schema_name = 'main'
      AND table_name = 'my_second_dbt_model'
  
[0m22:10:56.833717 [debug] [Thread-1 (]: SQL status: OK in 0.000 seconds
[0m22:10:56.834718 [debug] [Thread-1 (]: Using duckdb connection "model.edinet_growth_analysis.my_second_dbt_model"
[0m22:10:56.834718 [debug] [Thread-1 (]: On model.edinet_growth_analysis.my_second_dbt_model: /* {"app": "dbt", "dbt_version": "1.11.12", "profile_name": "edinet_growth_analysis", "target_name": "dev", "node_id": "model.edinet_growth_analysis.my_second_dbt_model"} */

    SELECT COUNT(*) as remaining_indexes
    FROM duckdb_indexes()
    WHERE schema_name = 'main'
      AND table_name = 'my_second_dbt_model'
  
[0m22:10:56.835724 [debug] [Thread-1 (]: SQL status: OK in 0.000 seconds
[0m22:10:56.837718 [debug] [Thread-1 (]: Using duckdb connection "model.edinet_growth_analysis.my_second_dbt_model"
[0m22:10:56.837718 [debug] [Thread-1 (]: On model.edinet_growth_analysis.my_second_dbt_model: /* {"app": "dbt", "dbt_version": "1.11.12", "profile_name": "edinet_growth_analysis", "target_name": "dev", "node_id": "model.edinet_growth_analysis.my_second_dbt_model"} */
alter view "dev"."main"."my_second_dbt_model" rename to "my_second_dbt_model__dbt_backup"
[0m22:10:56.837718 [debug] [Thread-1 (]: SQL status: OK in 0.000 seconds
[0m22:10:56.840230 [debug] [Thread-1 (]: Using duckdb connection "model.edinet_growth_analysis.my_second_dbt_model"
[0m22:10:56.840230 [debug] [Thread-1 (]: On model.edinet_growth_analysis.my_second_dbt_model: /* {"app": "dbt", "dbt_version": "1.11.12", "profile_name": "edinet_growth_analysis", "target_name": "dev", "node_id": "model.edinet_growth_analysis.my_second_dbt_model"} */
alter table "dev"."main"."my_second_dbt_model__dbt_tmp" rename to "my_second_dbt_model"
[0m22:10:56.841235 [debug] [Thread-1 (]: SQL status: OK in 0.000 seconds
[0m22:10:56.842236 [debug] [Thread-1 (]: On model.edinet_growth_analysis.my_second_dbt_model: COMMIT
[0m22:10:56.842236 [debug] [Thread-1 (]: Using duckdb connection "model.edinet_growth_analysis.my_second_dbt_model"
[0m22:10:56.843234 [debug] [Thread-1 (]: On model.edinet_growth_analysis.my_second_dbt_model: COMMIT
[0m22:10:56.845251 [debug] [Thread-1 (]: SQL status: OK in 0.002 seconds
[0m22:10:56.847237 [debug] [Thread-1 (]: Using duckdb connection "model.edinet_growth_analysis.my_second_dbt_model"
[0m22:10:56.848235 [debug] [Thread-1 (]: On model.edinet_growth_analysis.my_second_dbt_model: /* {"app": "dbt", "dbt_version": "1.11.12", "profile_name": "edinet_growth_analysis", "target_name": "dev", "node_id": "model.edinet_growth_analysis.my_second_dbt_model"} */

      drop view if exists "dev"."main"."my_second_dbt_model__dbt_backup" cascade
    
[0m22:10:56.850765 [debug] [Thread-1 (]: SQL status: OK in 0.002 seconds
[0m22:10:56.850765 [debug] [Thread-1 (]: On model.edinet_growth_analysis.my_second_dbt_model: Close
[0m22:10:56.851765 [debug] [Thread-1 (]: Sending event: {'category': 'dbt', 'action': 'run_model', 'label': '2a6ba9a2-e74b-40da-b40b-265383a5eb43', 'context': [<snowplow_tracker.self_describing_json.SelfDescribingJson object at 0x000001BA02339D30>]}
[0m22:10:56.851765 [info ] [Thread-1 (]: 3 of 3 OK created sql table model main.my_second_dbt_model ..................... [[32mOK[0m in 0.03s]
[0m22:10:56.852765 [debug] [Thread-1 (]: Finished running node model.edinet_growth_analysis.my_second_dbt_model
[0m22:10:56.853764 [debug] [MainThread]: Using duckdb connection "master"
[0m22:10:56.853764 [debug] [MainThread]: On master: BEGIN
[0m22:10:56.853764 [debug] [MainThread]: Opening a new connection, currently in state closed
[0m22:10:56.854765 [debug] [MainThread]: SQL status: OK in 0.000 seconds
[0m22:10:56.854765 [debug] [MainThread]: On master: COMMIT
[0m22:10:56.854765 [debug] [MainThread]: Using duckdb connection "master"
[0m22:10:56.854765 [debug] [MainThread]: On master: COMMIT
[0m22:10:56.855765 [debug] [MainThread]: SQL status: OK in 0.000 seconds
[0m22:10:56.855765 [debug] [MainThread]: On master: Close
[0m22:10:56.856765 [debug] [MainThread]: Connection 'master' was properly closed.
[0m22:10:56.856765 [debug] [MainThread]: Connection 'create_dev_main' was properly closed.
[0m22:10:56.856765 [debug] [MainThread]: Connection 'list_dev_main' was properly closed.
[0m22:10:56.856765 [debug] [MainThread]: Connection 'model.edinet_growth_analysis.my_second_dbt_model' was properly closed.
[0m22:10:56.857794 [info ] [MainThread]: 
[0m22:10:56.860341 [info ] [MainThread]: Finished running 3 table models in 0 hours 0 minutes and 0.26 seconds (0.26s).
[0m22:10:56.862338 [debug] [MainThread]: Command end result
[0m22:10:56.877894 [debug] [MainThread]: Wrote artifact WritableManifest to C:\Users\nekoa\project_2026\kayleet_scherbel_project_2026\edinet_growth_analysis\target\manifest.json
[0m22:10:56.879402 [debug] [MainThread]: Wrote artifact SemanticManifest to C:\Users\nekoa\project_2026\kayleet_scherbel_project_2026\edinet_growth_analysis\target\semantic_manifest.json
[0m22:10:56.883414 [debug] [MainThread]: Wrote artifact RunExecutionResult to C:\Users\nekoa\project_2026\kayleet_scherbel_project_2026\edinet_growth_analysis\target\run_results.json
[0m22:10:56.883414 [info ] [MainThread]: 
[0m22:10:56.883414 [info ] [MainThread]: [32mCompleted successfully[0m
[0m22:10:56.886430 [info ] [MainThread]: 
[0m22:10:56.888936 [info ] [MainThread]: Done. PASS=3 WARN=0 ERROR=0 SKIP=0 NO-OP=0 TOTAL=3
[0m22:10:56.890951 [debug] [MainThread]: Command `dbt run` succeeded at 22:10:56.890951 after 1.77 seconds
[0m22:10:56.891952 [debug] [MainThread]: Sending event: {'category': 'dbt', 'action': 'invocation', 'label': 'end', 'context': [<snowplow_tracker.self_describing_json.SelfDescribingJson object at 0x000001BA02484140>, <snowplow_tracker.self_describing_json.SelfDescribingJson object at 0x000001BA7D7E5B20>, <snowplow_tracker.self_describing_json.SelfDescribingJson object at 0x000001BA02595460>]}
[0m22:10:56.891952 [debug] [MainThread]: Flushing usage events
[0m22:10:57.909053 [debug] [MainThread]: An error was encountered while trying to flush usage events
[0m22:18:00.261427 [debug] [MainThread]: Sending event: {'category': 'dbt', 'action': 'invocation', 'label': 'start', 'context': [<snowplow_tracker.self_describing_json.SelfDescribingJson object at 0x0000014C19DA5CA0>, <snowplow_tracker.self_describing_json.SelfDescribingJson object at 0x0000014C1CD2A780>, <snowplow_tracker.self_describing_json.SelfDescribingJson object at 0x0000014C1AEDE000>]}


============================== 22:18:00.264429 | ad2e0201-d535-46b3-89be-33aef1557ca3 ==============================
[0m22:18:00.264429 [info ] [MainThread]: Running with dbt=1.11.12
[0m22:18:00.267427 [debug] [MainThread]: running dbt with arguments {'version_check': 'True', 'no_print': 'None', 'static_parser': 'True', 'target_path': 'None', 'warn_error_options': 'WarnErrorOptionsV2(error=[], warn=[], silence=[])', 'printer_width': '80', 'write_json': 'True', 'introspect': 'True', 'log_cache_events': 'False', 'empty': 'False', 'cache_selected_only': 'False', 'log_format': 'default', 'debug': 'False', 'fail_fast': 'False', 'profiles_dir': 'C:\\Users\\nekoa\\.dbt', 'send_anonymous_usage_stats': 'True', 'quiet': 'False', 'warn_error': 'None', 'partial_parse': 'True', 'indirect_selection': 'eager', 'use_colors': 'True', 'invocation_command': 'dbt run', 'use_experimental_parser': 'False', 'log_path': 'C:\\Users\\nekoa\\project_2026\\kayleet_scherbel_project_2026\\edinet_growth_analysis\\logs'}
[0m22:18:00.414855 [debug] [MainThread]: Sending event: {'category': 'dbt', 'action': 'project_id', 'label': 'ad2e0201-d535-46b3-89be-33aef1557ca3', 'context': [<snowplow_tracker.self_describing_json.SelfDescribingJson object at 0x0000014C1E9E8C50>]}
[0m22:18:00.453567 [debug] [MainThread]: Sending event: {'category': 'dbt', 'action': 'adapter_info', 'label': 'ad2e0201-d535-46b3-89be-33aef1557ca3', 'context': [<snowplow_tracker.self_describing_json.SelfDescribingJson object at 0x0000014C1D6FAEA0>]}
[0m22:18:00.455567 [info ] [MainThread]: Registered adapter: duckdb=1.10.1
[0m22:18:00.613308 [debug] [MainThread]: checksum: f368f5348cf42803b94ef7fb8257ecf3bf9a9a16dd9c8c51fe5172f2dbeb457f, vars: {}, profile: , target: , version: 1.11.12
[0m22:18:00.676020 [info ] [MainThread]: Unable to do partial parsing because a project config has changed
[0m22:18:00.676020 [debug] [MainThread]: Sending event: {'category': 'dbt', 'action': 'partial_parser', 'label': 'ad2e0201-d535-46b3-89be-33aef1557ca3', 'context': [<snowplow_tracker.self_describing_json.SelfDescribingJson object at 0x0000014C1F631F10>]}
[0m22:18:01.517689 [debug] [MainThread]: Sending event: {'category': 'dbt', 'action': 'load_project', 'label': 'ad2e0201-d535-46b3-89be-33aef1557ca3', 'context': [<snowplow_tracker.self_describing_json.SelfDescribingJson object at 0x0000014C1F905DF0>]}
[0m22:18:01.567829 [debug] [MainThread]: Wrote artifact WritableManifest to C:\Users\nekoa\project_2026\kayleet_scherbel_project_2026\edinet_growth_analysis\target\manifest.json
[0m22:18:01.569334 [debug] [MainThread]: Wrote artifact SemanticManifest to C:\Users\nekoa\project_2026\kayleet_scherbel_project_2026\edinet_growth_analysis\target\semantic_manifest.json
[0m22:18:01.577340 [debug] [MainThread]: Sending event: {'category': 'dbt', 'action': 'resource_counts', 'label': 'ad2e0201-d535-46b3-89be-33aef1557ca3', 'context': [<snowplow_tracker.self_describing_json.SelfDescribingJson object at 0x0000014C1FB10080>]}
[0m22:18:01.578339 [info ] [MainThread]: Found 3 models, 1 seed, 4 data tests, 485 macros
[0m22:18:01.579896 [debug] [MainThread]: Sending event: {'category': 'dbt', 'action': 'runnable_timing', 'label': 'ad2e0201-d535-46b3-89be-33aef1557ca3', 'context': [<snowplow_tracker.self_describing_json.SelfDescribingJson object at 0x0000014C1FAED880>]}
[0m22:18:01.580916 [info ] [MainThread]: 
[0m22:18:01.582886 [info ] [MainThread]: Concurrency: 1 threads (target='dev')
[0m22:18:01.584903 [info ] [MainThread]: 
[0m22:18:01.586886 [debug] [MainThread]: Acquiring new duckdb connection 'master'
[0m22:18:01.591403 [debug] [ThreadPool]: Acquiring new duckdb connection 'list_dev'
[0m22:18:01.630689 [debug] [ThreadPool]: Using duckdb connection "list_dev"
[0m22:18:01.630689 [debug] [ThreadPool]: On list_dev: /* {"app": "dbt", "dbt_version": "1.11.12", "profile_name": "edinet_growth_analysis", "target_name": "dev", "connection_name": "list_dev"} */

    
    select schema_name
    from system.information_schema.schemata
    
    where lower(catalog_name) = '"dev"'
    
  
  
[0m22:18:01.630689 [debug] [ThreadPool]: Opening a new connection, currently in state init
[0m22:18:01.642261 [debug] [ThreadPool]: SQL status: OK in 0.011 seconds
[0m22:18:01.643261 [debug] [ThreadPool]: On list_dev: Close
[0m22:18:01.644264 [debug] [ThreadPool]: Re-using an available connection from the pool (formerly list_dev, now create_dev_main)
[0m22:18:01.644264 [debug] [ThreadPool]: Creating schema "database: "dev"
schema: "main"
"
[0m22:18:01.648262 [debug] [ThreadPool]: Using duckdb connection "create_dev_main"
[0m22:18:01.648262 [debug] [ThreadPool]: On create_dev_main: /* {"app": "dbt", "dbt_version": "1.11.12", "profile_name": "edinet_growth_analysis", "target_name": "dev", "connection_name": "create_dev_main"} */

    
        select type from duckdb_databases()
        where lower(database_name)='dev'
        and type='sqlite'
    
  
[0m22:18:01.649266 [debug] [ThreadPool]: Opening a new connection, currently in state closed
[0m22:18:01.649771 [debug] [ThreadPool]: SQL status: OK in 0.001 seconds
[0m22:18:01.650778 [debug] [ThreadPool]: Using duckdb connection "create_dev_main"
[0m22:18:01.650778 [debug] [ThreadPool]: On create_dev_main: BEGIN
[0m22:18:01.651783 [debug] [ThreadPool]: SQL status: OK in 0.000 seconds
[0m22:18:01.651783 [debug] [ThreadPool]: Using duckdb connection "create_dev_main"
[0m22:18:01.651783 [debug] [ThreadPool]: On create_dev_main: /* {"app": "dbt", "dbt_version": "1.11.12", "profile_name": "edinet_growth_analysis", "target_name": "dev", "connection_name": "create_dev_main"} */

    
    
        create schema if not exists "dev"."main"
    
[0m22:18:01.651783 [debug] [ThreadPool]: SQL status: OK in 0.000 seconds
[0m22:18:01.652783 [debug] [ThreadPool]: On create_dev_main: COMMIT
[0m22:18:01.652783 [debug] [ThreadPool]: Using duckdb connection "create_dev_main"
[0m22:18:01.653783 [debug] [ThreadPool]: On create_dev_main: COMMIT
[0m22:18:01.653783 [debug] [ThreadPool]: SQL status: OK in 0.000 seconds
[0m22:18:01.653783 [debug] [ThreadPool]: On create_dev_main: Close
[0m22:18:01.655822 [debug] [ThreadPool]: Acquiring new duckdb connection 'list_dev_main'
[0m22:18:01.659332 [debug] [ThreadPool]: Using duckdb connection "list_dev_main"
[0m22:18:01.659332 [debug] [ThreadPool]: On list_dev_main: BEGIN
[0m22:18:01.659332 [debug] [ThreadPool]: Opening a new connection, currently in state init
[0m22:18:01.660349 [debug] [ThreadPool]: SQL status: OK in 0.000 seconds
[0m22:18:01.660349 [debug] [ThreadPool]: Using duckdb connection "list_dev_main"
[0m22:18:01.660349 [debug] [ThreadPool]: On list_dev_main: /* {"app": "dbt", "dbt_version": "1.11.12", "profile_name": "edinet_growth_analysis", "target_name": "dev", "connection_name": "list_dev_main"} */
select
      'dev' as database,
      table_name as name,
      table_schema as schema,
      CASE table_type
        WHEN 'BASE TABLE' THEN 'table'
        WHEN 'VIEW' THEN 'view'
        WHEN 'LOCAL TEMPORARY' THEN 'table'
        END as type
    from system.information_schema.tables
    where lower(table_schema) = 'main'
    and lower(table_catalog) = 'dev'
  
[0m22:18:01.663354 [debug] [ThreadPool]: SQL status: OK in 0.002 seconds
[0m22:18:01.663354 [debug] [ThreadPool]: On list_dev_main: ROLLBACK
[0m22:18:01.664355 [debug] [ThreadPool]: Failed to rollback 'list_dev_main'
[0m22:18:01.665354 [debug] [ThreadPool]: On list_dev_main: Close
[0m22:18:01.666392 [debug] [MainThread]: Sending event: {'category': 'dbt', 'action': 'runnable_timing', 'label': 'ad2e0201-d535-46b3-89be-33aef1557ca3', 'context': [<snowplow_tracker.self_describing_json.SelfDescribingJson object at 0x0000014C1F71D0D0>]}
[0m22:18:01.666392 [debug] [MainThread]: Using duckdb connection "master"
[0m22:18:01.666392 [debug] [MainThread]: On master: BEGIN
[0m22:18:01.666392 [debug] [MainThread]: Opening a new connection, currently in state init
[0m22:18:01.667355 [debug] [MainThread]: SQL status: OK in 0.000 seconds
[0m22:18:01.667355 [debug] [MainThread]: On master: COMMIT
[0m22:18:01.667355 [debug] [MainThread]: Using duckdb connection "master"
[0m22:18:01.668355 [debug] [MainThread]: On master: COMMIT
[0m22:18:01.668355 [debug] [MainThread]: SQL status: OK in 0.000 seconds
[0m22:18:01.668355 [debug] [MainThread]: On master: Close
[0m22:18:01.677918 [debug] [Thread-1 (]: Began running node model.edinet_growth_analysis.growth_rate_overEqual40
[0m22:18:01.677918 [info ] [Thread-1 (]: 1 of 3 START sql table model main.growth_rate_overEqual40 ...................... [RUN]
[0m22:18:01.680433 [debug] [Thread-1 (]: Acquiring new duckdb connection 'model.edinet_growth_analysis.growth_rate_overEqual40'
[0m22:18:01.680433 [debug] [Thread-1 (]: Began compiling node model.edinet_growth_analysis.growth_rate_overEqual40
[0m22:18:01.685435 [debug] [Thread-1 (]: Writing injected SQL for node "model.edinet_growth_analysis.growth_rate_overEqual40"
[0m22:18:01.685435 [debug] [Thread-1 (]: Began executing node model.edinet_growth_analysis.growth_rate_overEqual40
[0m22:18:01.703532 [debug] [Thread-1 (]: Writing runtime sql for node "model.edinet_growth_analysis.growth_rate_overEqual40"
[0m22:18:01.704532 [debug] [Thread-1 (]: Using duckdb connection "model.edinet_growth_analysis.growth_rate_overEqual40"
[0m22:18:01.704532 [debug] [Thread-1 (]: On model.edinet_growth_analysis.growth_rate_overEqual40: BEGIN
[0m22:18:01.704532 [debug] [Thread-1 (]: Opening a new connection, currently in state init
[0m22:18:01.705532 [debug] [Thread-1 (]: SQL status: OK in 0.001 seconds
[0m22:18:01.705532 [debug] [Thread-1 (]: Using duckdb connection "model.edinet_growth_analysis.growth_rate_overEqual40"
[0m22:18:01.706531 [debug] [Thread-1 (]: On model.edinet_growth_analysis.growth_rate_overEqual40: /* {"app": "dbt", "dbt_version": "1.11.12", "profile_name": "edinet_growth_analysis", "target_name": "dev", "node_id": "model.edinet_growth_analysis.growth_rate_overEqual40"} */

  
    
    

    create  table
      "dev"."main"."growth_rate_overEqual40__dbt_tmp"
  
    as (
      WITH clients AS (
    PIVOT "dev"."main"."net_value_clients"
    ON relative_year
    USING first(net_sales_yen)
),
clients_growth_rate AS (
    SELECT company, ROUND((((CurrentYear/Prior4Year)-1)*100), 2) as growth_rate_2022to2026 
    FROM clients
    WHERE growth_rate_2022to2026 >= 40
)
SELECT * FROM clients_growth_rate
    );
  
  
[0m22:18:01.712040 [debug] [Thread-1 (]: SQL status: OK in 0.006 seconds
[0m22:18:01.716040 [debug] [Thread-1 (]: Using duckdb connection "model.edinet_growth_analysis.growth_rate_overEqual40"
[0m22:18:01.716040 [debug] [Thread-1 (]: On model.edinet_growth_analysis.growth_rate_overEqual40: /* {"app": "dbt", "dbt_version": "1.11.12", "profile_name": "edinet_growth_analysis", "target_name": "dev", "node_id": "model.edinet_growth_analysis.growth_rate_overEqual40"} */

    SELECT index_name
    FROM duckdb_indexes()
    WHERE schema_name = 'main'
      AND table_name = 'growth_rate_overEqual40'
  
[0m22:18:01.717042 [debug] [Thread-1 (]: SQL status: OK in 0.000 seconds
[0m22:18:01.718041 [debug] [Thread-1 (]: Using duckdb connection "model.edinet_growth_analysis.growth_rate_overEqual40"
[0m22:18:01.718041 [debug] [Thread-1 (]: On model.edinet_growth_analysis.growth_rate_overEqual40: /* {"app": "dbt", "dbt_version": "1.11.12", "profile_name": "edinet_growth_analysis", "target_name": "dev", "node_id": "model.edinet_growth_analysis.growth_rate_overEqual40"} */

    SELECT COUNT(*) as remaining_indexes
    FROM duckdb_indexes()
    WHERE schema_name = 'main'
      AND table_name = 'growth_rate_overEqual40'
  
[0m22:18:01.718041 [debug] [Thread-1 (]: SQL status: OK in 0.000 seconds
[0m22:18:01.723596 [debug] [Thread-1 (]: Using duckdb connection "model.edinet_growth_analysis.growth_rate_overEqual40"
[0m22:18:01.724579 [debug] [Thread-1 (]: On model.edinet_growth_analysis.growth_rate_overEqual40: /* {"app": "dbt", "dbt_version": "1.11.12", "profile_name": "edinet_growth_analysis", "target_name": "dev", "node_id": "model.edinet_growth_analysis.growth_rate_overEqual40"} */
alter table "dev"."main"."growth_rate_overEqual40" rename to "growth_rate_overEqual40__dbt_backup"
[0m22:18:01.724579 [debug] [Thread-1 (]: SQL status: OK in 0.000 seconds
[0m22:18:01.764818 [debug] [Thread-1 (]: Using duckdb connection "model.edinet_growth_analysis.growth_rate_overEqual40"
[0m22:18:01.764818 [debug] [Thread-1 (]: On model.edinet_growth_analysis.growth_rate_overEqual40: /* {"app": "dbt", "dbt_version": "1.11.12", "profile_name": "edinet_growth_analysis", "target_name": "dev", "node_id": "model.edinet_growth_analysis.growth_rate_overEqual40"} */
alter table "dev"."main"."growth_rate_overEqual40__dbt_tmp" rename to "growth_rate_overEqual40"
[0m22:18:01.765818 [debug] [Thread-1 (]: SQL status: OK in 0.000 seconds
[0m22:18:01.776347 [debug] [Thread-1 (]: On model.edinet_growth_analysis.growth_rate_overEqual40: COMMIT
[0m22:18:01.777347 [debug] [Thread-1 (]: Using duckdb connection "model.edinet_growth_analysis.growth_rate_overEqual40"
[0m22:18:01.777347 [debug] [Thread-1 (]: On model.edinet_growth_analysis.growth_rate_overEqual40: COMMIT
[0m22:18:01.780489 [debug] [Thread-1 (]: SQL status: OK in 0.003 seconds
[0m22:18:01.783483 [debug] [Thread-1 (]: Using duckdb connection "model.edinet_growth_analysis.growth_rate_overEqual40"
[0m22:18:01.783483 [debug] [Thread-1 (]: On model.edinet_growth_analysis.growth_rate_overEqual40: /* {"app": "dbt", "dbt_version": "1.11.12", "profile_name": "edinet_growth_analysis", "target_name": "dev", "node_id": "model.edinet_growth_analysis.growth_rate_overEqual40"} */

      drop table if exists "dev"."main"."growth_rate_overEqual40__dbt_backup" cascade
    
[0m22:18:01.786486 [debug] [Thread-1 (]: SQL status: OK in 0.002 seconds
[0m22:18:01.788484 [debug] [Thread-1 (]: On model.edinet_growth_analysis.growth_rate_overEqual40: Close
[0m22:18:01.789484 [debug] [Thread-1 (]: Sending event: {'category': 'dbt', 'action': 'run_model', 'label': 'ad2e0201-d535-46b3-89be-33aef1557ca3', 'context': [<snowplow_tracker.self_describing_json.SelfDescribingJson object at 0x0000014C1FF11AF0>]}
[0m22:18:01.789990 [info ] [Thread-1 (]: 1 of 3 OK created sql table model main.growth_rate_overEqual40 ................. [[32mOK[0m in 0.11s]
[0m22:18:01.790998 [debug] [Thread-1 (]: Finished running node model.edinet_growth_analysis.growth_rate_overEqual40
[0m22:18:01.790998 [debug] [Thread-1 (]: Began running node model.edinet_growth_analysis.my_first_dbt_model
[0m22:18:01.790998 [info ] [Thread-1 (]: 2 of 3 START sql table model main.my_first_dbt_model ........................... [RUN]
[0m22:18:01.791996 [debug] [Thread-1 (]: Re-using an available connection from the pool (formerly model.edinet_growth_analysis.growth_rate_overEqual40, now model.edinet_growth_analysis.my_first_dbt_model)
[0m22:18:01.791996 [debug] [Thread-1 (]: Began compiling node model.edinet_growth_analysis.my_first_dbt_model
[0m22:18:01.793997 [debug] [Thread-1 (]: Writing injected SQL for node "model.edinet_growth_analysis.my_first_dbt_model"
[0m22:18:01.793997 [debug] [Thread-1 (]: Began executing node model.edinet_growth_analysis.my_first_dbt_model
[0m22:18:01.796024 [debug] [Thread-1 (]: Writing runtime sql for node "model.edinet_growth_analysis.my_first_dbt_model"
[0m22:18:01.797007 [debug] [Thread-1 (]: Using duckdb connection "model.edinet_growth_analysis.my_first_dbt_model"
[0m22:18:01.797007 [debug] [Thread-1 (]: On model.edinet_growth_analysis.my_first_dbt_model: BEGIN
[0m22:18:01.797007 [debug] [Thread-1 (]: Opening a new connection, currently in state closed
[0m22:18:01.797996 [debug] [Thread-1 (]: SQL status: OK in 0.000 seconds
[0m22:18:01.797996 [debug] [Thread-1 (]: Using duckdb connection "model.edinet_growth_analysis.my_first_dbt_model"
[0m22:18:01.797996 [debug] [Thread-1 (]: On model.edinet_growth_analysis.my_first_dbt_model: /* {"app": "dbt", "dbt_version": "1.11.12", "profile_name": "edinet_growth_analysis", "target_name": "dev", "node_id": "model.edinet_growth_analysis.my_first_dbt_model"} */

  
    
    

    create  table
      "dev"."main"."my_first_dbt_model__dbt_tmp"
  
    as (
      /*
    Welcome to your first dbt model!
    Did you know that you can also configure models directly within SQL files?
    This will override configurations stated in dbt_project.yml

    Try changing "table" to "view" below
*/



with source_data as (

    select 1 as id
    union all
    select null as id

)

select *
from source_data

/*
    Uncomment the line below to remove records with null `id` values
*/

-- where id is not null
    );
  
  
[0m22:18:01.799499 [debug] [Thread-1 (]: SQL status: OK in 0.001 seconds
[0m22:18:01.800504 [debug] [Thread-1 (]: Using duckdb connection "model.edinet_growth_analysis.my_first_dbt_model"
[0m22:18:01.800504 [debug] [Thread-1 (]: On model.edinet_growth_analysis.my_first_dbt_model: /* {"app": "dbt", "dbt_version": "1.11.12", "profile_name": "edinet_growth_analysis", "target_name": "dev", "node_id": "model.edinet_growth_analysis.my_first_dbt_model"} */

    SELECT index_name
    FROM duckdb_indexes()
    WHERE schema_name = 'main'
      AND table_name = 'my_first_dbt_model'
  
[0m22:18:01.800504 [debug] [Thread-1 (]: SQL status: OK in 0.000 seconds
[0m22:18:01.801503 [debug] [Thread-1 (]: Using duckdb connection "model.edinet_growth_analysis.my_first_dbt_model"
[0m22:18:01.802520 [debug] [Thread-1 (]: On model.edinet_growth_analysis.my_first_dbt_model: /* {"app": "dbt", "dbt_version": "1.11.12", "profile_name": "edinet_growth_analysis", "target_name": "dev", "node_id": "model.edinet_growth_analysis.my_first_dbt_model"} */

    SELECT COUNT(*) as remaining_indexes
    FROM duckdb_indexes()
    WHERE schema_name = 'main'
      AND table_name = 'my_first_dbt_model'
  
[0m22:18:01.802520 [debug] [Thread-1 (]: SQL status: OK in 0.000 seconds
[0m22:18:01.804506 [debug] [Thread-1 (]: Using duckdb connection "model.edinet_growth_analysis.my_first_dbt_model"
[0m22:18:01.804506 [debug] [Thread-1 (]: On model.edinet_growth_analysis.my_first_dbt_model: /* {"app": "dbt", "dbt_version": "1.11.12", "profile_name": "edinet_growth_analysis", "target_name": "dev", "node_id": "model.edinet_growth_analysis.my_first_dbt_model"} */
alter table "dev"."main"."my_first_dbt_model" rename to "my_first_dbt_model__dbt_backup"
[0m22:18:01.805504 [debug] [Thread-1 (]: SQL status: OK in 0.000 seconds
[0m22:18:01.807521 [debug] [Thread-1 (]: Using duckdb connection "model.edinet_growth_analysis.my_first_dbt_model"
[0m22:18:01.807521 [debug] [Thread-1 (]: On model.edinet_growth_analysis.my_first_dbt_model: /* {"app": "dbt", "dbt_version": "1.11.12", "profile_name": "edinet_growth_analysis", "target_name": "dev", "node_id": "model.edinet_growth_analysis.my_first_dbt_model"} */
alter table "dev"."main"."my_first_dbt_model__dbt_tmp" rename to "my_first_dbt_model"
[0m22:18:01.807521 [debug] [Thread-1 (]: SQL status: OK in 0.000 seconds
[0m22:18:01.808503 [debug] [Thread-1 (]: On model.edinet_growth_analysis.my_first_dbt_model: COMMIT
[0m22:18:01.809519 [debug] [Thread-1 (]: Using duckdb connection "model.edinet_growth_analysis.my_first_dbt_model"
[0m22:18:01.809519 [debug] [Thread-1 (]: On model.edinet_growth_analysis.my_first_dbt_model: COMMIT
[0m22:18:01.811773 [debug] [Thread-1 (]: SQL status: OK in 0.002 seconds
[0m22:18:01.813799 [debug] [Thread-1 (]: Using duckdb connection "model.edinet_growth_analysis.my_first_dbt_model"
[0m22:18:01.813799 [debug] [Thread-1 (]: On model.edinet_growth_analysis.my_first_dbt_model: /* {"app": "dbt", "dbt_version": "1.11.12", "profile_name": "edinet_growth_analysis", "target_name": "dev", "node_id": "model.edinet_growth_analysis.my_first_dbt_model"} */

      drop table if exists "dev"."main"."my_first_dbt_model__dbt_backup" cascade
    
[0m22:18:01.816783 [debug] [Thread-1 (]: SQL status: OK in 0.002 seconds
[0m22:18:01.817768 [debug] [Thread-1 (]: On model.edinet_growth_analysis.my_first_dbt_model: Close
[0m22:18:01.817768 [debug] [Thread-1 (]: Sending event: {'category': 'dbt', 'action': 'run_model', 'label': 'ad2e0201-d535-46b3-89be-33aef1557ca3', 'context': [<snowplow_tracker.self_describing_json.SelfDescribingJson object at 0x0000014C1FEE2AE0>]}
[0m22:18:01.817768 [info ] [Thread-1 (]: 2 of 3 OK created sql table model main.my_first_dbt_model ...................... [[32mOK[0m in 0.03s]
[0m22:18:01.820278 [debug] [Thread-1 (]: Finished running node model.edinet_growth_analysis.my_first_dbt_model
[0m22:18:01.820278 [debug] [Thread-1 (]: Began running node model.edinet_growth_analysis.my_second_dbt_model
[0m22:18:01.821280 [info ] [Thread-1 (]: 3 of 3 START sql table model main.my_second_dbt_model .......................... [RUN]
[0m22:18:01.821280 [debug] [Thread-1 (]: Re-using an available connection from the pool (formerly model.edinet_growth_analysis.my_first_dbt_model, now model.edinet_growth_analysis.my_second_dbt_model)
[0m22:18:01.822279 [debug] [Thread-1 (]: Began compiling node model.edinet_growth_analysis.my_second_dbt_model
[0m22:18:01.823301 [debug] [Thread-1 (]: Writing injected SQL for node "model.edinet_growth_analysis.my_second_dbt_model"
[0m22:18:01.824281 [debug] [Thread-1 (]: Began executing node model.edinet_growth_analysis.my_second_dbt_model
[0m22:18:01.826299 [debug] [Thread-1 (]: Writing runtime sql for node "model.edinet_growth_analysis.my_second_dbt_model"
[0m22:18:01.826299 [debug] [Thread-1 (]: Using duckdb connection "model.edinet_growth_analysis.my_second_dbt_model"
[0m22:18:01.826299 [debug] [Thread-1 (]: On model.edinet_growth_analysis.my_second_dbt_model: BEGIN
[0m22:18:01.826299 [debug] [Thread-1 (]: Opening a new connection, currently in state closed
[0m22:18:01.827688 [debug] [Thread-1 (]: SQL status: OK in 0.001 seconds
[0m22:18:01.827688 [debug] [Thread-1 (]: Using duckdb connection "model.edinet_growth_analysis.my_second_dbt_model"
[0m22:18:01.827688 [debug] [Thread-1 (]: On model.edinet_growth_analysis.my_second_dbt_model: /* {"app": "dbt", "dbt_version": "1.11.12", "profile_name": "edinet_growth_analysis", "target_name": "dev", "node_id": "model.edinet_growth_analysis.my_second_dbt_model"} */

  
    
    

    create  table
      "dev"."main"."my_second_dbt_model__dbt_tmp"
  
    as (
      -- Use the `ref` function to select from other models

select *
from "dev"."main"."my_first_dbt_model"
where id = 1
    );
  
  
[0m22:18:01.829191 [debug] [Thread-1 (]: SQL status: OK in 0.000 seconds
[0m22:18:01.830214 [debug] [Thread-1 (]: Using duckdb connection "model.edinet_growth_analysis.my_second_dbt_model"
[0m22:18:01.830214 [debug] [Thread-1 (]: On model.edinet_growth_analysis.my_second_dbt_model: /* {"app": "dbt", "dbt_version": "1.11.12", "profile_name": "edinet_growth_analysis", "target_name": "dev", "node_id": "model.edinet_growth_analysis.my_second_dbt_model"} */

    SELECT index_name
    FROM duckdb_indexes()
    WHERE schema_name = 'main'
      AND table_name = 'my_second_dbt_model'
  
[0m22:18:01.831196 [debug] [Thread-1 (]: SQL status: OK in 0.000 seconds
[0m22:18:01.831196 [debug] [Thread-1 (]: Using duckdb connection "model.edinet_growth_analysis.my_second_dbt_model"
[0m22:18:01.833225 [debug] [Thread-1 (]: On model.edinet_growth_analysis.my_second_dbt_model: /* {"app": "dbt", "dbt_version": "1.11.12", "profile_name": "edinet_growth_analysis", "target_name": "dev", "node_id": "model.edinet_growth_analysis.my_second_dbt_model"} */

    SELECT COUNT(*) as remaining_indexes
    FROM duckdb_indexes()
    WHERE schema_name = 'main'
      AND table_name = 'my_second_dbt_model'
  
[0m22:18:01.834196 [debug] [Thread-1 (]: SQL status: OK in 0.000 seconds
[0m22:18:01.835215 [debug] [Thread-1 (]: Using duckdb connection "model.edinet_growth_analysis.my_second_dbt_model"
[0m22:18:01.836211 [debug] [Thread-1 (]: On model.edinet_growth_analysis.my_second_dbt_model: /* {"app": "dbt", "dbt_version": "1.11.12", "profile_name": "edinet_growth_analysis", "target_name": "dev", "node_id": "model.edinet_growth_analysis.my_second_dbt_model"} */
alter table "dev"."main"."my_second_dbt_model" rename to "my_second_dbt_model__dbt_backup"
[0m22:18:01.836211 [debug] [Thread-1 (]: SQL status: OK in 0.000 seconds
[0m22:18:01.838215 [debug] [Thread-1 (]: Using duckdb connection "model.edinet_growth_analysis.my_second_dbt_model"
[0m22:18:01.838215 [debug] [Thread-1 (]: On model.edinet_growth_analysis.my_second_dbt_model: /* {"app": "dbt", "dbt_version": "1.11.12", "profile_name": "edinet_growth_analysis", "target_name": "dev", "node_id": "model.edinet_growth_analysis.my_second_dbt_model"} */
alter table "dev"."main"."my_second_dbt_model__dbt_tmp" rename to "my_second_dbt_model"
[0m22:18:01.839197 [debug] [Thread-1 (]: SQL status: OK in 0.000 seconds
[0m22:18:01.839197 [debug] [Thread-1 (]: On model.edinet_growth_analysis.my_second_dbt_model: COMMIT
[0m22:18:01.840520 [debug] [Thread-1 (]: Using duckdb connection "model.edinet_growth_analysis.my_second_dbt_model"
[0m22:18:01.840520 [debug] [Thread-1 (]: On model.edinet_growth_analysis.my_second_dbt_model: COMMIT
[0m22:18:01.843525 [debug] [Thread-1 (]: SQL status: OK in 0.002 seconds
[0m22:18:01.844526 [debug] [Thread-1 (]: Using duckdb connection "model.edinet_growth_analysis.my_second_dbt_model"
[0m22:18:01.844526 [debug] [Thread-1 (]: On model.edinet_growth_analysis.my_second_dbt_model: /* {"app": "dbt", "dbt_version": "1.11.12", "profile_name": "edinet_growth_analysis", "target_name": "dev", "node_id": "model.edinet_growth_analysis.my_second_dbt_model"} */

      drop table if exists "dev"."main"."my_second_dbt_model__dbt_backup" cascade
    
[0m22:18:01.847523 [debug] [Thread-1 (]: SQL status: OK in 0.002 seconds
[0m22:18:01.847523 [debug] [Thread-1 (]: On model.edinet_growth_analysis.my_second_dbt_model: Close
[0m22:18:01.848526 [debug] [Thread-1 (]: Sending event: {'category': 'dbt', 'action': 'run_model', 'label': 'ad2e0201-d535-46b3-89be-33aef1557ca3', 'context': [<snowplow_tracker.self_describing_json.SelfDescribingJson object at 0x0000014C1F88B410>]}
[0m22:18:01.848526 [info ] [Thread-1 (]: 3 of 3 OK created sql table model main.my_second_dbt_model ..................... [[32mOK[0m in 0.03s]
[0m22:18:01.849527 [debug] [Thread-1 (]: Finished running node model.edinet_growth_analysis.my_second_dbt_model
[0m22:18:01.850978 [debug] [MainThread]: Using duckdb connection "master"
[0m22:18:01.850978 [debug] [MainThread]: On master: BEGIN
[0m22:18:01.850978 [debug] [MainThread]: Opening a new connection, currently in state closed
[0m22:18:01.851978 [debug] [MainThread]: SQL status: OK in 0.000 seconds
[0m22:18:01.851978 [debug] [MainThread]: On master: COMMIT
[0m22:18:01.851978 [debug] [MainThread]: Using duckdb connection "master"
[0m22:18:01.852985 [debug] [MainThread]: On master: COMMIT
[0m22:18:01.852985 [debug] [MainThread]: SQL status: OK in 0.000 seconds
[0m22:18:01.852985 [debug] [MainThread]: On master: Close
[0m22:18:01.853986 [debug] [MainThread]: Connection 'master' was properly closed.
[0m22:18:01.853986 [debug] [MainThread]: Connection 'create_dev_main' was properly closed.
[0m22:18:01.853986 [debug] [MainThread]: Connection 'list_dev_main' was properly closed.
[0m22:18:01.853986 [debug] [MainThread]: Connection 'model.edinet_growth_analysis.my_second_dbt_model' was properly closed.
[0m22:18:01.854984 [info ] [MainThread]: 
[0m22:18:01.854984 [info ] [MainThread]: Finished running 3 table models in 0 hours 0 minutes and 0.27 seconds (0.27s).
[0m22:18:01.855978 [debug] [MainThread]: Command end result
[0m22:18:01.872079 [debug] [MainThread]: Wrote artifact WritableManifest to C:\Users\nekoa\project_2026\kayleet_scherbel_project_2026\edinet_growth_analysis\target\manifest.json
[0m22:18:01.873078 [debug] [MainThread]: Wrote artifact SemanticManifest to C:\Users\nekoa\project_2026\kayleet_scherbel_project_2026\edinet_growth_analysis\target\semantic_manifest.json
[0m22:18:01.877079 [debug] [MainThread]: Wrote artifact RunExecutionResult to C:\Users\nekoa\project_2026\kayleet_scherbel_project_2026\edinet_growth_analysis\target\run_results.json
[0m22:18:01.877079 [info ] [MainThread]: 
[0m22:18:01.879603 [info ] [MainThread]: [32mCompleted successfully[0m
[0m22:18:01.880656 [info ] [MainThread]: 
[0m22:18:01.881694 [info ] [MainThread]: Done. PASS=3 WARN=0 ERROR=0 SKIP=0 NO-OP=0 TOTAL=3
[0m22:18:01.882657 [debug] [MainThread]: Command `dbt run` succeeded at 22:18:01.882657 after 1.84 seconds
[0m22:18:01.883655 [debug] [MainThread]: Sending event: {'category': 'dbt', 'action': 'invocation', 'label': 'end', 'context': [<snowplow_tracker.self_describing_json.SelfDescribingJson object at 0x0000014C1CC103B0>, <snowplow_tracker.self_describing_json.SelfDescribingJson object at 0x0000014C1F913680>, <snowplow_tracker.self_describing_json.SelfDescribingJson object at 0x0000014C1F911AF0>]}
[0m22:18:01.883655 [debug] [MainThread]: Flushing usage events
[0m22:18:02.863427 [debug] [MainThread]: An error was encountered while trying to flush usage events
[0m22:22:06.096265 [debug] [MainThread]: Sending event: {'category': 'dbt', 'action': 'invocation', 'label': 'start', 'context': [<snowplow_tracker.self_describing_json.SelfDescribingJson object at 0x00000245D6038FE0>, <snowplow_tracker.self_describing_json.SelfDescribingJson object at 0x00000245D5912840>, <snowplow_tracker.self_describing_json.SelfDescribingJson object at 0x00000245D4595A60>]}


============================== 22:22:06.099781 | fe06a90f-fba2-4004-89a3-6aaacfc0e8cf ==============================
[0m22:22:06.099781 [info ] [MainThread]: Running with dbt=1.11.12
[0m22:22:06.099781 [debug] [MainThread]: running dbt with arguments {'version_check': 'True', 'no_print': 'None', 'static_parser': 'True', 'target_path': 'None', 'warn_error_options': 'WarnErrorOptionsV2(error=[], warn=[], silence=[])', 'printer_width': '80', 'write_json': 'True', 'introspect': 'True', 'log_cache_events': 'False', 'empty': 'False', 'cache_selected_only': 'False', 'fail_fast': 'False', 'debug': 'False', 'log_format': 'default', 'partial_parse': 'True', 'send_anonymous_usage_stats': 'True', 'quiet': 'False', 'warn_error': 'None', 'profiles_dir': 'C:\\Users\\nekoa\\.dbt', 'use_colors': 'True', 'invocation_command': 'dbt run', 'indirect_selection': 'eager', 'use_experimental_parser': 'False', 'log_path': 'C:\\Users\\nekoa\\project_2026\\kayleet_scherbel_project_2026\\edinet_growth_analysis\\logs'}
[0m22:22:06.252255 [debug] [MainThread]: Sending event: {'category': 'dbt', 'action': 'project_id', 'label': 'fe06a90f-fba2-4004-89a3-6aaacfc0e8cf', 'context': [<snowplow_tracker.self_describing_json.SelfDescribingJson object at 0x00000245D6E04A70>]}
[0m22:22:06.295326 [debug] [MainThread]: Sending event: {'category': 'dbt', 'action': 'adapter_info', 'label': 'fe06a90f-fba2-4004-89a3-6aaacfc0e8cf', 'context': [<snowplow_tracker.self_describing_json.SelfDescribingJson object at 0x00000245D81863C0>]}
[0m22:22:06.296327 [info ] [MainThread]: Registered adapter: duckdb=1.10.1
[0m22:22:06.439392 [debug] [MainThread]: checksum: f368f5348cf42803b94ef7fb8257ecf3bf9a9a16dd9c8c51fe5172f2dbeb457f, vars: {}, profile: , target: , version: 1.11.12
[0m22:22:06.502711 [info ] [MainThread]: Unable to do partial parsing because a project config has changed
[0m22:22:06.504710 [debug] [MainThread]: Sending event: {'category': 'dbt', 'action': 'partial_parser', 'label': 'fe06a90f-fba2-4004-89a3-6aaacfc0e8cf', 'context': [<snowplow_tracker.self_describing_json.SelfDescribingJson object at 0x00000245D8CF1BE0>]}
[0m22:22:07.354869 [debug] [MainThread]: Sending event: {'category': 'dbt', 'action': 'load_project', 'label': 'fe06a90f-fba2-4004-89a3-6aaacfc0e8cf', 'context': [<snowplow_tracker.self_describing_json.SelfDescribingJson object at 0x00000245D8E27DA0>]}
[0m22:22:07.402877 [debug] [MainThread]: Wrote artifact WritableManifest to C:\Users\nekoa\project_2026\kayleet_scherbel_project_2026\edinet_growth_analysis\target\manifest.json
[0m22:22:07.403878 [debug] [MainThread]: Wrote artifact SemanticManifest to C:\Users\nekoa\project_2026\kayleet_scherbel_project_2026\edinet_growth_analysis\target\semantic_manifest.json
[0m22:22:07.411065 [debug] [MainThread]: Sending event: {'category': 'dbt', 'action': 'resource_counts', 'label': 'fe06a90f-fba2-4004-89a3-6aaacfc0e8cf', 'context': [<snowplow_tracker.self_describing_json.SelfDescribingJson object at 0x00000245D91D0E60>]}
[0m22:22:07.411065 [info ] [MainThread]: Found 3 models, 1 seed, 4 data tests, 485 macros
[0m22:22:07.412073 [debug] [MainThread]: Sending event: {'category': 'dbt', 'action': 'runnable_timing', 'label': 'fe06a90f-fba2-4004-89a3-6aaacfc0e8cf', 'context': [<snowplow_tracker.self_describing_json.SelfDescribingJson object at 0x00000245D91ACA10>]}
[0m22:22:07.413051 [info ] [MainThread]: 
[0m22:22:07.416067 [info ] [MainThread]: Concurrency: 1 threads (target='dev')
[0m22:22:07.417593 [info ] [MainThread]: 
[0m22:22:07.421937 [debug] [MainThread]: Acquiring new duckdb connection 'master'
[0m22:22:07.425942 [debug] [ThreadPool]: Acquiring new duckdb connection 'list_dev'
[0m22:22:07.463847 [debug] [ThreadPool]: Using duckdb connection "list_dev"
[0m22:22:07.464847 [debug] [ThreadPool]: On list_dev: /* {"app": "dbt", "dbt_version": "1.11.12", "profile_name": "edinet_growth_analysis", "target_name": "dev", "connection_name": "list_dev"} */

    
    select schema_name
    from system.information_schema.schemata
    
    where lower(catalog_name) = '"dev"'
    
  
  
[0m22:22:07.464847 [debug] [ThreadPool]: Opening a new connection, currently in state init
[0m22:22:07.475367 [debug] [ThreadPool]: SQL status: OK in 0.010 seconds
[0m22:22:07.476405 [debug] [ThreadPool]: On list_dev: Close
[0m22:22:07.476405 [debug] [ThreadPool]: Re-using an available connection from the pool (formerly list_dev, now create_dev_main)
[0m22:22:07.477388 [debug] [ThreadPool]: Creating schema "database: "dev"
schema: "main"
"
[0m22:22:07.480939 [debug] [ThreadPool]: Using duckdb connection "create_dev_main"
[0m22:22:07.480939 [debug] [ThreadPool]: On create_dev_main: /* {"app": "dbt", "dbt_version": "1.11.12", "profile_name": "edinet_growth_analysis", "target_name": "dev", "connection_name": "create_dev_main"} */

    
        select type from duckdb_databases()
        where lower(database_name)='dev'
        and type='sqlite'
    
  
[0m22:22:07.481923 [debug] [ThreadPool]: Opening a new connection, currently in state closed
[0m22:22:07.481923 [debug] [ThreadPool]: SQL status: OK in 0.001 seconds
[0m22:22:07.482922 [debug] [ThreadPool]: Using duckdb connection "create_dev_main"
[0m22:22:07.483940 [debug] [ThreadPool]: On create_dev_main: BEGIN
[0m22:22:07.483940 [debug] [ThreadPool]: SQL status: OK in 0.000 seconds
[0m22:22:07.483940 [debug] [ThreadPool]: Using duckdb connection "create_dev_main"
[0m22:22:07.483940 [debug] [ThreadPool]: On create_dev_main: /* {"app": "dbt", "dbt_version": "1.11.12", "profile_name": "edinet_growth_analysis", "target_name": "dev", "connection_name": "create_dev_main"} */

    
    
        create schema if not exists "dev"."main"
    
[0m22:22:07.484946 [debug] [ThreadPool]: SQL status: OK in 0.000 seconds
[0m22:22:07.484946 [debug] [ThreadPool]: On create_dev_main: COMMIT
[0m22:22:07.485940 [debug] [ThreadPool]: Using duckdb connection "create_dev_main"
[0m22:22:07.485940 [debug] [ThreadPool]: On create_dev_main: COMMIT
[0m22:22:07.485940 [debug] [ThreadPool]: SQL status: OK in 0.000 seconds
[0m22:22:07.486923 [debug] [ThreadPool]: On create_dev_main: Close
[0m22:22:07.489479 [debug] [ThreadPool]: Acquiring new duckdb connection 'list_dev_main'
[0m22:22:07.492461 [debug] [ThreadPool]: Using duckdb connection "list_dev_main"
[0m22:22:07.492461 [debug] [ThreadPool]: On list_dev_main: BEGIN
[0m22:22:07.493486 [debug] [ThreadPool]: Opening a new connection, currently in state init
[0m22:22:07.493486 [debug] [ThreadPool]: SQL status: OK in 0.000 seconds
[0m22:22:07.493486 [debug] [ThreadPool]: Using duckdb connection "list_dev_main"
[0m22:22:07.494478 [debug] [ThreadPool]: On list_dev_main: /* {"app": "dbt", "dbt_version": "1.11.12", "profile_name": "edinet_growth_analysis", "target_name": "dev", "connection_name": "list_dev_main"} */
select
      'dev' as database,
      table_name as name,
      table_schema as schema,
      CASE table_type
        WHEN 'BASE TABLE' THEN 'table'
        WHEN 'VIEW' THEN 'view'
        WHEN 'LOCAL TEMPORARY' THEN 'table'
        END as type
    from system.information_schema.tables
    where lower(table_schema) = 'main'
    and lower(table_catalog) = 'dev'
  
[0m22:22:07.496460 [debug] [ThreadPool]: SQL status: OK in 0.002 seconds
[0m22:22:07.497476 [debug] [ThreadPool]: On list_dev_main: ROLLBACK
[0m22:22:07.498476 [debug] [ThreadPool]: Failed to rollback 'list_dev_main'
[0m22:22:07.498476 [debug] [ThreadPool]: On list_dev_main: Close
[0m22:22:07.500024 [debug] [MainThread]: Sending event: {'category': 'dbt', 'action': 'runnable_timing', 'label': 'fe06a90f-fba2-4004-89a3-6aaacfc0e8cf', 'context': [<snowplow_tracker.self_describing_json.SelfDescribingJson object at 0x00000245D849E240>]}
[0m22:22:07.500024 [debug] [MainThread]: Using duckdb connection "master"
[0m22:22:07.500024 [debug] [MainThread]: On master: BEGIN
[0m22:22:07.500024 [debug] [MainThread]: Opening a new connection, currently in state init
[0m22:22:07.501023 [debug] [MainThread]: SQL status: OK in 0.000 seconds
[0m22:22:07.501023 [debug] [MainThread]: On master: COMMIT
[0m22:22:07.501023 [debug] [MainThread]: Using duckdb connection "master"
[0m22:22:07.501023 [debug] [MainThread]: On master: COMMIT
[0m22:22:07.502022 [debug] [MainThread]: SQL status: OK in 0.000 seconds
[0m22:22:07.502022 [debug] [MainThread]: On master: Close
[0m22:22:07.509538 [debug] [Thread-1 (]: Began running node model.edinet_growth_analysis.growth_rate_overEqual40
[0m22:22:07.509538 [info ] [Thread-1 (]: 1 of 3 START sql table model main.growth_rate_overEqual40 ...................... [RUN]
[0m22:22:07.511554 [debug] [Thread-1 (]: Acquiring new duckdb connection 'model.edinet_growth_analysis.growth_rate_overEqual40'
[0m22:22:07.511554 [debug] [Thread-1 (]: Began compiling node model.edinet_growth_analysis.growth_rate_overEqual40
[0m22:22:07.515555 [debug] [Thread-1 (]: Writing injected SQL for node "model.edinet_growth_analysis.growth_rate_overEqual40"
[0m22:22:07.516540 [debug] [Thread-1 (]: Began executing node model.edinet_growth_analysis.growth_rate_overEqual40
[0m22:22:07.534185 [debug] [Thread-1 (]: Writing runtime sql for node "model.edinet_growth_analysis.growth_rate_overEqual40"
[0m22:22:07.535185 [debug] [Thread-1 (]: Using duckdb connection "model.edinet_growth_analysis.growth_rate_overEqual40"
[0m22:22:07.535185 [debug] [Thread-1 (]: On model.edinet_growth_analysis.growth_rate_overEqual40: BEGIN
[0m22:22:07.536170 [debug] [Thread-1 (]: Opening a new connection, currently in state init
[0m22:22:07.536170 [debug] [Thread-1 (]: SQL status: OK in 0.001 seconds
[0m22:22:07.537170 [debug] [Thread-1 (]: Using duckdb connection "model.edinet_growth_analysis.growth_rate_overEqual40"
[0m22:22:07.537170 [debug] [Thread-1 (]: On model.edinet_growth_analysis.growth_rate_overEqual40: /* {"app": "dbt", "dbt_version": "1.11.12", "profile_name": "edinet_growth_analysis", "target_name": "dev", "node_id": "model.edinet_growth_analysis.growth_rate_overEqual40"} */

  
    
    

    create  table
      "dev"."main"."growth_rate_overEqual40__dbt_tmp"
  
    as (
      WITH clients AS (
    PIVOT "dev"."main"."net_value_clients"
    ON relative_year
    USING first(net_sales_yen)
),
clients_growth_rate AS (
    SELECT company, ROUND((((CurrentYear/Prior4Year)-1)*100), 2) as growth_rate_2022to2026 
    FROM clients
    WHERE growth_rate_2022to2026 >= 40
)
SELECT * FROM clients_growth_rate
    );
  
  
[0m22:22:07.543477 [debug] [Thread-1 (]: SQL status: OK in 0.006 seconds
[0m22:22:07.546494 [debug] [Thread-1 (]: Using duckdb connection "model.edinet_growth_analysis.growth_rate_overEqual40"
[0m22:22:07.546494 [debug] [Thread-1 (]: On model.edinet_growth_analysis.growth_rate_overEqual40: /* {"app": "dbt", "dbt_version": "1.11.12", "profile_name": "edinet_growth_analysis", "target_name": "dev", "node_id": "model.edinet_growth_analysis.growth_rate_overEqual40"} */

    SELECT index_name
    FROM duckdb_indexes()
    WHERE schema_name = 'main'
      AND table_name = 'growth_rate_overEqual40'
  
[0m22:22:07.547494 [debug] [Thread-1 (]: SQL status: OK in 0.000 seconds
[0m22:22:07.548495 [debug] [Thread-1 (]: Using duckdb connection "model.edinet_growth_analysis.growth_rate_overEqual40"
[0m22:22:07.549034 [debug] [Thread-1 (]: On model.edinet_growth_analysis.growth_rate_overEqual40: /* {"app": "dbt", "dbt_version": "1.11.12", "profile_name": "edinet_growth_analysis", "target_name": "dev", "node_id": "model.edinet_growth_analysis.growth_rate_overEqual40"} */

    SELECT COUNT(*) as remaining_indexes
    FROM duckdb_indexes()
    WHERE schema_name = 'main'
      AND table_name = 'growth_rate_overEqual40'
  
[0m22:22:07.549034 [debug] [Thread-1 (]: SQL status: OK in 0.000 seconds
[0m22:22:07.554028 [debug] [Thread-1 (]: Using duckdb connection "model.edinet_growth_analysis.growth_rate_overEqual40"
[0m22:22:07.555056 [debug] [Thread-1 (]: On model.edinet_growth_analysis.growth_rate_overEqual40: /* {"app": "dbt", "dbt_version": "1.11.12", "profile_name": "edinet_growth_analysis", "target_name": "dev", "node_id": "model.edinet_growth_analysis.growth_rate_overEqual40"} */
alter table "dev"."main"."growth_rate_overEqual40" rename to "growth_rate_overEqual40__dbt_backup"
[0m22:22:07.555056 [debug] [Thread-1 (]: SQL status: OK in 0.000 seconds
[0m22:22:07.595379 [debug] [Thread-1 (]: Using duckdb connection "model.edinet_growth_analysis.growth_rate_overEqual40"
[0m22:22:07.596380 [debug] [Thread-1 (]: On model.edinet_growth_analysis.growth_rate_overEqual40: /* {"app": "dbt", "dbt_version": "1.11.12", "profile_name": "edinet_growth_analysis", "target_name": "dev", "node_id": "model.edinet_growth_analysis.growth_rate_overEqual40"} */
alter table "dev"."main"."growth_rate_overEqual40__dbt_tmp" rename to "growth_rate_overEqual40"
[0m22:22:07.596380 [debug] [Thread-1 (]: SQL status: OK in 0.000 seconds
[0m22:22:07.607398 [debug] [Thread-1 (]: On model.edinet_growth_analysis.growth_rate_overEqual40: COMMIT
[0m22:22:07.607398 [debug] [Thread-1 (]: Using duckdb connection "model.edinet_growth_analysis.growth_rate_overEqual40"
[0m22:22:07.607398 [debug] [Thread-1 (]: On model.edinet_growth_analysis.growth_rate_overEqual40: COMMIT
[0m22:22:07.610957 [debug] [Thread-1 (]: SQL status: OK in 0.003 seconds
[0m22:22:07.613957 [debug] [Thread-1 (]: Using duckdb connection "model.edinet_growth_analysis.growth_rate_overEqual40"
[0m22:22:07.614958 [debug] [Thread-1 (]: On model.edinet_growth_analysis.growth_rate_overEqual40: /* {"app": "dbt", "dbt_version": "1.11.12", "profile_name": "edinet_growth_analysis", "target_name": "dev", "node_id": "model.edinet_growth_analysis.growth_rate_overEqual40"} */

      drop table if exists "dev"."main"."growth_rate_overEqual40__dbt_backup" cascade
    
[0m22:22:07.617482 [debug] [Thread-1 (]: SQL status: OK in 0.002 seconds
[0m22:22:07.619047 [debug] [Thread-1 (]: On model.edinet_growth_analysis.growth_rate_overEqual40: Close
[0m22:22:07.620057 [debug] [Thread-1 (]: Sending event: {'category': 'dbt', 'action': 'run_model', 'label': 'fe06a90f-fba2-4004-89a3-6aaacfc0e8cf', 'context': [<snowplow_tracker.self_describing_json.SelfDescribingJson object at 0x00000245D95D4AA0>]}
[0m22:22:07.621056 [info ] [Thread-1 (]: 1 of 3 OK created sql table model main.growth_rate_overEqual40 ................. [[32mOK[0m in 0.11s]
[0m22:22:07.621056 [debug] [Thread-1 (]: Finished running node model.edinet_growth_analysis.growth_rate_overEqual40
[0m22:22:07.622058 [debug] [Thread-1 (]: Began running node model.edinet_growth_analysis.my_first_dbt_model
[0m22:22:07.622058 [info ] [Thread-1 (]: 2 of 3 START sql table model main.my_first_dbt_model ........................... [RUN]
[0m22:22:07.623058 [debug] [Thread-1 (]: Re-using an available connection from the pool (formerly model.edinet_growth_analysis.growth_rate_overEqual40, now model.edinet_growth_analysis.my_first_dbt_model)
[0m22:22:07.623058 [debug] [Thread-1 (]: Began compiling node model.edinet_growth_analysis.my_first_dbt_model
[0m22:22:07.625056 [debug] [Thread-1 (]: Writing injected SQL for node "model.edinet_growth_analysis.my_first_dbt_model"
[0m22:22:07.625056 [debug] [Thread-1 (]: Began executing node model.edinet_growth_analysis.my_first_dbt_model
[0m22:22:07.627057 [debug] [Thread-1 (]: Writing runtime sql for node "model.edinet_growth_analysis.my_first_dbt_model"
[0m22:22:07.627057 [debug] [Thread-1 (]: Using duckdb connection "model.edinet_growth_analysis.my_first_dbt_model"
[0m22:22:07.627057 [debug] [Thread-1 (]: On model.edinet_growth_analysis.my_first_dbt_model: BEGIN
[0m22:22:07.628582 [debug] [Thread-1 (]: Opening a new connection, currently in state closed
[0m22:22:07.628582 [debug] [Thread-1 (]: SQL status: OK in 0.000 seconds
[0m22:22:07.628582 [debug] [Thread-1 (]: Using duckdb connection "model.edinet_growth_analysis.my_first_dbt_model"
[0m22:22:07.629610 [debug] [Thread-1 (]: On model.edinet_growth_analysis.my_first_dbt_model: /* {"app": "dbt", "dbt_version": "1.11.12", "profile_name": "edinet_growth_analysis", "target_name": "dev", "node_id": "model.edinet_growth_analysis.my_first_dbt_model"} */

  
    
    

    create  table
      "dev"."main"."my_first_dbt_model__dbt_tmp"
  
    as (
      /*
    Welcome to your first dbt model!
    Did you know that you can also configure models directly within SQL files?
    This will override configurations stated in dbt_project.yml

    Try changing "table" to "view" below
*/



with source_data as (

    select 1 as id
    union all
    select null as id

)

select *
from source_data

/*
    Uncomment the line below to remove records with null `id` values
*/

-- where id is not null
    );
  
  
[0m22:22:07.629610 [debug] [Thread-1 (]: SQL status: OK in 0.000 seconds
[0m22:22:07.630609 [debug] [Thread-1 (]: Using duckdb connection "model.edinet_growth_analysis.my_first_dbt_model"
[0m22:22:07.630609 [debug] [Thread-1 (]: On model.edinet_growth_analysis.my_first_dbt_model: /* {"app": "dbt", "dbt_version": "1.11.12", "profile_name": "edinet_growth_analysis", "target_name": "dev", "node_id": "model.edinet_growth_analysis.my_first_dbt_model"} */

    SELECT index_name
    FROM duckdb_indexes()
    WHERE schema_name = 'main'
      AND table_name = 'my_first_dbt_model'
  
[0m22:22:07.631618 [debug] [Thread-1 (]: SQL status: OK in 0.000 seconds
[0m22:22:07.632610 [debug] [Thread-1 (]: Using duckdb connection "model.edinet_growth_analysis.my_first_dbt_model"
[0m22:22:07.632610 [debug] [Thread-1 (]: On model.edinet_growth_analysis.my_first_dbt_model: /* {"app": "dbt", "dbt_version": "1.11.12", "profile_name": "edinet_growth_analysis", "target_name": "dev", "node_id": "model.edinet_growth_analysis.my_first_dbt_model"} */

    SELECT COUNT(*) as remaining_indexes
    FROM duckdb_indexes()
    WHERE schema_name = 'main'
      AND table_name = 'my_first_dbt_model'
  
[0m22:22:07.633609 [debug] [Thread-1 (]: SQL status: OK in 0.000 seconds
[0m22:22:07.635610 [debug] [Thread-1 (]: Using duckdb connection "model.edinet_growth_analysis.my_first_dbt_model"
[0m22:22:07.635610 [debug] [Thread-1 (]: On model.edinet_growth_analysis.my_first_dbt_model: /* {"app": "dbt", "dbt_version": "1.11.12", "profile_name": "edinet_growth_analysis", "target_name": "dev", "node_id": "model.edinet_growth_analysis.my_first_dbt_model"} */
alter table "dev"."main"."my_first_dbt_model" rename to "my_first_dbt_model__dbt_backup"
[0m22:22:07.635610 [debug] [Thread-1 (]: SQL status: OK in 0.000 seconds
[0m22:22:07.637610 [debug] [Thread-1 (]: Using duckdb connection "model.edinet_growth_analysis.my_first_dbt_model"
[0m22:22:07.637610 [debug] [Thread-1 (]: On model.edinet_growth_analysis.my_first_dbt_model: /* {"app": "dbt", "dbt_version": "1.11.12", "profile_name": "edinet_growth_analysis", "target_name": "dev", "node_id": "model.edinet_growth_analysis.my_first_dbt_model"} */
alter table "dev"."main"."my_first_dbt_model__dbt_tmp" rename to "my_first_dbt_model"
[0m22:22:07.638611 [debug] [Thread-1 (]: SQL status: OK in 0.000 seconds
[0m22:22:07.639740 [debug] [Thread-1 (]: On model.edinet_growth_analysis.my_first_dbt_model: COMMIT
[0m22:22:07.639740 [debug] [Thread-1 (]: Using duckdb connection "model.edinet_growth_analysis.my_first_dbt_model"
[0m22:22:07.639740 [debug] [Thread-1 (]: On model.edinet_growth_analysis.my_first_dbt_model: COMMIT
[0m22:22:07.642764 [debug] [Thread-1 (]: SQL status: OK in 0.002 seconds
[0m22:22:07.643758 [debug] [Thread-1 (]: Using duckdb connection "model.edinet_growth_analysis.my_first_dbt_model"
[0m22:22:07.643758 [debug] [Thread-1 (]: On model.edinet_growth_analysis.my_first_dbt_model: /* {"app": "dbt", "dbt_version": "1.11.12", "profile_name": "edinet_growth_analysis", "target_name": "dev", "node_id": "model.edinet_growth_analysis.my_first_dbt_model"} */

      drop table if exists "dev"."main"."my_first_dbt_model__dbt_backup" cascade
    
[0m22:22:07.646744 [debug] [Thread-1 (]: SQL status: OK in 0.002 seconds
[0m22:22:07.646744 [debug] [Thread-1 (]: On model.edinet_growth_analysis.my_first_dbt_model: Close
[0m22:22:07.648275 [debug] [Thread-1 (]: Sending event: {'category': 'dbt', 'action': 'run_model', 'label': 'fe06a90f-fba2-4004-89a3-6aaacfc0e8cf', 'context': [<snowplow_tracker.self_describing_json.SelfDescribingJson object at 0x00000245D8FB3B90>]}
[0m22:22:07.648275 [info ] [Thread-1 (]: 2 of 3 OK created sql table model main.my_first_dbt_model ...................... [[32mOK[0m in 0.03s]
[0m22:22:07.649329 [debug] [Thread-1 (]: Finished running node model.edinet_growth_analysis.my_first_dbt_model
[0m22:22:07.649329 [debug] [Thread-1 (]: Began running node model.edinet_growth_analysis.my_second_dbt_model
[0m22:22:07.650308 [info ] [Thread-1 (]: 3 of 3 START sql table model main.my_second_dbt_model .......................... [RUN]
[0m22:22:07.650308 [debug] [Thread-1 (]: Re-using an available connection from the pool (formerly model.edinet_growth_analysis.my_first_dbt_model, now model.edinet_growth_analysis.my_second_dbt_model)
[0m22:22:07.651320 [debug] [Thread-1 (]: Began compiling node model.edinet_growth_analysis.my_second_dbt_model
[0m22:22:07.652306 [debug] [Thread-1 (]: Writing injected SQL for node "model.edinet_growth_analysis.my_second_dbt_model"
[0m22:22:07.653304 [debug] [Thread-1 (]: Began executing node model.edinet_growth_analysis.my_second_dbt_model
[0m22:22:07.655306 [debug] [Thread-1 (]: Writing runtime sql for node "model.edinet_growth_analysis.my_second_dbt_model"
[0m22:22:07.655306 [debug] [Thread-1 (]: Using duckdb connection "model.edinet_growth_analysis.my_second_dbt_model"
[0m22:22:07.655306 [debug] [Thread-1 (]: On model.edinet_growth_analysis.my_second_dbt_model: BEGIN
[0m22:22:07.656306 [debug] [Thread-1 (]: Opening a new connection, currently in state closed
[0m22:22:07.656306 [debug] [Thread-1 (]: SQL status: OK in 0.000 seconds
[0m22:22:07.656306 [debug] [Thread-1 (]: Using duckdb connection "model.edinet_growth_analysis.my_second_dbt_model"
[0m22:22:07.657303 [debug] [Thread-1 (]: On model.edinet_growth_analysis.my_second_dbt_model: /* {"app": "dbt", "dbt_version": "1.11.12", "profile_name": "edinet_growth_analysis", "target_name": "dev", "node_id": "model.edinet_growth_analysis.my_second_dbt_model"} */

  
    
    

    create  table
      "dev"."main"."my_second_dbt_model__dbt_tmp"
  
    as (
      -- Use the `ref` function to select from other models

select *
from "dev"."main"."my_first_dbt_model"
where id = 1
    );
  
  
[0m22:22:07.657303 [debug] [Thread-1 (]: SQL status: OK in 0.000 seconds
[0m22:22:07.658825 [debug] [Thread-1 (]: Using duckdb connection "model.edinet_growth_analysis.my_second_dbt_model"
[0m22:22:07.658825 [debug] [Thread-1 (]: On model.edinet_growth_analysis.my_second_dbt_model: /* {"app": "dbt", "dbt_version": "1.11.12", "profile_name": "edinet_growth_analysis", "target_name": "dev", "node_id": "model.edinet_growth_analysis.my_second_dbt_model"} */

    SELECT index_name
    FROM duckdb_indexes()
    WHERE schema_name = 'main'
      AND table_name = 'my_second_dbt_model'
  
[0m22:22:07.659818 [debug] [Thread-1 (]: SQL status: OK in 0.000 seconds
[0m22:22:07.659818 [debug] [Thread-1 (]: Using duckdb connection "model.edinet_growth_analysis.my_second_dbt_model"
[0m22:22:07.661840 [debug] [Thread-1 (]: On model.edinet_growth_analysis.my_second_dbt_model: /* {"app": "dbt", "dbt_version": "1.11.12", "profile_name": "edinet_growth_analysis", "target_name": "dev", "node_id": "model.edinet_growth_analysis.my_second_dbt_model"} */

    SELECT COUNT(*) as remaining_indexes
    FROM duckdb_indexes()
    WHERE schema_name = 'main'
      AND table_name = 'my_second_dbt_model'
  
[0m22:22:07.662821 [debug] [Thread-1 (]: SQL status: OK in 0.000 seconds
[0m22:22:07.664834 [debug] [Thread-1 (]: Using duckdb connection "model.edinet_growth_analysis.my_second_dbt_model"
[0m22:22:07.664834 [debug] [Thread-1 (]: On model.edinet_growth_analysis.my_second_dbt_model: /* {"app": "dbt", "dbt_version": "1.11.12", "profile_name": "edinet_growth_analysis", "target_name": "dev", "node_id": "model.edinet_growth_analysis.my_second_dbt_model"} */
alter table "dev"."main"."my_second_dbt_model" rename to "my_second_dbt_model__dbt_backup"
[0m22:22:07.664834 [debug] [Thread-1 (]: SQL status: OK in 0.000 seconds
[0m22:22:07.666834 [debug] [Thread-1 (]: Using duckdb connection "model.edinet_growth_analysis.my_second_dbt_model"
[0m22:22:07.666834 [debug] [Thread-1 (]: On model.edinet_growth_analysis.my_second_dbt_model: /* {"app": "dbt", "dbt_version": "1.11.12", "profile_name": "edinet_growth_analysis", "target_name": "dev", "node_id": "model.edinet_growth_analysis.my_second_dbt_model"} */
alter table "dev"."main"."my_second_dbt_model__dbt_tmp" rename to "my_second_dbt_model"
[0m22:22:07.666834 [debug] [Thread-1 (]: SQL status: OK in 0.000 seconds
[0m22:22:07.668342 [debug] [Thread-1 (]: On model.edinet_growth_analysis.my_second_dbt_model: COMMIT
[0m22:22:07.669347 [debug] [Thread-1 (]: Using duckdb connection "model.edinet_growth_analysis.my_second_dbt_model"
[0m22:22:07.669347 [debug] [Thread-1 (]: On model.edinet_growth_analysis.my_second_dbt_model: COMMIT
[0m22:22:07.671364 [debug] [Thread-1 (]: SQL status: OK in 0.002 seconds
[0m22:22:07.673363 [debug] [Thread-1 (]: Using duckdb connection "model.edinet_growth_analysis.my_second_dbt_model"
[0m22:22:07.673363 [debug] [Thread-1 (]: On model.edinet_growth_analysis.my_second_dbt_model: /* {"app": "dbt", "dbt_version": "1.11.12", "profile_name": "edinet_growth_analysis", "target_name": "dev", "node_id": "model.edinet_growth_analysis.my_second_dbt_model"} */

      drop table if exists "dev"."main"."my_second_dbt_model__dbt_backup" cascade
    
[0m22:22:07.676348 [debug] [Thread-1 (]: SQL status: OK in 0.002 seconds
[0m22:22:07.677350 [debug] [Thread-1 (]: On model.edinet_growth_analysis.my_second_dbt_model: Close
[0m22:22:07.677350 [debug] [Thread-1 (]: Sending event: {'category': 'dbt', 'action': 'run_model', 'label': 'fe06a90f-fba2-4004-89a3-6aaacfc0e8cf', 'context': [<snowplow_tracker.self_describing_json.SelfDescribingJson object at 0x00000245D8DE8E60>]}
[0m22:22:07.677350 [info ] [Thread-1 (]: 3 of 3 OK created sql table model main.my_second_dbt_model ..................... [[32mOK[0m in 0.03s]
[0m22:22:07.678928 [debug] [Thread-1 (]: Finished running node model.edinet_growth_analysis.my_second_dbt_model
[0m22:22:07.679919 [debug] [MainThread]: Using duckdb connection "master"
[0m22:22:07.679919 [debug] [MainThread]: On master: BEGIN
[0m22:22:07.680939 [debug] [MainThread]: Opening a new connection, currently in state closed
[0m22:22:07.680939 [debug] [MainThread]: SQL status: OK in 0.000 seconds
[0m22:22:07.680939 [debug] [MainThread]: On master: COMMIT
[0m22:22:07.681936 [debug] [MainThread]: Using duckdb connection "master"
[0m22:22:07.681936 [debug] [MainThread]: On master: COMMIT
[0m22:22:07.681936 [debug] [MainThread]: SQL status: OK in 0.000 seconds
[0m22:22:07.682920 [debug] [MainThread]: On master: Close
[0m22:22:07.682920 [debug] [MainThread]: Connection 'master' was properly closed.
[0m22:22:07.682920 [debug] [MainThread]: Connection 'create_dev_main' was properly closed.
[0m22:22:07.682920 [debug] [MainThread]: Connection 'list_dev_main' was properly closed.
[0m22:22:07.683920 [debug] [MainThread]: Connection 'model.edinet_growth_analysis.my_second_dbt_model' was properly closed.
[0m22:22:07.683920 [info ] [MainThread]: 
[0m22:22:07.685936 [info ] [MainThread]: Finished running 3 table models in 0 hours 0 minutes and 0.26 seconds (0.26s).
[0m22:22:07.688466 [debug] [MainThread]: Command end result
[0m22:22:07.704027 [debug] [MainThread]: Wrote artifact WritableManifest to C:\Users\nekoa\project_2026\kayleet_scherbel_project_2026\edinet_growth_analysis\target\manifest.json
[0m22:22:07.706044 [debug] [MainThread]: Wrote artifact SemanticManifest to C:\Users\nekoa\project_2026\kayleet_scherbel_project_2026\edinet_growth_analysis\target\semantic_manifest.json
[0m22:22:07.709596 [debug] [MainThread]: Wrote artifact RunExecutionResult to C:\Users\nekoa\project_2026\kayleet_scherbel_project_2026\edinet_growth_analysis\target\run_results.json
[0m22:22:07.709596 [info ] [MainThread]: 
[0m22:22:07.710593 [info ] [MainThread]: [32mCompleted successfully[0m
[0m22:22:07.712601 [info ] [MainThread]: 
[0m22:22:07.714594 [info ] [MainThread]: Done. PASS=3 WARN=0 ERROR=0 SKIP=0 NO-OP=0 TOTAL=3
[0m22:22:07.716594 [debug] [MainThread]: Command `dbt run` succeeded at 22:22:07.716594 after 1.82 seconds
[0m22:22:07.716594 [debug] [MainThread]: Sending event: {'category': 'dbt', 'action': 'invocation', 'label': 'end', 'context': [<snowplow_tracker.self_describing_json.SelfDescribingJson object at 0x00000245D63602F0>, <snowplow_tracker.self_describing_json.SelfDescribingJson object at 0x00000245D8FF0F50>, <snowplow_tracker.self_describing_json.SelfDescribingJson object at 0x00000245D8FF11C0>]}
[0m22:22:07.717595 [debug] [MainThread]: Flushing usage events
[0m22:22:08.716025 [debug] [MainThread]: An error was encountered while trying to flush usage events
[0m22:23:26.096282 [debug] [MainThread]: Sending event: {'category': 'dbt', 'action': 'invocation', 'label': 'start', 'context': [<snowplow_tracker.self_describing_json.SelfDescribingJson object at 0x000001C3101E35C0>, <snowplow_tracker.self_describing_json.SelfDescribingJson object at 0x000001C310881D90>, <snowplow_tracker.self_describing_json.SelfDescribingJson object at 0x000001C30F212B10>]}


============================== 22:23:26.098295 | 7db531a0-bc13-45c4-a7e1-940c987dd4de ==============================
[0m22:23:26.098295 [info ] [MainThread]: Running with dbt=1.11.12
[0m22:23:26.099282 [debug] [MainThread]: running dbt with arguments {'version_check': 'True', 'no_print': 'None', 'static_parser': 'True', 'target_path': 'None', 'warn_error_options': 'WarnErrorOptionsV2(error=[], warn=[], silence=[])', 'printer_width': '80', 'write_json': 'True', 'introspect': 'True', 'log_cache_events': 'False', 'empty': 'False', 'cache_selected_only': 'False', 'log_format': 'default', 'debug': 'False', 'fail_fast': 'False', 'partial_parse': 'True', 'send_anonymous_usage_stats': 'True', 'quiet': 'False', 'warn_error': 'None', 'profiles_dir': 'C:\\Users\\nekoa\\.dbt', 'indirect_selection': 'eager', 'invocation_command': 'dbt run', 'use_colors': 'True', 'use_experimental_parser': 'False', 'log_path': 'C:\\Users\\nekoa\\project_2026\\kayleet_scherbel_project_2026\\edinet_growth_analysis\\logs'}
[0m22:23:26.250385 [debug] [MainThread]: Sending event: {'category': 'dbt', 'action': 'project_id', 'label': '7db531a0-bc13-45c4-a7e1-940c987dd4de', 'context': [<snowplow_tracker.self_describing_json.SelfDescribingJson object at 0x000001C311CA0F50>]}
[0m22:23:26.291472 [debug] [MainThread]: Sending event: {'category': 'dbt', 'action': 'adapter_info', 'label': '7db531a0-bc13-45c4-a7e1-940c987dd4de', 'context': [<snowplow_tracker.self_describing_json.SelfDescribingJson object at 0x000001C311CEFEC0>]}
[0m22:23:26.292478 [info ] [MainThread]: Registered adapter: duckdb=1.10.1
[0m22:23:26.448057 [debug] [MainThread]: checksum: f368f5348cf42803b94ef7fb8257ecf3bf9a9a16dd9c8c51fe5172f2dbeb457f, vars: {}, profile: , target: , version: 1.11.12
[0m22:23:26.509393 [info ] [MainThread]: Unable to do partial parsing because a project config has changed
[0m22:23:26.511444 [debug] [MainThread]: Sending event: {'category': 'dbt', 'action': 'partial_parser', 'label': '7db531a0-bc13-45c4-a7e1-940c987dd4de', 'context': [<snowplow_tracker.self_describing_json.SelfDescribingJson object at 0x000001C3126321E0>]}
[0m22:23:27.340315 [debug] [MainThread]: Sending event: {'category': 'dbt', 'action': 'load_project', 'label': '7db531a0-bc13-45c4-a7e1-940c987dd4de', 'context': [<snowplow_tracker.self_describing_json.SelfDescribingJson object at 0x000001C312A1B6E0>]}
[0m22:23:27.390324 [debug] [MainThread]: Wrote artifact WritableManifest to C:\Users\nekoa\project_2026\kayleet_scherbel_project_2026\edinet_growth_analysis\target\manifest.json
[0m22:23:27.391338 [debug] [MainThread]: Wrote artifact SemanticManifest to C:\Users\nekoa\project_2026\kayleet_scherbel_project_2026\edinet_growth_analysis\target\semantic_manifest.json
[0m22:23:27.398339 [debug] [MainThread]: Sending event: {'category': 'dbt', 'action': 'resource_counts', 'label': '7db531a0-bc13-45c4-a7e1-940c987dd4de', 'context': [<snowplow_tracker.self_describing_json.SelfDescribingJson object at 0x000001C312B11100>]}
[0m22:23:27.398339 [info ] [MainThread]: Found 3 models, 1 seed, 4 data tests, 485 macros
[0m22:23:27.399338 [debug] [MainThread]: Sending event: {'category': 'dbt', 'action': 'runnable_timing', 'label': '7db531a0-bc13-45c4-a7e1-940c987dd4de', 'context': [<snowplow_tracker.self_describing_json.SelfDescribingJson object at 0x000001C3122BB650>]}
[0m22:23:27.400888 [info ] [MainThread]: 
[0m22:23:27.400888 [info ] [MainThread]: Concurrency: 1 threads (target='dev')
[0m22:23:27.402899 [info ] [MainThread]: 
[0m22:23:27.403897 [debug] [MainThread]: Acquiring new duckdb connection 'master'
[0m22:23:27.410192 [debug] [ThreadPool]: Acquiring new duckdb connection 'list_dev'
[0m22:23:27.447890 [debug] [ThreadPool]: Using duckdb connection "list_dev"
[0m22:23:27.448890 [debug] [ThreadPool]: On list_dev: /* {"app": "dbt", "dbt_version": "1.11.12", "profile_name": "edinet_growth_analysis", "target_name": "dev", "connection_name": "list_dev"} */

    
    select schema_name
    from system.information_schema.schemata
    
    where lower(catalog_name) = '"dev"'
    
  
  
[0m22:23:27.448890 [debug] [ThreadPool]: Opening a new connection, currently in state init
[0m22:23:27.459445 [debug] [ThreadPool]: SQL status: OK in 0.011 seconds
[0m22:23:27.460993 [debug] [ThreadPool]: On list_dev: Close
[0m22:23:27.461985 [debug] [ThreadPool]: Re-using an available connection from the pool (formerly list_dev, now create_dev_main)
[0m22:23:27.461985 [debug] [ThreadPool]: Creating schema "database: "dev"
schema: "main"
"
[0m22:23:27.466002 [debug] [ThreadPool]: Using duckdb connection "create_dev_main"
[0m22:23:27.466002 [debug] [ThreadPool]: On create_dev_main: /* {"app": "dbt", "dbt_version": "1.11.12", "profile_name": "edinet_growth_analysis", "target_name": "dev", "connection_name": "create_dev_main"} */

    
        select type from duckdb_databases()
        where lower(database_name)='dev'
        and type='sqlite'
    
  
[0m22:23:27.466002 [debug] [ThreadPool]: Opening a new connection, currently in state closed
[0m22:23:27.467002 [debug] [ThreadPool]: SQL status: OK in 0.001 seconds
[0m22:23:27.467986 [debug] [ThreadPool]: Using duckdb connection "create_dev_main"
[0m22:23:27.467986 [debug] [ThreadPool]: On create_dev_main: BEGIN
[0m22:23:27.469001 [debug] [ThreadPool]: SQL status: OK in 0.000 seconds
[0m22:23:27.469001 [debug] [ThreadPool]: Using duckdb connection "create_dev_main"
[0m22:23:27.469001 [debug] [ThreadPool]: On create_dev_main: /* {"app": "dbt", "dbt_version": "1.11.12", "profile_name": "edinet_growth_analysis", "target_name": "dev", "connection_name": "create_dev_main"} */

    
    
        create schema if not exists "dev"."main"
    
[0m22:23:27.469001 [debug] [ThreadPool]: SQL status: OK in 0.000 seconds
[0m22:23:27.470527 [debug] [ThreadPool]: On create_dev_main: COMMIT
[0m22:23:27.470527 [debug] [ThreadPool]: Using duckdb connection "create_dev_main"
[0m22:23:27.470527 [debug] [ThreadPool]: On create_dev_main: COMMIT
[0m22:23:27.470527 [debug] [ThreadPool]: SQL status: OK in 0.000 seconds
[0m22:23:27.471540 [debug] [ThreadPool]: On create_dev_main: Close
[0m22:23:27.477560 [debug] [ThreadPool]: Acquiring new duckdb connection 'list_dev_main'
[0m22:23:27.481097 [debug] [ThreadPool]: Using duckdb connection "list_dev_main"
[0m22:23:27.481097 [debug] [ThreadPool]: On list_dev_main: BEGIN
[0m22:23:27.482089 [debug] [ThreadPool]: Opening a new connection, currently in state init
[0m22:23:27.482089 [debug] [ThreadPool]: SQL status: OK in 0.000 seconds
[0m22:23:27.482089 [debug] [ThreadPool]: Using duckdb connection "list_dev_main"
[0m22:23:27.483089 [debug] [ThreadPool]: On list_dev_main: /* {"app": "dbt", "dbt_version": "1.11.12", "profile_name": "edinet_growth_analysis", "target_name": "dev", "connection_name": "list_dev_main"} */
select
      'dev' as database,
      table_name as name,
      table_schema as schema,
      CASE table_type
        WHEN 'BASE TABLE' THEN 'table'
        WHEN 'VIEW' THEN 'view'
        WHEN 'LOCAL TEMPORARY' THEN 'table'
        END as type
    from system.information_schema.tables
    where lower(table_schema) = 'main'
    and lower(table_catalog) = 'dev'
  
[0m22:23:27.485105 [debug] [ThreadPool]: SQL status: OK in 0.002 seconds
[0m22:23:27.486105 [debug] [ThreadPool]: On list_dev_main: ROLLBACK
[0m22:23:27.487108 [debug] [ThreadPool]: Failed to rollback 'list_dev_main'
[0m22:23:27.487108 [debug] [ThreadPool]: On list_dev_main: Close
[0m22:23:27.488109 [debug] [MainThread]: Sending event: {'category': 'dbt', 'action': 'runnable_timing', 'label': '7db531a0-bc13-45c4-a7e1-940c987dd4de', 'context': [<snowplow_tracker.self_describing_json.SelfDescribingJson object at 0x000001C30D84E990>]}
[0m22:23:27.488109 [debug] [MainThread]: Using duckdb connection "master"
[0m22:23:27.488109 [debug] [MainThread]: On master: BEGIN
[0m22:23:27.489091 [debug] [MainThread]: Opening a new connection, currently in state init
[0m22:23:27.489091 [debug] [MainThread]: SQL status: OK in 0.000 seconds
[0m22:23:27.489091 [debug] [MainThread]: On master: COMMIT
[0m22:23:27.489091 [debug] [MainThread]: Using duckdb connection "master"
[0m22:23:27.489091 [debug] [MainThread]: On master: COMMIT
[0m22:23:27.490595 [debug] [MainThread]: SQL status: OK in 0.000 seconds
[0m22:23:27.490595 [debug] [MainThread]: On master: Close
[0m22:23:27.500616 [debug] [Thread-1 (]: Began running node model.edinet_growth_analysis.growth_rate_overEqual40
[0m22:23:27.500616 [info ] [Thread-1 (]: 1 of 3 START sql table model main.growth_rate_overEqual40 ...................... [RUN]
[0m22:23:27.502147 [debug] [Thread-1 (]: Acquiring new duckdb connection 'model.edinet_growth_analysis.growth_rate_overEqual40'
[0m22:23:27.502147 [debug] [Thread-1 (]: Began compiling node model.edinet_growth_analysis.growth_rate_overEqual40
[0m22:23:27.507163 [debug] [Thread-1 (]: Writing injected SQL for node "model.edinet_growth_analysis.growth_rate_overEqual40"
[0m22:23:27.507163 [debug] [Thread-1 (]: Began executing node model.edinet_growth_analysis.growth_rate_overEqual40
[0m22:23:27.526240 [debug] [Thread-1 (]: Writing runtime sql for node "model.edinet_growth_analysis.growth_rate_overEqual40"
[0m22:23:27.527239 [debug] [Thread-1 (]: Using duckdb connection "model.edinet_growth_analysis.growth_rate_overEqual40"
[0m22:23:27.527239 [debug] [Thread-1 (]: On model.edinet_growth_analysis.growth_rate_overEqual40: BEGIN
[0m22:23:27.527239 [debug] [Thread-1 (]: Opening a new connection, currently in state init
[0m22:23:27.528240 [debug] [Thread-1 (]: SQL status: OK in 0.001 seconds
[0m22:23:27.528240 [debug] [Thread-1 (]: Using duckdb connection "model.edinet_growth_analysis.growth_rate_overEqual40"
[0m22:23:27.529242 [debug] [Thread-1 (]: On model.edinet_growth_analysis.growth_rate_overEqual40: /* {"app": "dbt", "dbt_version": "1.11.12", "profile_name": "edinet_growth_analysis", "target_name": "dev", "node_id": "model.edinet_growth_analysis.growth_rate_overEqual40"} */

  
    
    

    create  table
      "dev"."main"."growth_rate_overEqual40__dbt_tmp"
  
    as (
      WITH clients AS (
    PIVOT "dev"."main"."net_value_clients"
    ON relative_year
    USING first(net_sales_yen)
),
clients_growth_rate AS (
    SELECT company, ROUND((((CurrentYear/Prior4Year)-1)*100), 2) as growth_rate_2022to2026 
    FROM clients
    WHERE growth_rate_2022to2026 >= 40
)
SELECT * FROM clients_growth_rate
    );
  
  
[0m22:23:27.534642 [debug] [Thread-1 (]: SQL status: OK in 0.006 seconds
[0m22:23:27.538653 [debug] [Thread-1 (]: Using duckdb connection "model.edinet_growth_analysis.growth_rate_overEqual40"
[0m22:23:27.538653 [debug] [Thread-1 (]: On model.edinet_growth_analysis.growth_rate_overEqual40: /* {"app": "dbt", "dbt_version": "1.11.12", "profile_name": "edinet_growth_analysis", "target_name": "dev", "node_id": "model.edinet_growth_analysis.growth_rate_overEqual40"} */

    SELECT index_name
    FROM duckdb_indexes()
    WHERE schema_name = 'main'
      AND table_name = 'growth_rate_overEqual40'
  
[0m22:23:27.539673 [debug] [Thread-1 (]: SQL status: OK in 0.000 seconds
[0m22:23:27.540672 [debug] [Thread-1 (]: Using duckdb connection "model.edinet_growth_analysis.growth_rate_overEqual40"
[0m22:23:27.540672 [debug] [Thread-1 (]: On model.edinet_growth_analysis.growth_rate_overEqual40: /* {"app": "dbt", "dbt_version": "1.11.12", "profile_name": "edinet_growth_analysis", "target_name": "dev", "node_id": "model.edinet_growth_analysis.growth_rate_overEqual40"} */

    SELECT COUNT(*) as remaining_indexes
    FROM duckdb_indexes()
    WHERE schema_name = 'main'
      AND table_name = 'growth_rate_overEqual40'
  
[0m22:23:27.541210 [debug] [Thread-1 (]: SQL status: OK in 0.000 seconds
[0m22:23:27.546203 [debug] [Thread-1 (]: Using duckdb connection "model.edinet_growth_analysis.growth_rate_overEqual40"
[0m22:23:27.546203 [debug] [Thread-1 (]: On model.edinet_growth_analysis.growth_rate_overEqual40: /* {"app": "dbt", "dbt_version": "1.11.12", "profile_name": "edinet_growth_analysis", "target_name": "dev", "node_id": "model.edinet_growth_analysis.growth_rate_overEqual40"} */
alter table "dev"."main"."growth_rate_overEqual40" rename to "growth_rate_overEqual40__dbt_backup"
[0m22:23:27.547219 [debug] [Thread-1 (]: SQL status: OK in 0.000 seconds
[0m22:23:27.585380 [debug] [Thread-1 (]: Using duckdb connection "model.edinet_growth_analysis.growth_rate_overEqual40"
[0m22:23:27.585380 [debug] [Thread-1 (]: On model.edinet_growth_analysis.growth_rate_overEqual40: /* {"app": "dbt", "dbt_version": "1.11.12", "profile_name": "edinet_growth_analysis", "target_name": "dev", "node_id": "model.edinet_growth_analysis.growth_rate_overEqual40"} */
alter table "dev"."main"."growth_rate_overEqual40__dbt_tmp" rename to "growth_rate_overEqual40"
[0m22:23:27.586365 [debug] [Thread-1 (]: SQL status: OK in 0.000 seconds
[0m22:23:27.595927 [debug] [Thread-1 (]: On model.edinet_growth_analysis.growth_rate_overEqual40: COMMIT
[0m22:23:27.596927 [debug] [Thread-1 (]: Using duckdb connection "model.edinet_growth_analysis.growth_rate_overEqual40"
[0m22:23:27.596927 [debug] [Thread-1 (]: On model.edinet_growth_analysis.growth_rate_overEqual40: COMMIT
[0m22:23:27.600444 [debug] [Thread-1 (]: SQL status: OK in 0.003 seconds
[0m22:23:27.603449 [debug] [Thread-1 (]: Using duckdb connection "model.edinet_growth_analysis.growth_rate_overEqual40"
[0m22:23:27.603449 [debug] [Thread-1 (]: On model.edinet_growth_analysis.growth_rate_overEqual40: /* {"app": "dbt", "dbt_version": "1.11.12", "profile_name": "edinet_growth_analysis", "target_name": "dev", "node_id": "model.edinet_growth_analysis.growth_rate_overEqual40"} */

      drop table if exists "dev"."main"."growth_rate_overEqual40__dbt_backup" cascade
    
[0m22:23:27.606465 [debug] [Thread-1 (]: SQL status: OK in 0.002 seconds
[0m22:23:27.608467 [debug] [Thread-1 (]: On model.edinet_growth_analysis.growth_rate_overEqual40: Close
[0m22:23:27.609467 [debug] [Thread-1 (]: Sending event: {'category': 'dbt', 'action': 'run_model', 'label': '7db531a0-bc13-45c4-a7e1-940c987dd4de', 'context': [<snowplow_tracker.self_describing_json.SelfDescribingJson object at 0x000001C312F15C10>]}
[0m22:23:27.609467 [info ] [Thread-1 (]: 1 of 3 OK created sql table model main.growth_rate_overEqual40 ................. [[32mOK[0m in 0.11s]
[0m22:23:27.610467 [debug] [Thread-1 (]: Finished running node model.edinet_growth_analysis.growth_rate_overEqual40
[0m22:23:27.610467 [debug] [Thread-1 (]: Began running node model.edinet_growth_analysis.my_first_dbt_model
[0m22:23:27.610467 [info ] [Thread-1 (]: 2 of 3 START sql table model main.my_first_dbt_model ........................... [RUN]
[0m22:23:27.611817 [debug] [Thread-1 (]: Re-using an available connection from the pool (formerly model.edinet_growth_analysis.growth_rate_overEqual40, now model.edinet_growth_analysis.my_first_dbt_model)
[0m22:23:27.611817 [debug] [Thread-1 (]: Began compiling node model.edinet_growth_analysis.my_first_dbt_model
[0m22:23:27.613817 [debug] [Thread-1 (]: Writing injected SQL for node "model.edinet_growth_analysis.my_first_dbt_model"
[0m22:23:27.613817 [debug] [Thread-1 (]: Began executing node model.edinet_growth_analysis.my_first_dbt_model
[0m22:23:27.615800 [debug] [Thread-1 (]: Writing runtime sql for node "model.edinet_growth_analysis.my_first_dbt_model"
[0m22:23:27.616800 [debug] [Thread-1 (]: Using duckdb connection "model.edinet_growth_analysis.my_first_dbt_model"
[0m22:23:27.616800 [debug] [Thread-1 (]: On model.edinet_growth_analysis.my_first_dbt_model: BEGIN
[0m22:23:27.616800 [debug] [Thread-1 (]: Opening a new connection, currently in state closed
[0m22:23:27.617817 [debug] [Thread-1 (]: SQL status: OK in 0.000 seconds
[0m22:23:27.617817 [debug] [Thread-1 (]: Using duckdb connection "model.edinet_growth_analysis.my_first_dbt_model"
[0m22:23:27.617817 [debug] [Thread-1 (]: On model.edinet_growth_analysis.my_first_dbt_model: /* {"app": "dbt", "dbt_version": "1.11.12", "profile_name": "edinet_growth_analysis", "target_name": "dev", "node_id": "model.edinet_growth_analysis.my_first_dbt_model"} */

  
    
    

    create  table
      "dev"."main"."my_first_dbt_model__dbt_tmp"
  
    as (
      /*
    Welcome to your first dbt model!
    Did you know that you can also configure models directly within SQL files?
    This will override configurations stated in dbt_project.yml

    Try changing "table" to "view" below
*/



with source_data as (

    select 1 as id
    union all
    select null as id

)

select *
from source_data

/*
    Uncomment the line below to remove records with null `id` values
*/

-- where id is not null
    );
  
  
[0m22:23:27.618819 [debug] [Thread-1 (]: SQL status: OK in 0.000 seconds
[0m22:23:27.618819 [debug] [Thread-1 (]: Using duckdb connection "model.edinet_growth_analysis.my_first_dbt_model"
[0m22:23:27.618819 [debug] [Thread-1 (]: On model.edinet_growth_analysis.my_first_dbt_model: /* {"app": "dbt", "dbt_version": "1.11.12", "profile_name": "edinet_growth_analysis", "target_name": "dev", "node_id": "model.edinet_growth_analysis.my_first_dbt_model"} */

    SELECT index_name
    FROM duckdb_indexes()
    WHERE schema_name = 'main'
      AND table_name = 'my_first_dbt_model'
  
[0m22:23:27.620341 [debug] [Thread-1 (]: SQL status: OK in 0.000 seconds
[0m22:23:27.621354 [debug] [Thread-1 (]: Using duckdb connection "model.edinet_growth_analysis.my_first_dbt_model"
[0m22:23:27.621354 [debug] [Thread-1 (]: On model.edinet_growth_analysis.my_first_dbt_model: /* {"app": "dbt", "dbt_version": "1.11.12", "profile_name": "edinet_growth_analysis", "target_name": "dev", "node_id": "model.edinet_growth_analysis.my_first_dbt_model"} */

    SELECT COUNT(*) as remaining_indexes
    FROM duckdb_indexes()
    WHERE schema_name = 'main'
      AND table_name = 'my_first_dbt_model'
  
[0m22:23:27.622353 [debug] [Thread-1 (]: SQL status: OK in 0.000 seconds
[0m22:23:27.624369 [debug] [Thread-1 (]: Using duckdb connection "model.edinet_growth_analysis.my_first_dbt_model"
[0m22:23:27.624369 [debug] [Thread-1 (]: On model.edinet_growth_analysis.my_first_dbt_model: /* {"app": "dbt", "dbt_version": "1.11.12", "profile_name": "edinet_growth_analysis", "target_name": "dev", "node_id": "model.edinet_growth_analysis.my_first_dbt_model"} */
alter table "dev"."main"."my_first_dbt_model" rename to "my_first_dbt_model__dbt_backup"
[0m22:23:27.624369 [debug] [Thread-1 (]: SQL status: OK in 0.000 seconds
[0m22:23:27.626369 [debug] [Thread-1 (]: Using duckdb connection "model.edinet_growth_analysis.my_first_dbt_model"
[0m22:23:27.626369 [debug] [Thread-1 (]: On model.edinet_growth_analysis.my_first_dbt_model: /* {"app": "dbt", "dbt_version": "1.11.12", "profile_name": "edinet_growth_analysis", "target_name": "dev", "node_id": "model.edinet_growth_analysis.my_first_dbt_model"} */
alter table "dev"."main"."my_first_dbt_model__dbt_tmp" rename to "my_first_dbt_model"
[0m22:23:27.627370 [debug] [Thread-1 (]: SQL status: OK in 0.000 seconds
[0m22:23:27.628371 [debug] [Thread-1 (]: On model.edinet_growth_analysis.my_first_dbt_model: COMMIT
[0m22:23:27.628371 [debug] [Thread-1 (]: Using duckdb connection "model.edinet_growth_analysis.my_first_dbt_model"
[0m22:23:27.628371 [debug] [Thread-1 (]: On model.edinet_growth_analysis.my_first_dbt_model: COMMIT
[0m22:23:27.630907 [debug] [Thread-1 (]: SQL status: OK in 0.002 seconds
[0m22:23:27.632917 [debug] [Thread-1 (]: Using duckdb connection "model.edinet_growth_analysis.my_first_dbt_model"
[0m22:23:27.632917 [debug] [Thread-1 (]: On model.edinet_growth_analysis.my_first_dbt_model: /* {"app": "dbt", "dbt_version": "1.11.12", "profile_name": "edinet_growth_analysis", "target_name": "dev", "node_id": "model.edinet_growth_analysis.my_first_dbt_model"} */

      drop table if exists "dev"."main"."my_first_dbt_model__dbt_backup" cascade
    
[0m22:23:27.634916 [debug] [Thread-1 (]: SQL status: OK in 0.002 seconds
[0m22:23:27.636042 [debug] [Thread-1 (]: On model.edinet_growth_analysis.my_first_dbt_model: Close
[0m22:23:27.637035 [debug] [Thread-1 (]: Sending event: {'category': 'dbt', 'action': 'run_model', 'label': '7db531a0-bc13-45c4-a7e1-940c987dd4de', 'context': [<snowplow_tracker.self_describing_json.SelfDescribingJson object at 0x000001C312913500>]}
[0m22:23:27.637035 [info ] [Thread-1 (]: 2 of 3 OK created sql table model main.my_first_dbt_model ...................... [[32mOK[0m in 0.03s]
[0m22:23:27.639034 [debug] [Thread-1 (]: Finished running node model.edinet_growth_analysis.my_first_dbt_model
[0m22:23:27.640569 [debug] [Thread-1 (]: Began running node model.edinet_growth_analysis.my_second_dbt_model
[0m22:23:27.640569 [info ] [Thread-1 (]: 3 of 3 START sql table model main.my_second_dbt_model .......................... [RUN]
[0m22:23:27.641581 [debug] [Thread-1 (]: Re-using an available connection from the pool (formerly model.edinet_growth_analysis.my_first_dbt_model, now model.edinet_growth_analysis.my_second_dbt_model)
[0m22:23:27.641581 [debug] [Thread-1 (]: Began compiling node model.edinet_growth_analysis.my_second_dbt_model
[0m22:23:27.643582 [debug] [Thread-1 (]: Writing injected SQL for node "model.edinet_growth_analysis.my_second_dbt_model"
[0m22:23:27.644581 [debug] [Thread-1 (]: Began executing node model.edinet_growth_analysis.my_second_dbt_model
[0m22:23:27.645599 [debug] [Thread-1 (]: Writing runtime sql for node "model.edinet_growth_analysis.my_second_dbt_model"
[0m22:23:27.646598 [debug] [Thread-1 (]: Using duckdb connection "model.edinet_growth_analysis.my_second_dbt_model"
[0m22:23:27.646598 [debug] [Thread-1 (]: On model.edinet_growth_analysis.my_second_dbt_model: BEGIN
[0m22:23:27.646598 [debug] [Thread-1 (]: Opening a new connection, currently in state closed
[0m22:23:27.647600 [debug] [Thread-1 (]: SQL status: OK in 0.000 seconds
[0m22:23:27.647600 [debug] [Thread-1 (]: Using duckdb connection "model.edinet_growth_analysis.my_second_dbt_model"
[0m22:23:27.647600 [debug] [Thread-1 (]: On model.edinet_growth_analysis.my_second_dbt_model: /* {"app": "dbt", "dbt_version": "1.11.12", "profile_name": "edinet_growth_analysis", "target_name": "dev", "node_id": "model.edinet_growth_analysis.my_second_dbt_model"} */

  
    
    

    create  table
      "dev"."main"."my_second_dbt_model__dbt_tmp"
  
    as (
      -- Use the `ref` function to select from other models

select *
from "dev"."main"."my_first_dbt_model"
where id = 1
    );
  
  
[0m22:23:27.648599 [debug] [Thread-1 (]: SQL status: OK in 0.001 seconds
[0m22:23:27.649586 [debug] [Thread-1 (]: Using duckdb connection "model.edinet_growth_analysis.my_second_dbt_model"
[0m22:23:27.650614 [debug] [Thread-1 (]: On model.edinet_growth_analysis.my_second_dbt_model: /* {"app": "dbt", "dbt_version": "1.11.12", "profile_name": "edinet_growth_analysis", "target_name": "dev", "node_id": "model.edinet_growth_analysis.my_second_dbt_model"} */

    SELECT index_name
    FROM duckdb_indexes()
    WHERE schema_name = 'main'
      AND table_name = 'my_second_dbt_model'
  
[0m22:23:27.651155 [debug] [Thread-1 (]: SQL status: OK in 0.000 seconds
[0m22:23:27.651155 [debug] [Thread-1 (]: Using duckdb connection "model.edinet_growth_analysis.my_second_dbt_model"
[0m22:23:27.653163 [debug] [Thread-1 (]: On model.edinet_growth_analysis.my_second_dbt_model: /* {"app": "dbt", "dbt_version": "1.11.12", "profile_name": "edinet_growth_analysis", "target_name": "dev", "node_id": "model.edinet_growth_analysis.my_second_dbt_model"} */

    SELECT COUNT(*) as remaining_indexes
    FROM duckdb_indexes()
    WHERE schema_name = 'main'
      AND table_name = 'my_second_dbt_model'
  
[0m22:23:27.653163 [debug] [Thread-1 (]: SQL status: OK in 0.000 seconds
[0m22:23:27.655147 [debug] [Thread-1 (]: Using duckdb connection "model.edinet_growth_analysis.my_second_dbt_model"
[0m22:23:27.656148 [debug] [Thread-1 (]: On model.edinet_growth_analysis.my_second_dbt_model: /* {"app": "dbt", "dbt_version": "1.11.12", "profile_name": "edinet_growth_analysis", "target_name": "dev", "node_id": "model.edinet_growth_analysis.my_second_dbt_model"} */
alter table "dev"."main"."my_second_dbt_model" rename to "my_second_dbt_model__dbt_backup"
[0m22:23:27.656148 [debug] [Thread-1 (]: SQL status: OK in 0.000 seconds
[0m22:23:27.658166 [debug] [Thread-1 (]: Using duckdb connection "model.edinet_growth_analysis.my_second_dbt_model"
[0m22:23:27.658166 [debug] [Thread-1 (]: On model.edinet_growth_analysis.my_second_dbt_model: /* {"app": "dbt", "dbt_version": "1.11.12", "profile_name": "edinet_growth_analysis", "target_name": "dev", "node_id": "model.edinet_growth_analysis.my_second_dbt_model"} */
alter table "dev"."main"."my_second_dbt_model__dbt_tmp" rename to "my_second_dbt_model"
[0m22:23:27.659164 [debug] [Thread-1 (]: SQL status: OK in 0.000 seconds
[0m22:23:27.659164 [debug] [Thread-1 (]: On model.edinet_growth_analysis.my_second_dbt_model: COMMIT
[0m22:23:27.659164 [debug] [Thread-1 (]: Using duckdb connection "model.edinet_growth_analysis.my_second_dbt_model"
[0m22:23:27.660689 [debug] [Thread-1 (]: On model.edinet_growth_analysis.my_second_dbt_model: COMMIT
[0m22:23:27.662702 [debug] [Thread-1 (]: SQL status: OK in 0.002 seconds
[0m22:23:27.663701 [debug] [Thread-1 (]: Using duckdb connection "model.edinet_growth_analysis.my_second_dbt_model"
[0m22:23:27.664721 [debug] [Thread-1 (]: On model.edinet_growth_analysis.my_second_dbt_model: /* {"app": "dbt", "dbt_version": "1.11.12", "profile_name": "edinet_growth_analysis", "target_name": "dev", "node_id": "model.edinet_growth_analysis.my_second_dbt_model"} */

      drop table if exists "dev"."main"."my_second_dbt_model__dbt_backup" cascade
    
[0m22:23:27.667122 [debug] [Thread-1 (]: SQL status: OK in 0.002 seconds
[0m22:23:27.668119 [debug] [Thread-1 (]: On model.edinet_growth_analysis.my_second_dbt_model: Close
[0m22:23:27.668119 [debug] [Thread-1 (]: Sending event: {'category': 'dbt', 'action': 'run_model', 'label': '7db531a0-bc13-45c4-a7e1-940c987dd4de', 'context': [<snowplow_tracker.self_describing_json.SelfDescribingJson object at 0x000001C3127672C0>]}
[0m22:23:27.669120 [info ] [Thread-1 (]: 3 of 3 OK created sql table model main.my_second_dbt_model ..................... [[32mOK[0m in 0.03s]
[0m22:23:27.671631 [debug] [Thread-1 (]: Finished running node model.edinet_growth_analysis.my_second_dbt_model
[0m22:23:27.671631 [debug] [MainThread]: Using duckdb connection "master"
[0m22:23:27.672631 [debug] [MainThread]: On master: BEGIN
[0m22:23:27.672631 [debug] [MainThread]: Opening a new connection, currently in state closed
[0m22:23:27.672631 [debug] [MainThread]: SQL status: OK in 0.000 seconds
[0m22:23:27.673633 [debug] [MainThread]: On master: COMMIT
[0m22:23:27.673633 [debug] [MainThread]: Using duckdb connection "master"
[0m22:23:27.673633 [debug] [MainThread]: On master: COMMIT
[0m22:23:27.674663 [debug] [MainThread]: SQL status: OK in 0.000 seconds
[0m22:23:27.674663 [debug] [MainThread]: On master: Close
[0m22:23:27.674663 [debug] [MainThread]: Connection 'master' was properly closed.
[0m22:23:27.674663 [debug] [MainThread]: Connection 'create_dev_main' was properly closed.
[0m22:23:27.675648 [debug] [MainThread]: Connection 'list_dev_main' was properly closed.
[0m22:23:27.675648 [debug] [MainThread]: Connection 'model.edinet_growth_analysis.my_second_dbt_model' was properly closed.
[0m22:23:27.675648 [info ] [MainThread]: 
[0m22:23:27.677632 [info ] [MainThread]: Finished running 3 table models in 0 hours 0 minutes and 0.27 seconds (0.27s).
[0m22:23:27.679649 [debug] [MainThread]: Command end result
[0m22:23:27.695733 [debug] [MainThread]: Wrote artifact WritableManifest to C:\Users\nekoa\project_2026\kayleet_scherbel_project_2026\edinet_growth_analysis\target\manifest.json
[0m22:23:27.697718 [debug] [MainThread]: Wrote artifact SemanticManifest to C:\Users\nekoa\project_2026\kayleet_scherbel_project_2026\edinet_growth_analysis\target\semantic_manifest.json
[0m22:23:27.701286 [debug] [MainThread]: Wrote artifact RunExecutionResult to C:\Users\nekoa\project_2026\kayleet_scherbel_project_2026\edinet_growth_analysis\target\run_results.json
[0m22:23:27.701286 [info ] [MainThread]: 
[0m22:23:27.702286 [info ] [MainThread]: [32mCompleted successfully[0m
[0m22:23:27.704290 [info ] [MainThread]: 
[0m22:23:27.706287 [info ] [MainThread]: Done. PASS=3 WARN=0 ERROR=0 SKIP=0 NO-OP=0 TOTAL=3
[0m22:23:27.708285 [debug] [MainThread]: Command `dbt run` succeeded at 22:23:27.708285 after 1.73 seconds
[0m22:23:27.708285 [debug] [MainThread]: Sending event: {'category': 'dbt', 'action': 'invocation', 'label': 'end', 'context': [<snowplow_tracker.self_describing_json.SelfDescribingJson object at 0x000001C3100CB590>, <snowplow_tracker.self_describing_json.SelfDescribingJson object at 0x000001C31030DD90>, <snowplow_tracker.self_describing_json.SelfDescribingJson object at 0x000001C312913560>]}
[0m22:23:27.709287 [debug] [MainThread]: Flushing usage events
[0m22:23:28.677921 [debug] [MainThread]: An error was encountered while trying to flush usage events
[0m22:28:32.129920 [debug] [MainThread]: Sending event: {'category': 'dbt', 'action': 'invocation', 'label': 'start', 'context': [<snowplow_tracker.self_describing_json.SelfDescribingJson object at 0x000001CAD25B2720>, <snowplow_tracker.self_describing_json.SelfDescribingJson object at 0x000001CAD2A083B0>, <snowplow_tracker.self_describing_json.SelfDescribingJson object at 0x000001CAD21790A0>]}


============================== 22:28:32.132919 | 48bd9420-a2b0-4e35-a42d-ecff20fdbf32 ==============================
[0m22:28:32.132919 [info ] [MainThread]: Running with dbt=1.11.12
[0m22:28:32.134423 [debug] [MainThread]: running dbt with arguments {'static_parser': 'True', 'no_print': 'None', 'version_check': 'True', 'target_path': 'None', 'warn_error_options': 'WarnErrorOptionsV2(error=[], warn=[], silence=[])', 'printer_width': '80', 'write_json': 'True', 'empty': 'None', 'log_cache_events': 'False', 'introspect': 'True', 'cache_selected_only': 'False', 'fail_fast': 'False', 'debug': 'False', 'log_format': 'default', 'profiles_dir': 'C:\\Users\\nekoa\\.dbt', 'send_anonymous_usage_stats': 'True', 'quiet': 'False', 'warn_error': 'None', 'partial_parse': 'True', 'use_colors': 'True', 'indirect_selection': 'eager', 'invocation_command': "dbt show --inline SELECT * FROM {{ ref('growth_rate_overEqual40') }} --limit 100", 'use_experimental_parser': 'False', 'log_path': 'C:\\Users\\nekoa\\project_2026\\kayleet_scherbel_project_2026\\edinet_growth_analysis\\logs'}
[0m22:28:32.286520 [debug] [MainThread]: Sending event: {'category': 'dbt', 'action': 'project_id', 'label': '48bd9420-a2b0-4e35-a42d-ecff20fdbf32', 'context': [<snowplow_tracker.self_describing_json.SelfDescribingJson object at 0x000001CAD4278C20>]}
[0m22:28:32.328501 [debug] [MainThread]: Sending event: {'category': 'dbt', 'action': 'adapter_info', 'label': '48bd9420-a2b0-4e35-a42d-ecff20fdbf32', 'context': [<snowplow_tracker.self_describing_json.SelfDescribingJson object at 0x000001CAD4A44560>]}
[0m22:28:32.337832 [info ] [MainThread]: Registered adapter: duckdb=1.10.1
[0m22:28:32.504606 [debug] [MainThread]: checksum: f368f5348cf42803b94ef7fb8257ecf3bf9a9a16dd9c8c51fe5172f2dbeb457f, vars: {}, profile: , target: , version: 1.11.12
[0m22:28:32.588847 [debug] [MainThread]: Partial parsing enabled: 0 files deleted, 0 files added, 0 files changed.
[0m22:28:32.588847 [debug] [MainThread]: Nothing changed, skipping partial parsing.
[0m22:28:32.588847 [debug] [MainThread]: Partial parsing enabled, no changes found, skipping parsing
[0m22:28:32.619531 [debug] [MainThread]: Sending event: {'category': 'dbt', 'action': 'load_project', 'label': '48bd9420-a2b0-4e35-a42d-ecff20fdbf32', 'context': [<snowplow_tracker.self_describing_json.SelfDescribingJson object at 0x000001CAD4DA5100>]}
[0m22:28:32.671427 [debug] [MainThread]: Wrote artifact WritableManifest to C:\Users\nekoa\project_2026\kayleet_scherbel_project_2026\edinet_growth_analysis\target\manifest.json
[0m22:28:32.672468 [debug] [MainThread]: Wrote artifact SemanticManifest to C:\Users\nekoa\project_2026\kayleet_scherbel_project_2026\edinet_growth_analysis\target\semantic_manifest.json
[0m22:28:32.767116 [debug] [MainThread]: Sending event: {'category': 'dbt', 'action': 'resource_counts', 'label': '48bd9420-a2b0-4e35-a42d-ecff20fdbf32', 'context': [<snowplow_tracker.self_describing_json.SelfDescribingJson object at 0x000001CAD5021B80>]}
[0m22:28:32.768082 [info ] [MainThread]: Found 3 models, 1 seed, 4 data tests, 1 sql operation, 485 macros
[0m22:28:32.768082 [debug] [MainThread]: Sending event: {'category': 'dbt', 'action': 'runnable_timing', 'label': '48bd9420-a2b0-4e35-a42d-ecff20fdbf32', 'context': [<snowplow_tracker.self_describing_json.SelfDescribingJson object at 0x000001CAD4AD3FE0>]}
[0m22:28:32.769101 [info ] [MainThread]: 
[0m22:28:32.769101 [info ] [MainThread]: Concurrency: 1 threads (target='dev')
[0m22:28:32.770082 [info ] [MainThread]: 
[0m22:28:32.770082 [debug] [MainThread]: Acquiring new duckdb connection 'master'
[0m22:28:32.773736 [debug] [ThreadPool]: Acquiring new duckdb connection 'list_dev_main'
[0m22:28:32.812650 [debug] [ThreadPool]: Using duckdb connection "list_dev_main"
[0m22:28:32.812650 [debug] [ThreadPool]: On list_dev_main: BEGIN
[0m22:28:32.813647 [debug] [ThreadPool]: Opening a new connection, currently in state init
[0m22:28:32.824482 [debug] [ThreadPool]: SQL status: OK in 0.011 seconds
[0m22:28:32.824482 [debug] [ThreadPool]: Using duckdb connection "list_dev_main"
[0m22:28:32.824482 [debug] [ThreadPool]: On list_dev_main: /* {"app": "dbt", "dbt_version": "1.11.12", "profile_name": "edinet_growth_analysis", "target_name": "dev", "connection_name": "list_dev_main"} */
select
      'dev' as database,
      table_name as name,
      table_schema as schema,
      CASE table_type
        WHEN 'BASE TABLE' THEN 'table'
        WHEN 'VIEW' THEN 'view'
        WHEN 'LOCAL TEMPORARY' THEN 'table'
        END as type
    from system.information_schema.tables
    where lower(table_schema) = 'main'
    and lower(table_catalog) = 'dev'
  
[0m22:28:32.827532 [debug] [ThreadPool]: SQL status: OK in 0.002 seconds
[0m22:28:32.828488 [debug] [ThreadPool]: On list_dev_main: ROLLBACK
[0m22:28:32.829489 [debug] [ThreadPool]: Failed to rollback 'list_dev_main'
[0m22:28:32.829489 [debug] [ThreadPool]: On list_dev_main: Close
[0m22:28:32.830490 [debug] [MainThread]: Sending event: {'category': 'dbt', 'action': 'runnable_timing', 'label': '48bd9420-a2b0-4e35-a42d-ecff20fdbf32', 'context': [<snowplow_tracker.self_describing_json.SelfDescribingJson object at 0x000001CAD4AD3FE0>]}
[0m22:28:32.843163 [debug] [Thread-1 (]: Began running node sql_operation.edinet_growth_analysis.inline_query
[0m22:28:32.843163 [debug] [Thread-1 (]: Acquiring new duckdb connection 'sql_operation.edinet_growth_analysis.inline_query'
[0m22:28:32.843163 [debug] [Thread-1 (]: Began compiling node sql_operation.edinet_growth_analysis.inline_query
[0m22:28:32.848725 [debug] [Thread-1 (]: Writing injected SQL for node "sql_operation.edinet_growth_analysis.inline_query"
[0m22:28:32.849686 [debug] [Thread-1 (]: Began executing node sql_operation.edinet_growth_analysis.inline_query
[0m22:28:32.852715 [debug] [Thread-1 (]: Using duckdb connection "sql_operation.edinet_growth_analysis.inline_query"
[0m22:28:32.853731 [debug] [Thread-1 (]: On sql_operation.edinet_growth_analysis.inline_query: /* {"app": "dbt", "dbt_version": "1.11.12", "profile_name": "edinet_growth_analysis", "target_name": "dev", "node_id": "sql_operation.edinet_growth_analysis.inline_query"} */

  
  SELECT * FROM "dev"."main"."growth_rate_overEqual40"
  
  limit 100

[0m22:28:32.853731 [debug] [Thread-1 (]: Opening a new connection, currently in state init
[0m22:28:32.857295 [debug] [Thread-1 (]: SQL status: OK in 0.003 seconds
[0m22:28:32.859263 [debug] [Thread-1 (]: On sql_operation.edinet_growth_analysis.inline_query: Close
[0m22:28:32.859263 [debug] [Thread-1 (]: Finished running node sql_operation.edinet_growth_analysis.inline_query
[0m22:28:32.860283 [debug] [MainThread]: Connection 'master' was properly closed.
[0m22:28:32.860283 [debug] [MainThread]: Connection 'list_dev_main' was properly closed.
[0m22:28:32.860283 [debug] [MainThread]: Connection 'sql_operation.edinet_growth_analysis.inline_query' was properly closed.
[0m22:28:32.861288 [debug] [MainThread]: Command end result
[0m22:28:32.910603 [debug] [MainThread]: Wrote artifact WritableManifest to C:\Users\nekoa\project_2026\kayleet_scherbel_project_2026\edinet_growth_analysis\target\manifest.json
[0m22:28:32.912604 [debug] [MainThread]: Wrote artifact SemanticManifest to C:\Users\nekoa\project_2026\kayleet_scherbel_project_2026\edinet_growth_analysis\target\semantic_manifest.json
[0m22:28:32.917167 [debug] [MainThread]: Wrote artifact RunExecutionResult to C:\Users\nekoa\project_2026\kayleet_scherbel_project_2026\edinet_growth_analysis\target\run_results.json
[0m22:28:32.918171 [info ] [MainThread]: Previewing inline node:
| company         | growth_rate_2022t... |
| --------------- | -------------------- |
| 日産自動車           |                42.53 |
| 本田技研工業          |                49.78 |
| バンダイナムコホールディングス |                51.61 |
| トヨタ自動車          |                61.52 |
| マツダ             |                57.62 |

[0m22:28:32.920147 [debug] [MainThread]: Command `dbt show` succeeded at 22:28:32.919167 after 0.93 seconds
[0m22:28:32.920147 [debug] [MainThread]: Sending event: {'category': 'dbt', 'action': 'invocation', 'label': 'end', 'context': [<snowplow_tracker.self_describing_json.SelfDescribingJson object at 0x000001CAD21790A0>, <snowplow_tracker.self_describing_json.SelfDescribingJson object at 0x000001CAD5068710>, <snowplow_tracker.self_describing_json.SelfDescribingJson object at 0x000001CAD257FE00>]}
[0m22:28:32.920147 [debug] [MainThread]: Flushing usage events
[0m22:28:33.908185 [debug] [MainThread]: An error was encountered while trying to flush usage events
[0m22:30:03.253252 [debug] [MainThread]: Sending event: {'category': 'dbt', 'action': 'invocation', 'label': 'start', 'context': [<snowplow_tracker.self_describing_json.SelfDescribingJson object at 0x0000021909F64860>, <snowplow_tracker.self_describing_json.SelfDescribingJson object at 0x0000021909A48320>, <snowplow_tracker.self_describing_json.SelfDescribingJson object at 0x0000021906455D90>]}


============================== 22:30:03.256259 | 1ae4e9ed-478d-4c8a-a498-501f4bd9da6f ==============================
[0m22:30:03.256259 [info ] [MainThread]: Running with dbt=1.11.12
[0m22:30:03.258276 [debug] [MainThread]: running dbt with arguments {'static_parser': 'True', 'no_print': 'None', 'version_check': 'True', 'warn_error_options': 'WarnErrorOptionsV2(error=[], warn=[], silence=[])', 'target_path': 'None', 'printer_width': '80', 'write_json': 'True', 'empty': 'False', 'log_cache_events': 'False', 'introspect': 'True', 'cache_selected_only': 'False', 'fail_fast': 'False', 'debug': 'False', 'log_format': 'default', 'profiles_dir': 'C:\\Users\\nekoa\\.dbt', 'send_anonymous_usage_stats': 'True', 'quiet': 'False', 'warn_error': 'None', 'partial_parse': 'True', 'invocation_command': 'dbt run', 'use_colors': 'True', 'indirect_selection': 'eager', 'use_experimental_parser': 'False', 'log_path': 'C:\\Users\\nekoa\\project_2026\\kayleet_scherbel_project_2026\\edinet_growth_analysis\\logs'}
[0m22:30:03.410038 [debug] [MainThread]: Sending event: {'category': 'dbt', 'action': 'project_id', 'label': '1ae4e9ed-478d-4c8a-a498-501f4bd9da6f', 'context': [<snowplow_tracker.self_describing_json.SelfDescribingJson object at 0x0000021906E3EC60>]}
[0m22:30:03.453336 [debug] [MainThread]: Sending event: {'category': 'dbt', 'action': 'adapter_info', 'label': '1ae4e9ed-478d-4c8a-a498-501f4bd9da6f', 'context': [<snowplow_tracker.self_describing_json.SelfDescribingJson object at 0x0000021909FB6FF0>]}
[0m22:30:03.454337 [info ] [MainThread]: Registered adapter: duckdb=1.10.1
[0m22:30:03.618092 [debug] [MainThread]: checksum: f368f5348cf42803b94ef7fb8257ecf3bf9a9a16dd9c8c51fe5172f2dbeb457f, vars: {}, profile: , target: , version: 1.11.12
[0m22:30:03.700233 [debug] [MainThread]: Partial parsing enabled: 0 files deleted, 0 files added, 0 files changed.
[0m22:30:03.700233 [debug] [MainThread]: Nothing changed, skipping partial parsing.
[0m22:30:03.700233 [debug] [MainThread]: Partial parsing enabled, no changes found, skipping parsing
[0m22:30:03.728264 [debug] [MainThread]: Sending event: {'category': 'dbt', 'action': 'load_project', 'label': '1ae4e9ed-478d-4c8a-a498-501f4bd9da6f', 'context': [<snowplow_tracker.self_describing_json.SelfDescribingJson object at 0x000002190B9E1A00>]}
[0m22:30:03.778448 [debug] [MainThread]: Wrote artifact WritableManifest to C:\Users\nekoa\project_2026\kayleet_scherbel_project_2026\edinet_growth_analysis\target\manifest.json
[0m22:30:03.779954 [debug] [MainThread]: Wrote artifact SemanticManifest to C:\Users\nekoa\project_2026\kayleet_scherbel_project_2026\edinet_growth_analysis\target\semantic_manifest.json
[0m22:30:03.786967 [debug] [MainThread]: Sending event: {'category': 'dbt', 'action': 'resource_counts', 'label': '1ae4e9ed-478d-4c8a-a498-501f4bd9da6f', 'context': [<snowplow_tracker.self_describing_json.SelfDescribingJson object at 0x000002190BB82990>]}
[0m22:30:03.787968 [info ] [MainThread]: Found 3 models, 1 seed, 4 data tests, 485 macros
[0m22:30:03.787968 [debug] [MainThread]: Sending event: {'category': 'dbt', 'action': 'runnable_timing', 'label': '1ae4e9ed-478d-4c8a-a498-501f4bd9da6f', 'context': [<snowplow_tracker.self_describing_json.SelfDescribingJson object at 0x0000021909F643B0>]}
[0m22:30:03.790005 [info ] [MainThread]: 
[0m22:30:03.790614 [info ] [MainThread]: Concurrency: 1 threads (target='dev')
[0m22:30:03.792676 [info ] [MainThread]: 
[0m22:30:03.794675 [debug] [MainThread]: Acquiring new duckdb connection 'master'
[0m22:30:03.798618 [debug] [ThreadPool]: Acquiring new duckdb connection 'list_dev'
[0m22:30:03.841388 [debug] [ThreadPool]: Using duckdb connection "list_dev"
[0m22:30:03.841388 [debug] [ThreadPool]: On list_dev: /* {"app": "dbt", "dbt_version": "1.11.12", "profile_name": "edinet_growth_analysis", "target_name": "dev", "connection_name": "list_dev"} */

    
    select schema_name
    from system.information_schema.schemata
    
    where lower(catalog_name) = '"dev"'
    
  
  
[0m22:30:03.842468 [debug] [ThreadPool]: Opening a new connection, currently in state init
[0m22:30:03.853896 [debug] [ThreadPool]: SQL status: OK in 0.011 seconds
[0m22:30:03.854896 [debug] [ThreadPool]: On list_dev: Close
[0m22:30:03.854896 [debug] [ThreadPool]: Re-using an available connection from the pool (formerly list_dev, now create_dev_main)
[0m22:30:03.855899 [debug] [ThreadPool]: Creating schema "database: "dev"
schema: "main"
"
[0m22:30:03.859921 [debug] [ThreadPool]: Using duckdb connection "create_dev_main"
[0m22:30:03.860464 [debug] [ThreadPool]: On create_dev_main: /* {"app": "dbt", "dbt_version": "1.11.12", "profile_name": "edinet_growth_analysis", "target_name": "dev", "connection_name": "create_dev_main"} */

    
        select type from duckdb_databases()
        where lower(database_name)='dev'
        and type='sqlite'
    
  
[0m22:30:03.860464 [debug] [ThreadPool]: Opening a new connection, currently in state closed
[0m22:30:03.861455 [debug] [ThreadPool]: SQL status: OK in 0.001 seconds
[0m22:30:03.862456 [debug] [ThreadPool]: Using duckdb connection "create_dev_main"
[0m22:30:03.862456 [debug] [ThreadPool]: On create_dev_main: BEGIN
[0m22:30:03.862456 [debug] [ThreadPool]: SQL status: OK in 0.000 seconds
[0m22:30:03.863456 [debug] [ThreadPool]: Using duckdb connection "create_dev_main"
[0m22:30:03.863456 [debug] [ThreadPool]: On create_dev_main: /* {"app": "dbt", "dbt_version": "1.11.12", "profile_name": "edinet_growth_analysis", "target_name": "dev", "connection_name": "create_dev_main"} */

    
    
        create schema if not exists "dev"."main"
    
[0m22:30:03.863456 [debug] [ThreadPool]: SQL status: OK in 0.000 seconds
[0m22:30:03.864456 [debug] [ThreadPool]: On create_dev_main: COMMIT
[0m22:30:03.864456 [debug] [ThreadPool]: Using duckdb connection "create_dev_main"
[0m22:30:03.864456 [debug] [ThreadPool]: On create_dev_main: COMMIT
[0m22:30:03.865457 [debug] [ThreadPool]: SQL status: OK in 0.000 seconds
[0m22:30:03.865457 [debug] [ThreadPool]: On create_dev_main: Close
[0m22:30:03.867458 [debug] [ThreadPool]: Acquiring new duckdb connection 'list_dev_main'
[0m22:30:03.870968 [debug] [ThreadPool]: Using duckdb connection "list_dev_main"
[0m22:30:03.870968 [debug] [ThreadPool]: On list_dev_main: BEGIN
[0m22:30:03.870968 [debug] [ThreadPool]: Opening a new connection, currently in state init
[0m22:30:03.871968 [debug] [ThreadPool]: SQL status: OK in 0.000 seconds
[0m22:30:03.871968 [debug] [ThreadPool]: Using duckdb connection "list_dev_main"
[0m22:30:03.871968 [debug] [ThreadPool]: On list_dev_main: /* {"app": "dbt", "dbt_version": "1.11.12", "profile_name": "edinet_growth_analysis", "target_name": "dev", "connection_name": "list_dev_main"} */
select
      'dev' as database,
      table_name as name,
      table_schema as schema,
      CASE table_type
        WHEN 'BASE TABLE' THEN 'table'
        WHEN 'VIEW' THEN 'view'
        WHEN 'LOCAL TEMPORARY' THEN 'table'
        END as type
    from system.information_schema.tables
    where lower(table_schema) = 'main'
    and lower(table_catalog) = 'dev'
  
[0m22:30:03.874589 [debug] [ThreadPool]: SQL status: OK in 0.002 seconds
[0m22:30:03.875591 [debug] [ThreadPool]: On list_dev_main: ROLLBACK
[0m22:30:03.876592 [debug] [ThreadPool]: Failed to rollback 'list_dev_main'
[0m22:30:03.876592 [debug] [ThreadPool]: On list_dev_main: Close
[0m22:30:03.877591 [debug] [MainThread]: Sending event: {'category': 'dbt', 'action': 'runnable_timing', 'label': '1ae4e9ed-478d-4c8a-a498-501f4bd9da6f', 'context': [<snowplow_tracker.self_describing_json.SelfDescribingJson object at 0x000002190BD7D4F0>]}
[0m22:30:03.878591 [debug] [MainThread]: Using duckdb connection "master"
[0m22:30:03.878591 [debug] [MainThread]: On master: BEGIN
[0m22:30:03.878591 [debug] [MainThread]: Opening a new connection, currently in state init
[0m22:30:03.878591 [debug] [MainThread]: SQL status: OK in 0.000 seconds
[0m22:30:03.878591 [debug] [MainThread]: On master: COMMIT
[0m22:30:03.880152 [debug] [MainThread]: Using duckdb connection "master"
[0m22:30:03.880152 [debug] [MainThread]: On master: COMMIT
[0m22:30:03.880152 [debug] [MainThread]: SQL status: OK in 0.000 seconds
[0m22:30:03.880152 [debug] [MainThread]: On master: Close
[0m22:30:03.886159 [debug] [Thread-1 (]: Began running node model.edinet_growth_analysis.growth_rate_overEqual40
[0m22:30:03.887160 [info ] [Thread-1 (]: 1 of 3 START sql table model main.growth_rate_overEqual40 ...................... [RUN]
[0m22:30:03.889718 [debug] [Thread-1 (]: Acquiring new duckdb connection 'model.edinet_growth_analysis.growth_rate_overEqual40'
[0m22:30:03.889718 [debug] [Thread-1 (]: Began compiling node model.edinet_growth_analysis.growth_rate_overEqual40
[0m22:30:03.894730 [debug] [Thread-1 (]: Writing injected SQL for node "model.edinet_growth_analysis.growth_rate_overEqual40"
[0m22:30:03.894730 [debug] [Thread-1 (]: Began executing node model.edinet_growth_analysis.growth_rate_overEqual40
[0m22:30:03.913800 [debug] [Thread-1 (]: Writing runtime sql for node "model.edinet_growth_analysis.growth_rate_overEqual40"
[0m22:30:03.914761 [debug] [Thread-1 (]: Using duckdb connection "model.edinet_growth_analysis.growth_rate_overEqual40"
[0m22:30:03.914761 [debug] [Thread-1 (]: On model.edinet_growth_analysis.growth_rate_overEqual40: BEGIN
[0m22:30:03.914761 [debug] [Thread-1 (]: Opening a new connection, currently in state init
[0m22:30:03.915759 [debug] [Thread-1 (]: SQL status: OK in 0.001 seconds
[0m22:30:03.916760 [debug] [Thread-1 (]: Using duckdb connection "model.edinet_growth_analysis.growth_rate_overEqual40"
[0m22:30:03.916760 [debug] [Thread-1 (]: On model.edinet_growth_analysis.growth_rate_overEqual40: /* {"app": "dbt", "dbt_version": "1.11.12", "profile_name": "edinet_growth_analysis", "target_name": "dev", "node_id": "model.edinet_growth_analysis.growth_rate_overEqual40"} */

  
    
    

    create  table
      "dev"."main"."growth_rate_overEqual40__dbt_tmp"
  
    as (
      WITH clients AS (
    PIVOT "dev"."main"."net_value_clients"
    ON relative_year
    USING first(net_sales_yen)
),
clients_growth_rate AS (
    SELECT company, ROUND((((CurrentYear/Prior4Year)-1)*100), 2) as growth_rate_2022to2026 
    FROM clients
    WHERE growth_rate_2022to2026 >= 40
)
SELECT * FROM clients_growth_rate
    );
  
  
[0m22:30:03.923135 [debug] [Thread-1 (]: SQL status: OK in 0.006 seconds
[0m22:30:03.927136 [debug] [Thread-1 (]: Using duckdb connection "model.edinet_growth_analysis.growth_rate_overEqual40"
[0m22:30:03.927136 [debug] [Thread-1 (]: On model.edinet_growth_analysis.growth_rate_overEqual40: /* {"app": "dbt", "dbt_version": "1.11.12", "profile_name": "edinet_growth_analysis", "target_name": "dev", "node_id": "model.edinet_growth_analysis.growth_rate_overEqual40"} */

    SELECT index_name
    FROM duckdb_indexes()
    WHERE schema_name = 'main'
      AND table_name = 'growth_rate_overEqual40'
  
[0m22:30:03.928138 [debug] [Thread-1 (]: SQL status: OK in 0.000 seconds
[0m22:30:03.929643 [debug] [Thread-1 (]: Using duckdb connection "model.edinet_growth_analysis.growth_rate_overEqual40"
[0m22:30:03.929643 [debug] [Thread-1 (]: On model.edinet_growth_analysis.growth_rate_overEqual40: /* {"app": "dbt", "dbt_version": "1.11.12", "profile_name": "edinet_growth_analysis", "target_name": "dev", "node_id": "model.edinet_growth_analysis.growth_rate_overEqual40"} */

    SELECT COUNT(*) as remaining_indexes
    FROM duckdb_indexes()
    WHERE schema_name = 'main'
      AND table_name = 'growth_rate_overEqual40'
  
[0m22:30:03.930663 [debug] [Thread-1 (]: SQL status: OK in 0.000 seconds
[0m22:30:03.935651 [debug] [Thread-1 (]: Using duckdb connection "model.edinet_growth_analysis.growth_rate_overEqual40"
[0m22:30:03.935651 [debug] [Thread-1 (]: On model.edinet_growth_analysis.growth_rate_overEqual40: /* {"app": "dbt", "dbt_version": "1.11.12", "profile_name": "edinet_growth_analysis", "target_name": "dev", "node_id": "model.edinet_growth_analysis.growth_rate_overEqual40"} */
alter table "dev"."main"."growth_rate_overEqual40" rename to "growth_rate_overEqual40__dbt_backup"
[0m22:30:03.936652 [debug] [Thread-1 (]: SQL status: OK in 0.000 seconds
[0m22:30:03.938652 [debug] [Thread-1 (]: Using duckdb connection "model.edinet_growth_analysis.growth_rate_overEqual40"
[0m22:30:03.938652 [debug] [Thread-1 (]: On model.edinet_growth_analysis.growth_rate_overEqual40: /* {"app": "dbt", "dbt_version": "1.11.12", "profile_name": "edinet_growth_analysis", "target_name": "dev", "node_id": "model.edinet_growth_analysis.growth_rate_overEqual40"} */
alter table "dev"."main"."growth_rate_overEqual40__dbt_tmp" rename to "growth_rate_overEqual40"
[0m22:30:03.939652 [debug] [Thread-1 (]: SQL status: OK in 0.000 seconds
[0m22:30:03.949676 [debug] [Thread-1 (]: On model.edinet_growth_analysis.growth_rate_overEqual40: COMMIT
[0m22:30:03.949676 [debug] [Thread-1 (]: Using duckdb connection "model.edinet_growth_analysis.growth_rate_overEqual40"
[0m22:30:03.950683 [debug] [Thread-1 (]: On model.edinet_growth_analysis.growth_rate_overEqual40: COMMIT
[0m22:30:03.953686 [debug] [Thread-1 (]: SQL status: OK in 0.003 seconds
[0m22:30:03.956684 [debug] [Thread-1 (]: Using duckdb connection "model.edinet_growth_analysis.growth_rate_overEqual40"
[0m22:30:03.957684 [debug] [Thread-1 (]: On model.edinet_growth_analysis.growth_rate_overEqual40: /* {"app": "dbt", "dbt_version": "1.11.12", "profile_name": "edinet_growth_analysis", "target_name": "dev", "node_id": "model.edinet_growth_analysis.growth_rate_overEqual40"} */

      drop table if exists "dev"."main"."growth_rate_overEqual40__dbt_backup" cascade
    
[0m22:30:03.959684 [debug] [Thread-1 (]: SQL status: OK in 0.002 seconds
[0m22:30:03.961899 [debug] [Thread-1 (]: On model.edinet_growth_analysis.growth_rate_overEqual40: Close
[0m22:30:03.962905 [debug] [Thread-1 (]: Sending event: {'category': 'dbt', 'action': 'run_model', 'label': '1ae4e9ed-478d-4c8a-a498-501f4bd9da6f', 'context': [<snowplow_tracker.self_describing_json.SelfDescribingJson object at 0x0000021906E3DD60>]}
[0m22:30:03.962905 [info ] [Thread-1 (]: 1 of 3 OK created sql table model main.growth_rate_overEqual40 ................. [[32mOK[0m in 0.07s]
[0m22:30:03.963905 [debug] [Thread-1 (]: Finished running node model.edinet_growth_analysis.growth_rate_overEqual40
[0m22:30:03.964905 [debug] [Thread-1 (]: Began running node model.edinet_growth_analysis.my_first_dbt_model
[0m22:30:03.964905 [info ] [Thread-1 (]: 2 of 3 START sql table model main.my_first_dbt_model ........................... [RUN]
[0m22:30:03.964905 [debug] [Thread-1 (]: Re-using an available connection from the pool (formerly model.edinet_growth_analysis.growth_rate_overEqual40, now model.edinet_growth_analysis.my_first_dbt_model)
[0m22:30:03.965913 [debug] [Thread-1 (]: Began compiling node model.edinet_growth_analysis.my_first_dbt_model
[0m22:30:03.967364 [debug] [Thread-1 (]: Writing injected SQL for node "model.edinet_growth_analysis.my_first_dbt_model"
[0m22:30:03.968238 [debug] [Thread-1 (]: Began executing node model.edinet_growth_analysis.my_first_dbt_model
[0m22:30:03.970747 [debug] [Thread-1 (]: Writing runtime sql for node "model.edinet_growth_analysis.my_first_dbt_model"
[0m22:30:03.971748 [debug] [Thread-1 (]: Using duckdb connection "model.edinet_growth_analysis.my_first_dbt_model"
[0m22:30:03.971748 [debug] [Thread-1 (]: On model.edinet_growth_analysis.my_first_dbt_model: BEGIN
[0m22:30:03.971748 [debug] [Thread-1 (]: Opening a new connection, currently in state closed
[0m22:30:03.972748 [debug] [Thread-1 (]: SQL status: OK in 0.000 seconds
[0m22:30:03.972748 [debug] [Thread-1 (]: Using duckdb connection "model.edinet_growth_analysis.my_first_dbt_model"
[0m22:30:03.972748 [debug] [Thread-1 (]: On model.edinet_growth_analysis.my_first_dbt_model: /* {"app": "dbt", "dbt_version": "1.11.12", "profile_name": "edinet_growth_analysis", "target_name": "dev", "node_id": "model.edinet_growth_analysis.my_first_dbt_model"} */

  
    
    

    create  table
      "dev"."main"."my_first_dbt_model__dbt_tmp"
  
    as (
      /*
    Welcome to your first dbt model!
    Did you know that you can also configure models directly within SQL files?
    This will override configurations stated in dbt_project.yml

    Try changing "table" to "view" below
*/



with source_data as (

    select 1 as id
    union all
    select null as id

)

select *
from source_data

/*
    Uncomment the line below to remove records with null `id` values
*/

-- where id is not null
    );
  
  
[0m22:30:03.974253 [debug] [Thread-1 (]: SQL status: OK in 0.000 seconds
[0m22:30:03.974253 [debug] [Thread-1 (]: Using duckdb connection "model.edinet_growth_analysis.my_first_dbt_model"
[0m22:30:03.975301 [debug] [Thread-1 (]: On model.edinet_growth_analysis.my_first_dbt_model: /* {"app": "dbt", "dbt_version": "1.11.12", "profile_name": "edinet_growth_analysis", "target_name": "dev", "node_id": "model.edinet_growth_analysis.my_first_dbt_model"} */

    SELECT index_name
    FROM duckdb_indexes()
    WHERE schema_name = 'main'
      AND table_name = 'my_first_dbt_model'
  
[0m22:30:03.975301 [debug] [Thread-1 (]: SQL status: OK in 0.000 seconds
[0m22:30:03.976297 [debug] [Thread-1 (]: Using duckdb connection "model.edinet_growth_analysis.my_first_dbt_model"
[0m22:30:03.977258 [debug] [Thread-1 (]: On model.edinet_growth_analysis.my_first_dbt_model: /* {"app": "dbt", "dbt_version": "1.11.12", "profile_name": "edinet_growth_analysis", "target_name": "dev", "node_id": "model.edinet_growth_analysis.my_first_dbt_model"} */

    SELECT COUNT(*) as remaining_indexes
    FROM duckdb_indexes()
    WHERE schema_name = 'main'
      AND table_name = 'my_first_dbt_model'
  
[0m22:30:03.977258 [debug] [Thread-1 (]: SQL status: OK in 0.000 seconds
[0m22:30:03.979766 [debug] [Thread-1 (]: Using duckdb connection "model.edinet_growth_analysis.my_first_dbt_model"
[0m22:30:03.979766 [debug] [Thread-1 (]: On model.edinet_growth_analysis.my_first_dbt_model: /* {"app": "dbt", "dbt_version": "1.11.12", "profile_name": "edinet_growth_analysis", "target_name": "dev", "node_id": "model.edinet_growth_analysis.my_first_dbt_model"} */
alter table "dev"."main"."my_first_dbt_model" rename to "my_first_dbt_model__dbt_backup"
[0m22:30:03.980772 [debug] [Thread-1 (]: SQL status: OK in 0.000 seconds
[0m22:30:03.982778 [debug] [Thread-1 (]: Using duckdb connection "model.edinet_growth_analysis.my_first_dbt_model"
[0m22:30:03.982778 [debug] [Thread-1 (]: On model.edinet_growth_analysis.my_first_dbt_model: /* {"app": "dbt", "dbt_version": "1.11.12", "profile_name": "edinet_growth_analysis", "target_name": "dev", "node_id": "model.edinet_growth_analysis.my_first_dbt_model"} */
alter table "dev"."main"."my_first_dbt_model__dbt_tmp" rename to "my_first_dbt_model"
[0m22:30:03.982778 [debug] [Thread-1 (]: SQL status: OK in 0.000 seconds
[0m22:30:03.984845 [debug] [Thread-1 (]: On model.edinet_growth_analysis.my_first_dbt_model: COMMIT
[0m22:30:03.984845 [debug] [Thread-1 (]: Using duckdb connection "model.edinet_growth_analysis.my_first_dbt_model"
[0m22:30:03.984845 [debug] [Thread-1 (]: On model.edinet_growth_analysis.my_first_dbt_model: COMMIT
[0m22:30:03.987807 [debug] [Thread-1 (]: SQL status: OK in 0.002 seconds
[0m22:30:03.988782 [debug] [Thread-1 (]: Using duckdb connection "model.edinet_growth_analysis.my_first_dbt_model"
[0m22:30:03.989780 [debug] [Thread-1 (]: On model.edinet_growth_analysis.my_first_dbt_model: /* {"app": "dbt", "dbt_version": "1.11.12", "profile_name": "edinet_growth_analysis", "target_name": "dev", "node_id": "model.edinet_growth_analysis.my_first_dbt_model"} */

      drop table if exists "dev"."main"."my_first_dbt_model__dbt_backup" cascade
    
[0m22:30:03.992318 [debug] [Thread-1 (]: SQL status: OK in 0.002 seconds
[0m22:30:03.993292 [debug] [Thread-1 (]: On model.edinet_growth_analysis.my_first_dbt_model: Close
[0m22:30:03.993292 [debug] [Thread-1 (]: Sending event: {'category': 'dbt', 'action': 'run_model', 'label': '1ae4e9ed-478d-4c8a-a498-501f4bd9da6f', 'context': [<snowplow_tracker.self_describing_json.SelfDescribingJson object at 0x000002190C0AB170>]}
[0m22:30:03.993292 [info ] [Thread-1 (]: 2 of 3 OK created sql table model main.my_first_dbt_model ...................... [[32mOK[0m in 0.03s]
[0m22:30:03.994292 [debug] [Thread-1 (]: Finished running node model.edinet_growth_analysis.my_first_dbt_model
[0m22:30:03.995291 [debug] [Thread-1 (]: Began running node model.edinet_growth_analysis.my_second_dbt_model
[0m22:30:03.995291 [info ] [Thread-1 (]: 3 of 3 START sql table model main.my_second_dbt_model .......................... [RUN]
[0m22:30:03.996293 [debug] [Thread-1 (]: Re-using an available connection from the pool (formerly model.edinet_growth_analysis.my_first_dbt_model, now model.edinet_growth_analysis.my_second_dbt_model)
[0m22:30:03.996293 [debug] [Thread-1 (]: Began compiling node model.edinet_growth_analysis.my_second_dbt_model
[0m22:30:03.998293 [debug] [Thread-1 (]: Writing injected SQL for node "model.edinet_growth_analysis.my_second_dbt_model"
[0m22:30:03.998293 [debug] [Thread-1 (]: Began executing node model.edinet_growth_analysis.my_second_dbt_model
[0m22:30:04.000804 [debug] [Thread-1 (]: Writing runtime sql for node "model.edinet_growth_analysis.my_second_dbt_model"
[0m22:30:04.001805 [debug] [Thread-1 (]: Using duckdb connection "model.edinet_growth_analysis.my_second_dbt_model"
[0m22:30:04.001805 [debug] [Thread-1 (]: On model.edinet_growth_analysis.my_second_dbt_model: BEGIN
[0m22:30:04.001805 [debug] [Thread-1 (]: Opening a new connection, currently in state closed
[0m22:30:04.002814 [debug] [Thread-1 (]: SQL status: OK in 0.001 seconds
[0m22:30:04.002814 [debug] [Thread-1 (]: Using duckdb connection "model.edinet_growth_analysis.my_second_dbt_model"
[0m22:30:04.003810 [debug] [Thread-1 (]: On model.edinet_growth_analysis.my_second_dbt_model: /* {"app": "dbt", "dbt_version": "1.11.12", "profile_name": "edinet_growth_analysis", "target_name": "dev", "node_id": "model.edinet_growth_analysis.my_second_dbt_model"} */

  
    
    

    create  table
      "dev"."main"."my_second_dbt_model__dbt_tmp"
  
    as (
      -- Use the `ref` function to select from other models

select *
from "dev"."main"."my_first_dbt_model"
where id = 1
    );
  
  
[0m22:30:04.003810 [debug] [Thread-1 (]: SQL status: OK in 0.001 seconds
[0m22:30:04.005812 [debug] [Thread-1 (]: Using duckdb connection "model.edinet_growth_analysis.my_second_dbt_model"
[0m22:30:04.006811 [debug] [Thread-1 (]: On model.edinet_growth_analysis.my_second_dbt_model: /* {"app": "dbt", "dbt_version": "1.11.12", "profile_name": "edinet_growth_analysis", "target_name": "dev", "node_id": "model.edinet_growth_analysis.my_second_dbt_model"} */

    SELECT index_name
    FROM duckdb_indexes()
    WHERE schema_name = 'main'
      AND table_name = 'my_second_dbt_model'
  
[0m22:30:04.006811 [debug] [Thread-1 (]: SQL status: OK in 0.000 seconds
[0m22:30:04.007811 [debug] [Thread-1 (]: Using duckdb connection "model.edinet_growth_analysis.my_second_dbt_model"
[0m22:30:04.007811 [debug] [Thread-1 (]: On model.edinet_growth_analysis.my_second_dbt_model: /* {"app": "dbt", "dbt_version": "1.11.12", "profile_name": "edinet_growth_analysis", "target_name": "dev", "node_id": "model.edinet_growth_analysis.my_second_dbt_model"} */

    SELECT COUNT(*) as remaining_indexes
    FROM duckdb_indexes()
    WHERE schema_name = 'main'
      AND table_name = 'my_second_dbt_model'
  
[0m22:30:04.008812 [debug] [Thread-1 (]: SQL status: OK in 0.000 seconds
[0m22:30:04.046871 [debug] [Thread-1 (]: Using duckdb connection "model.edinet_growth_analysis.my_second_dbt_model"
[0m22:30:04.047891 [debug] [Thread-1 (]: On model.edinet_growth_analysis.my_second_dbt_model: /* {"app": "dbt", "dbt_version": "1.11.12", "profile_name": "edinet_growth_analysis", "target_name": "dev", "node_id": "model.edinet_growth_analysis.my_second_dbt_model"} */
alter table "dev"."main"."my_second_dbt_model" rename to "my_second_dbt_model__dbt_backup"
[0m22:30:04.048871 [debug] [Thread-1 (]: SQL status: OK in 0.000 seconds
[0m22:30:04.050428 [debug] [Thread-1 (]: Using duckdb connection "model.edinet_growth_analysis.my_second_dbt_model"
[0m22:30:04.050428 [debug] [Thread-1 (]: On model.edinet_growth_analysis.my_second_dbt_model: /* {"app": "dbt", "dbt_version": "1.11.12", "profile_name": "edinet_growth_analysis", "target_name": "dev", "node_id": "model.edinet_growth_analysis.my_second_dbt_model"} */
alter table "dev"."main"."my_second_dbt_model__dbt_tmp" rename to "my_second_dbt_model"
[0m22:30:04.051423 [debug] [Thread-1 (]: SQL status: OK in 0.000 seconds
[0m22:30:04.052437 [debug] [Thread-1 (]: On model.edinet_growth_analysis.my_second_dbt_model: COMMIT
[0m22:30:04.052437 [debug] [Thread-1 (]: Using duckdb connection "model.edinet_growth_analysis.my_second_dbt_model"
[0m22:30:04.052437 [debug] [Thread-1 (]: On model.edinet_growth_analysis.my_second_dbt_model: COMMIT
[0m22:30:04.055422 [debug] [Thread-1 (]: SQL status: OK in 0.002 seconds
[0m22:30:04.056421 [debug] [Thread-1 (]: Using duckdb connection "model.edinet_growth_analysis.my_second_dbt_model"
[0m22:30:04.056421 [debug] [Thread-1 (]: On model.edinet_growth_analysis.my_second_dbt_model: /* {"app": "dbt", "dbt_version": "1.11.12", "profile_name": "edinet_growth_analysis", "target_name": "dev", "node_id": "model.edinet_growth_analysis.my_second_dbt_model"} */

      drop table if exists "dev"."main"."my_second_dbt_model__dbt_backup" cascade
    
[0m22:30:04.059927 [debug] [Thread-1 (]: SQL status: OK in 0.003 seconds
[0m22:30:04.060933 [debug] [Thread-1 (]: On model.edinet_growth_analysis.my_second_dbt_model: Close
[0m22:30:04.060933 [debug] [Thread-1 (]: Sending event: {'category': 'dbt', 'action': 'run_model', 'label': '1ae4e9ed-478d-4c8a-a498-501f4bd9da6f', 'context': [<snowplow_tracker.self_describing_json.SelfDescribingJson object at 0x000002190C20BEC0>]}
[0m22:30:04.061934 [info ] [Thread-1 (]: 3 of 3 OK created sql table model main.my_second_dbt_model ..................... [[32mOK[0m in 0.06s]
[0m22:30:04.061934 [debug] [Thread-1 (]: Finished running node model.edinet_growth_analysis.my_second_dbt_model
[0m22:30:04.062972 [debug] [MainThread]: Using duckdb connection "master"
[0m22:30:04.062972 [debug] [MainThread]: On master: BEGIN
[0m22:30:04.063939 [debug] [MainThread]: Opening a new connection, currently in state closed
[0m22:30:04.063939 [debug] [MainThread]: SQL status: OK in 0.000 seconds
[0m22:30:04.063939 [debug] [MainThread]: On master: COMMIT
[0m22:30:04.064939 [debug] [MainThread]: Using duckdb connection "master"
[0m22:30:04.064939 [debug] [MainThread]: On master: COMMIT
[0m22:30:04.064939 [debug] [MainThread]: SQL status: OK in 0.000 seconds
[0m22:30:04.065940 [debug] [MainThread]: On master: Close
[0m22:30:04.065940 [debug] [MainThread]: Connection 'master' was properly closed.
[0m22:30:04.065940 [debug] [MainThread]: Connection 'create_dev_main' was properly closed.
[0m22:30:04.065940 [debug] [MainThread]: Connection 'list_dev_main' was properly closed.
[0m22:30:04.066941 [debug] [MainThread]: Connection 'model.edinet_growth_analysis.my_second_dbt_model' was properly closed.
[0m22:30:04.066941 [info ] [MainThread]: 
[0m22:30:04.068957 [info ] [MainThread]: Finished running 3 table models in 0 hours 0 minutes and 0.27 seconds (0.27s).
[0m22:30:04.071036 [debug] [MainThread]: Command end result
[0m22:30:04.086807 [debug] [MainThread]: Wrote artifact WritableManifest to C:\Users\nekoa\project_2026\kayleet_scherbel_project_2026\edinet_growth_analysis\target\manifest.json
[0m22:30:04.089808 [debug] [MainThread]: Wrote artifact SemanticManifest to C:\Users\nekoa\project_2026\kayleet_scherbel_project_2026\edinet_growth_analysis\target\semantic_manifest.json
[0m22:30:04.094005 [debug] [MainThread]: Wrote artifact RunExecutionResult to C:\Users\nekoa\project_2026\kayleet_scherbel_project_2026\edinet_growth_analysis\target\run_results.json
[0m22:30:04.094005 [info ] [MainThread]: 
[0m22:30:04.095002 [info ] [MainThread]: [32mCompleted successfully[0m
[0m22:30:04.095002 [info ] [MainThread]: 
[0m22:30:04.095002 [info ] [MainThread]: Done. PASS=3 WARN=0 ERROR=0 SKIP=0 NO-OP=0 TOTAL=3
[0m22:30:04.097003 [debug] [MainThread]: Command `dbt run` succeeded at 22:30:04.097003 after 1.08 seconds
[0m22:30:04.097003 [debug] [MainThread]: Sending event: {'category': 'dbt', 'action': 'invocation', 'label': 'end', 'context': [<snowplow_tracker.self_describing_json.SelfDescribingJson object at 0x000002190984FB90>, <snowplow_tracker.self_describing_json.SelfDescribingJson object at 0x00000219098C1070>, <snowplow_tracker.self_describing_json.SelfDescribingJson object at 0x000002190BDF81A0>]}
[0m22:30:04.097003 [debug] [MainThread]: Flushing usage events
[0m22:30:05.086216 [debug] [MainThread]: An error was encountered while trying to flush usage events
[0m22:31:51.886890 [debug] [MainThread]: Sending event: {'category': 'dbt', 'action': 'invocation', 'label': 'start', 'context': [<snowplow_tracker.self_describing_json.SelfDescribingJson object at 0x000001ABEC1A3500>, <snowplow_tracker.self_describing_json.SelfDescribingJson object at 0x000001ABEC752090>, <snowplow_tracker.self_describing_json.SelfDescribingJson object at 0x000001ABEC752120>]}


============================== 22:31:51.890448 | f2496eb2-957a-4394-b5da-f02c81d00b67 ==============================
[0m22:31:51.890448 [info ] [MainThread]: Running with dbt=1.11.12
[0m22:31:51.890448 [debug] [MainThread]: running dbt with arguments {'static_parser': 'True', 'no_print': 'None', 'version_check': 'True', 'warn_error_options': 'WarnErrorOptionsV2(error=[], warn=[], silence=[])', 'target_path': 'None', 'printer_width': '80', 'write_json': 'True', 'empty': 'None', 'log_cache_events': 'False', 'introspect': 'True', 'cache_selected_only': 'False', 'fail_fast': 'False', 'debug': 'False', 'log_format': 'default', 'profiles_dir': 'C:\\Users\\nekoa\\.dbt', 'send_anonymous_usage_stats': 'True', 'quiet': 'False', 'warn_error': 'None', 'partial_parse': 'True', 'use_colors': 'True', 'invocation_command': "dbt show --inline SELECT * FROM {{ ref('growth_rate_overEqual40') }} --limit 100", 'indirect_selection': 'eager', 'use_experimental_parser': 'False', 'log_path': 'C:\\Users\\nekoa\\project_2026\\kayleet_scherbel_project_2026\\edinet_growth_analysis\\logs'}
[0m22:31:52.034967 [debug] [MainThread]: Sending event: {'category': 'dbt', 'action': 'project_id', 'label': 'f2496eb2-957a-4394-b5da-f02c81d00b67', 'context': [<snowplow_tracker.self_describing_json.SelfDescribingJson object at 0x000001ABEDDB7BF0>]}
[0m22:31:52.075184 [debug] [MainThread]: Sending event: {'category': 'dbt', 'action': 'adapter_info', 'label': 'f2496eb2-957a-4394-b5da-f02c81d00b67', 'context': [<snowplow_tracker.self_describing_json.SelfDescribingJson object at 0x000001ABEDFF7920>]}
[0m22:31:52.082772 [info ] [MainThread]: Registered adapter: duckdb=1.10.1
[0m22:31:52.261133 [debug] [MainThread]: checksum: f368f5348cf42803b94ef7fb8257ecf3bf9a9a16dd9c8c51fe5172f2dbeb457f, vars: {}, profile: , target: , version: 1.11.12
[0m22:31:52.341829 [debug] [MainThread]: Partial parsing enabled: 0 files deleted, 0 files added, 0 files changed.
[0m22:31:52.341829 [debug] [MainThread]: Nothing changed, skipping partial parsing.
[0m22:31:52.342780 [debug] [MainThread]: Partial parsing enabled, no changes found, skipping parsing
[0m22:31:52.369859 [debug] [MainThread]: Sending event: {'category': 'dbt', 'action': 'load_project', 'label': 'f2496eb2-957a-4394-b5da-f02c81d00b67', 'context': [<snowplow_tracker.self_describing_json.SelfDescribingJson object at 0x000001ABEDDB7980>]}
[0m22:31:52.419823 [debug] [MainThread]: Wrote artifact WritableManifest to C:\Users\nekoa\project_2026\kayleet_scherbel_project_2026\edinet_growth_analysis\target\manifest.json
[0m22:31:52.420838 [debug] [MainThread]: Wrote artifact SemanticManifest to C:\Users\nekoa\project_2026\kayleet_scherbel_project_2026\edinet_growth_analysis\target\semantic_manifest.json
[0m22:31:52.512111 [debug] [MainThread]: Sending event: {'category': 'dbt', 'action': 'resource_counts', 'label': 'f2496eb2-957a-4394-b5da-f02c81d00b67', 'context': [<snowplow_tracker.self_describing_json.SelfDescribingJson object at 0x000001ABEEAAD760>]}
[0m22:31:52.512111 [info ] [MainThread]: Found 3 models, 1 seed, 4 data tests, 1 sql operation, 485 macros
[0m22:31:52.512111 [debug] [MainThread]: Sending event: {'category': 'dbt', 'action': 'runnable_timing', 'label': 'f2496eb2-957a-4394-b5da-f02c81d00b67', 'context': [<snowplow_tracker.self_describing_json.SelfDescribingJson object at 0x000001ABEDDD5B80>]}
[0m22:31:52.514113 [info ] [MainThread]: 
[0m22:31:52.514113 [info ] [MainThread]: Concurrency: 1 threads (target='dev')
[0m22:31:52.514113 [info ] [MainThread]: 
[0m22:31:52.515113 [debug] [MainThread]: Acquiring new duckdb connection 'master'
[0m22:31:52.518138 [debug] [ThreadPool]: Acquiring new duckdb connection 'list_dev_main'
[0m22:31:52.556496 [debug] [ThreadPool]: Using duckdb connection "list_dev_main"
[0m22:31:52.556496 [debug] [ThreadPool]: On list_dev_main: BEGIN
[0m22:31:52.556496 [debug] [ThreadPool]: Opening a new connection, currently in state init
[0m22:31:52.566963 [debug] [ThreadPool]: SQL status: OK in 0.010 seconds
[0m22:31:52.566963 [debug] [ThreadPool]: Using duckdb connection "list_dev_main"
[0m22:31:52.568007 [debug] [ThreadPool]: On list_dev_main: /* {"app": "dbt", "dbt_version": "1.11.12", "profile_name": "edinet_growth_analysis", "target_name": "dev", "connection_name": "list_dev_main"} */
select
      'dev' as database,
      table_name as name,
      table_schema as schema,
      CASE table_type
        WHEN 'BASE TABLE' THEN 'table'
        WHEN 'VIEW' THEN 'view'
        WHEN 'LOCAL TEMPORARY' THEN 'table'
        END as type
    from system.information_schema.tables
    where lower(table_schema) = 'main'
    and lower(table_catalog) = 'dev'
  
[0m22:31:52.569988 [debug] [ThreadPool]: SQL status: OK in 0.002 seconds
[0m22:31:52.571490 [debug] [ThreadPool]: On list_dev_main: ROLLBACK
[0m22:31:52.572423 [debug] [ThreadPool]: Failed to rollback 'list_dev_main'
[0m22:31:52.572423 [debug] [ThreadPool]: On list_dev_main: Close
[0m22:31:52.573423 [debug] [MainThread]: Sending event: {'category': 'dbt', 'action': 'runnable_timing', 'label': 'f2496eb2-957a-4394-b5da-f02c81d00b67', 'context': [<snowplow_tracker.self_describing_json.SelfDescribingJson object at 0x000001ABEE5505F0>]}
[0m22:31:52.576422 [debug] [Thread-1 (]: Began running node sql_operation.edinet_growth_analysis.inline_query
[0m22:31:52.576422 [debug] [Thread-1 (]: Acquiring new duckdb connection 'sql_operation.edinet_growth_analysis.inline_query'
[0m22:31:52.576422 [debug] [Thread-1 (]: Began compiling node sql_operation.edinet_growth_analysis.inline_query
[0m22:31:52.580978 [debug] [Thread-1 (]: Writing injected SQL for node "sql_operation.edinet_growth_analysis.inline_query"
[0m22:31:52.581997 [debug] [Thread-1 (]: Began executing node sql_operation.edinet_growth_analysis.inline_query
[0m22:31:52.585994 [debug] [Thread-1 (]: Using duckdb connection "sql_operation.edinet_growth_analysis.inline_query"
[0m22:31:52.585994 [debug] [Thread-1 (]: On sql_operation.edinet_growth_analysis.inline_query: /* {"app": "dbt", "dbt_version": "1.11.12", "profile_name": "edinet_growth_analysis", "target_name": "dev", "node_id": "sql_operation.edinet_growth_analysis.inline_query"} */

  
  SELECT * FROM "dev"."main"."growth_rate_overEqual40"
  
  limit 100

[0m22:31:52.585994 [debug] [Thread-1 (]: Opening a new connection, currently in state init
[0m22:31:52.587980 [debug] [Thread-1 (]: SQL status: OK in 0.002 seconds
[0m22:31:52.590487 [debug] [Thread-1 (]: On sql_operation.edinet_growth_analysis.inline_query: Close
[0m22:31:52.590487 [debug] [Thread-1 (]: Finished running node sql_operation.edinet_growth_analysis.inline_query
[0m22:31:52.591493 [debug] [MainThread]: Connection 'master' was properly closed.
[0m22:31:52.592502 [debug] [MainThread]: Connection 'list_dev_main' was properly closed.
[0m22:31:52.592502 [debug] [MainThread]: Connection 'sql_operation.edinet_growth_analysis.inline_query' was properly closed.
[0m22:31:52.593501 [debug] [MainThread]: Command end result
[0m22:31:52.640835 [debug] [MainThread]: Wrote artifact WritableManifest to C:\Users\nekoa\project_2026\kayleet_scherbel_project_2026\edinet_growth_analysis\target\manifest.json
[0m22:31:52.642884 [debug] [MainThread]: Wrote artifact SemanticManifest to C:\Users\nekoa\project_2026\kayleet_scherbel_project_2026\edinet_growth_analysis\target\semantic_manifest.json
[0m22:31:52.646869 [debug] [MainThread]: Wrote artifact RunExecutionResult to C:\Users\nekoa\project_2026\kayleet_scherbel_project_2026\edinet_growth_analysis\target\run_results.json
[0m22:31:52.646869 [info ] [MainThread]: Previewing inline node:
| company         | growth_rate_2022t... |
| --------------- | -------------------- |
| 日産自動車           |                42.53 |
| トヨタ自動車          |                61.52 |
| マツダ             |                57.62 |
| 本田技研工業          |                49.78 |
| バンダイナムコホールディングス |                51.61 |

[0m22:31:52.647851 [debug] [MainThread]: Command `dbt show` succeeded at 22:31:52.647851 after 0.98 seconds
[0m22:31:52.647851 [debug] [MainThread]: Sending event: {'category': 'dbt', 'action': 'invocation', 'label': 'end', 'context': [<snowplow_tracker.self_describing_json.SelfDescribingJson object at 0x000001ABEEAE4740>, <snowplow_tracker.self_describing_json.SelfDescribingJson object at 0x000001ABEEAE4440>, <snowplow_tracker.self_describing_json.SelfDescribingJson object at 0x000001ABEEAC0BF0>]}
[0m22:31:52.648906 [debug] [MainThread]: Flushing usage events
[0m22:31:53.614687 [debug] [MainThread]: An error was encountered while trying to flush usage events
[0m22:32:03.496755 [debug] [MainThread]: Sending event: {'category': 'dbt', 'action': 'invocation', 'label': 'start', 'context': [<snowplow_tracker.self_describing_json.SelfDescribingJson object at 0x000001B7519C00E0>, <snowplow_tracker.self_describing_json.SelfDescribingJson object at 0x000001B751320DD0>, <snowplow_tracker.self_describing_json.SelfDescribingJson object at 0x000001B7513223F0>]}


============================== 22:32:03.499772 | 39cce00e-54de-4cee-98f7-63a4051dbaca ==============================
[0m22:32:03.499772 [info ] [MainThread]: Running with dbt=1.11.12
[0m22:32:03.499772 [debug] [MainThread]: running dbt with arguments {'version_check': 'True', 'no_print': 'None', 'static_parser': 'True', 'warn_error_options': 'WarnErrorOptionsV2(error=[], warn=[], silence=[])', 'target_path': 'None', 'printer_width': '80', 'write_json': 'True', 'empty': 'None', 'log_cache_events': 'False', 'introspect': 'True', 'cache_selected_only': 'False', 'log_format': 'default', 'debug': 'False', 'fail_fast': 'False', 'partial_parse': 'True', 'send_anonymous_usage_stats': 'True', 'quiet': 'False', 'warn_error': 'None', 'profiles_dir': 'C:\\Users\\nekoa\\.dbt', 'indirect_selection': 'eager', 'use_colors': 'True', 'invocation_command': 'dbt show', 'use_experimental_parser': 'False', 'log_path': 'C:\\Users\\nekoa\\project_2026\\kayleet_scherbel_project_2026\\edinet_growth_analysis\\logs'}
[0m22:32:03.644227 [debug] [MainThread]: Sending event: {'category': 'dbt', 'action': 'project_id', 'label': '39cce00e-54de-4cee-98f7-63a4051dbaca', 'context': [<snowplow_tracker.self_describing_json.SelfDescribingJson object at 0x000001B74F60AC00>]}
[0m22:32:03.684437 [debug] [MainThread]: Sending event: {'category': 'dbt', 'action': 'adapter_info', 'label': '39cce00e-54de-4cee-98f7-63a4051dbaca', 'context': [<snowplow_tracker.self_describing_json.SelfDescribingJson object at 0x000001B7514F2870>]}
[0m22:32:03.691476 [info ] [MainThread]: Registered adapter: duckdb=1.10.1
[0m22:32:03.833620 [debug] [MainThread]: checksum: f368f5348cf42803b94ef7fb8257ecf3bf9a9a16dd9c8c51fe5172f2dbeb457f, vars: {}, profile: , target: , version: 1.11.12
[0m22:32:03.913158 [debug] [MainThread]: Partial parsing enabled: 0 files deleted, 0 files added, 0 files changed.
[0m22:32:03.913730 [debug] [MainThread]: Nothing changed, skipping partial parsing.
[0m22:32:03.913730 [debug] [MainThread]: Partial parsing enabled, no changes found, skipping parsing
[0m22:32:03.941318 [debug] [MainThread]: Sending event: {'category': 'dbt', 'action': 'load_project', 'label': '39cce00e-54de-4cee-98f7-63a4051dbaca', 'context': [<snowplow_tracker.self_describing_json.SelfDescribingJson object at 0x000001B7538E5340>]}
[0m22:32:03.992080 [debug] [MainThread]: Wrote artifact WritableManifest to C:\Users\nekoa\project_2026\kayleet_scherbel_project_2026\edinet_growth_analysis\target\manifest.json
[0m22:32:03.993069 [debug] [MainThread]: Wrote artifact SemanticManifest to C:\Users\nekoa\project_2026\kayleet_scherbel_project_2026\edinet_growth_analysis\target\semantic_manifest.json
[0m22:32:03.994265 [error] [MainThread]: Encountered an error:
Runtime Error
  Either --select or --inline must be passed to show
[0m22:32:03.995266 [debug] [MainThread]: Command `dbt show` failed at 22:32:03.995266 after 0.61 seconds
[0m22:32:03.995266 [debug] [MainThread]: Sending event: {'category': 'dbt', 'action': 'invocation', 'label': 'end', 'context': [<snowplow_tracker.self_describing_json.SelfDescribingJson object at 0x000001B75324C800>, <snowplow_tracker.self_describing_json.SelfDescribingJson object at 0x000001B75324CA70>, <snowplow_tracker.self_describing_json.SelfDescribingJson object at 0x000001B753D4D7F0>]}
[0m22:32:03.995266 [debug] [MainThread]: Flushing usage events
[0m22:32:04.950831 [debug] [MainThread]: An error was encountered while trying to flush usage events
[0m22:36:45.761397 [debug] [MainThread]: Sending event: {'category': 'dbt', 'action': 'invocation', 'label': 'start', 'context': [<snowplow_tracker.self_describing_json.SelfDescribingJson object at 0x000001AD7A9505F0>, <snowplow_tracker.self_describing_json.SelfDescribingJson object at 0x000001AD7A5EDEE0>, <snowplow_tracker.self_describing_json.SelfDescribingJson object at 0x000001AD7A5EDEB0>]}


============================== 22:36:45.763931 | 2ed3b331-775e-4bd6-8b7b-5c9d09b1ee46 ==============================
[0m22:36:45.763931 [info ] [MainThread]: Running with dbt=1.11.12
[0m22:36:45.764930 [debug] [MainThread]: running dbt with arguments {'static_parser': 'True', 'no_print': 'None', 'version_check': 'True', 'warn_error_options': 'WarnErrorOptionsV2(error=[], warn=[], silence=[])', 'target_path': 'None', 'printer_width': '80', 'write_json': 'True', 'empty': 'False', 'log_cache_events': 'False', 'introspect': 'True', 'cache_selected_only': 'False', 'fail_fast': 'False', 'debug': 'False', 'log_format': 'default', 'partial_parse': 'True', 'send_anonymous_usage_stats': 'True', 'quiet': 'False', 'warn_error': 'None', 'profiles_dir': 'C:\\Users\\nekoa\\.dbt', 'use_colors': 'True', 'indirect_selection': 'eager', 'invocation_command': 'dbt run', 'use_experimental_parser': 'False', 'log_path': 'C:\\Users\\nekoa\\project_2026\\kayleet_scherbel_project_2026\\edinet_growth_analysis\\logs'}
[0m22:36:45.912698 [debug] [MainThread]: Sending event: {'category': 'dbt', 'action': 'project_id', 'label': '2ed3b331-775e-4bd6-8b7b-5c9d09b1ee46', 'context': [<snowplow_tracker.self_describing_json.SelfDescribingJson object at 0x000001AD7BA88950>]}
[0m22:36:45.952847 [debug] [MainThread]: Sending event: {'category': 'dbt', 'action': 'adapter_info', 'label': '2ed3b331-775e-4bd6-8b7b-5c9d09b1ee46', 'context': [<snowplow_tracker.self_describing_json.SelfDescribingJson object at 0x000001AD781F8230>]}
[0m22:36:45.954197 [info ] [MainThread]: Registered adapter: duckdb=1.10.1
[0m22:36:46.095600 [debug] [MainThread]: checksum: f368f5348cf42803b94ef7fb8257ecf3bf9a9a16dd9c8c51fe5172f2dbeb457f, vars: {}, profile: , target: , version: 1.11.12
[0m22:36:46.176594 [debug] [MainThread]: Partial parsing enabled: 0 files deleted, 0 files added, 0 files changed.
[0m22:36:46.176594 [debug] [MainThread]: Nothing changed, skipping partial parsing.
[0m22:36:46.176594 [debug] [MainThread]: Partial parsing enabled, no changes found, skipping parsing
[0m22:36:46.206168 [debug] [MainThread]: Sending event: {'category': 'dbt', 'action': 'load_project', 'label': '2ed3b331-775e-4bd6-8b7b-5c9d09b1ee46', 'context': [<snowplow_tracker.self_describing_json.SelfDescribingJson object at 0x000001AD7C3B0440>]}
[0m22:36:46.256084 [debug] [MainThread]: Wrote artifact WritableManifest to C:\Users\nekoa\project_2026\kayleet_scherbel_project_2026\edinet_growth_analysis\target\manifest.json
[0m22:36:46.258090 [debug] [MainThread]: Wrote artifact SemanticManifest to C:\Users\nekoa\project_2026\kayleet_scherbel_project_2026\edinet_growth_analysis\target\semantic_manifest.json
[0m22:36:46.264614 [debug] [MainThread]: Sending event: {'category': 'dbt', 'action': 'resource_counts', 'label': '2ed3b331-775e-4bd6-8b7b-5c9d09b1ee46', 'context': [<snowplow_tracker.self_describing_json.SelfDescribingJson object at 0x000001AD7C551760>]}
[0m22:36:46.265605 [info ] [MainThread]: Found 3 models, 1 seed, 4 data tests, 485 macros
[0m22:36:46.265605 [debug] [MainThread]: Sending event: {'category': 'dbt', 'action': 'runnable_timing', 'label': '2ed3b331-775e-4bd6-8b7b-5c9d09b1ee46', 'context': [<snowplow_tracker.self_describing_json.SelfDescribingJson object at 0x000001AD7BD6F3B0>]}
[0m22:36:46.267703 [info ] [MainThread]: 
[0m22:36:46.267703 [info ] [MainThread]: Concurrency: 1 threads (target='dev')
[0m22:36:46.268609 [info ] [MainThread]: 
[0m22:36:46.269624 [debug] [MainThread]: Acquiring new duckdb connection 'master'
[0m22:36:46.272683 [debug] [ThreadPool]: Acquiring new duckdb connection 'list_dev'
[0m22:36:46.311704 [debug] [ThreadPool]: Using duckdb connection "list_dev"
[0m22:36:46.311704 [debug] [ThreadPool]: On list_dev: /* {"app": "dbt", "dbt_version": "1.11.12", "profile_name": "edinet_growth_analysis", "target_name": "dev", "connection_name": "list_dev"} */

    
    select schema_name
    from system.information_schema.schemata
    
    where lower(catalog_name) = '"dev"'
    
  
  
[0m22:36:46.312663 [debug] [ThreadPool]: Opening a new connection, currently in state init
[0m22:36:46.325879 [debug] [ThreadPool]: SQL status: OK in 0.013 seconds
[0m22:36:46.326806 [debug] [ThreadPool]: On list_dev: Close
[0m22:36:46.327805 [debug] [ThreadPool]: Re-using an available connection from the pool (formerly list_dev, now create_dev_main)
[0m22:36:46.327805 [debug] [ThreadPool]: Creating schema "database: "dev"
schema: "main"
"
[0m22:36:46.331872 [debug] [ThreadPool]: Using duckdb connection "create_dev_main"
[0m22:36:46.332851 [debug] [ThreadPool]: On create_dev_main: /* {"app": "dbt", "dbt_version": "1.11.12", "profile_name": "edinet_growth_analysis", "target_name": "dev", "connection_name": "create_dev_main"} */

    
        select type from duckdb_databases()
        where lower(database_name)='dev'
        and type='sqlite'
    
  
[0m22:36:46.332851 [debug] [ThreadPool]: Opening a new connection, currently in state closed
[0m22:36:46.334037 [debug] [ThreadPool]: SQL status: OK in 0.001 seconds
[0m22:36:46.335008 [debug] [ThreadPool]: Using duckdb connection "create_dev_main"
[0m22:36:46.335008 [debug] [ThreadPool]: On create_dev_main: BEGIN
[0m22:36:46.335008 [debug] [ThreadPool]: SQL status: OK in 0.000 seconds
[0m22:36:46.335008 [debug] [ThreadPool]: Using duckdb connection "create_dev_main"
[0m22:36:46.336032 [debug] [ThreadPool]: On create_dev_main: /* {"app": "dbt", "dbt_version": "1.11.12", "profile_name": "edinet_growth_analysis", "target_name": "dev", "connection_name": "create_dev_main"} */

    
    
        create schema if not exists "dev"."main"
    
[0m22:36:46.336032 [debug] [ThreadPool]: SQL status: OK in 0.000 seconds
[0m22:36:46.337029 [debug] [ThreadPool]: On create_dev_main: COMMIT
[0m22:36:46.337029 [debug] [ThreadPool]: Using duckdb connection "create_dev_main"
[0m22:36:46.337029 [debug] [ThreadPool]: On create_dev_main: COMMIT
[0m22:36:46.338113 [debug] [ThreadPool]: SQL status: OK in 0.000 seconds
[0m22:36:46.338113 [debug] [ThreadPool]: On create_dev_main: Close
[0m22:36:46.339022 [debug] [ThreadPool]: Acquiring new duckdb connection 'list_dev_main'
[0m22:36:46.342559 [debug] [ThreadPool]: Using duckdb connection "list_dev_main"
[0m22:36:46.342559 [debug] [ThreadPool]: On list_dev_main: BEGIN
[0m22:36:46.343617 [debug] [ThreadPool]: Opening a new connection, currently in state init
[0m22:36:46.343617 [debug] [ThreadPool]: SQL status: OK in 0.000 seconds
[0m22:36:46.343617 [debug] [ThreadPool]: Using duckdb connection "list_dev_main"
[0m22:36:46.344578 [debug] [ThreadPool]: On list_dev_main: /* {"app": "dbt", "dbt_version": "1.11.12", "profile_name": "edinet_growth_analysis", "target_name": "dev", "connection_name": "list_dev_main"} */
select
      'dev' as database,
      table_name as name,
      table_schema as schema,
      CASE table_type
        WHEN 'BASE TABLE' THEN 'table'
        WHEN 'VIEW' THEN 'view'
        WHEN 'LOCAL TEMPORARY' THEN 'table'
        END as type
    from system.information_schema.tables
    where lower(table_schema) = 'main'
    and lower(table_catalog) = 'dev'
  
[0m22:36:46.346632 [debug] [ThreadPool]: SQL status: OK in 0.002 seconds
[0m22:36:46.347567 [debug] [ThreadPool]: On list_dev_main: ROLLBACK
[0m22:36:46.347567 [debug] [ThreadPool]: Failed to rollback 'list_dev_main'
[0m22:36:46.348601 [debug] [ThreadPool]: On list_dev_main: Close
[0m22:36:46.348601 [debug] [MainThread]: Sending event: {'category': 'dbt', 'action': 'runnable_timing', 'label': '2ed3b331-775e-4bd6-8b7b-5c9d09b1ee46', 'context': [<snowplow_tracker.self_describing_json.SelfDescribingJson object at 0x000001AD7793E870>]}
[0m22:36:46.349565 [debug] [MainThread]: Using duckdb connection "master"
[0m22:36:46.349565 [debug] [MainThread]: On master: BEGIN
[0m22:36:46.349565 [debug] [MainThread]: Opening a new connection, currently in state init
[0m22:36:46.350565 [debug] [MainThread]: SQL status: OK in 0.000 seconds
[0m22:36:46.350565 [debug] [MainThread]: On master: COMMIT
[0m22:36:46.350565 [debug] [MainThread]: Using duckdb connection "master"
[0m22:36:46.350565 [debug] [MainThread]: On master: COMMIT
[0m22:36:46.351566 [debug] [MainThread]: SQL status: OK in 0.000 seconds
[0m22:36:46.351566 [debug] [MainThread]: On master: Close
[0m22:36:46.354119 [debug] [Thread-1 (]: Began running node model.edinet_growth_analysis.growth_rate_overEqual40
[0m22:36:46.354119 [info ] [Thread-1 (]: 1 of 3 START sql table model main.growth_rate_overEqual40 ...................... [RUN]
[0m22:36:46.355111 [debug] [Thread-1 (]: Acquiring new duckdb connection 'model.edinet_growth_analysis.growth_rate_overEqual40'
[0m22:36:46.355111 [debug] [Thread-1 (]: Began compiling node model.edinet_growth_analysis.growth_rate_overEqual40
[0m22:36:46.359598 [debug] [Thread-1 (]: Writing injected SQL for node "model.edinet_growth_analysis.growth_rate_overEqual40"
[0m22:36:46.360597 [debug] [Thread-1 (]: Began executing node model.edinet_growth_analysis.growth_rate_overEqual40
[0m22:36:46.378663 [debug] [Thread-1 (]: Writing runtime sql for node "model.edinet_growth_analysis.growth_rate_overEqual40"
[0m22:36:46.379663 [debug] [Thread-1 (]: Using duckdb connection "model.edinet_growth_analysis.growth_rate_overEqual40"
[0m22:36:46.379663 [debug] [Thread-1 (]: On model.edinet_growth_analysis.growth_rate_overEqual40: BEGIN
[0m22:36:46.380662 [debug] [Thread-1 (]: Opening a new connection, currently in state init
[0m22:36:46.380662 [debug] [Thread-1 (]: SQL status: OK in 0.001 seconds
[0m22:36:46.381646 [debug] [Thread-1 (]: Using duckdb connection "model.edinet_growth_analysis.growth_rate_overEqual40"
[0m22:36:46.381646 [debug] [Thread-1 (]: On model.edinet_growth_analysis.growth_rate_overEqual40: /* {"app": "dbt", "dbt_version": "1.11.12", "profile_name": "edinet_growth_analysis", "target_name": "dev", "node_id": "model.edinet_growth_analysis.growth_rate_overEqual40"} */

  
    
    

    create  table
      "dev"."main"."growth_rate_overEqual40__dbt_tmp"
  
    as (
      WITH clients AS (
    PIVOT "dev"."main"."net_value_clients"
    ON relative_year
    USING first(net_sales_yen)
),
clients_growth_rate AS (
    SELECT company, ROUND((((CurrentYear/Prior4Year)-1)*100), 2) as growth_rate_2022to2026 
    FROM clients
    WHERE growth_rate_2022to2026 >= 40
)
SELECT * FROM clients_growth_rate
    );
  
  
[0m22:36:46.384717 [debug] [Thread-1 (]: DuckDB adapter: duckdb error: Catalog Error: Table with name net_value_clients does not exist!
Did you mean "information_schema.constraint_table_usage"?
[0m22:36:46.384717 [debug] [Thread-1 (]: DuckDB adapter: Error running SQL: /* {"app": "dbt", "dbt_version": "1.11.12", "profile_name": "edinet_growth_analysis", "target_name": "dev", "node_id": "model.edinet_growth_analysis.growth_rate_overEqual40"} */

  
    
    

    create  table
      "dev"."main"."growth_rate_overEqual40__dbt_tmp"
  
    as (
      WITH clients AS (
    PIVOT "dev"."main"."net_value_clients"
    ON relative_year
    USING first(net_sales_yen)
),
clients_growth_rate AS (
    SELECT company, ROUND((((CurrentYear/Prior4Year)-1)*100), 2) as growth_rate_2022to2026 
    FROM clients
    WHERE growth_rate_2022to2026 >= 40
)
SELECT * FROM clients_growth_rate
    );
  
  
[0m22:36:46.384717 [debug] [Thread-1 (]: DuckDB adapter: Rolling back transaction.
[0m22:36:46.385697 [debug] [Thread-1 (]: On model.edinet_growth_analysis.growth_rate_overEqual40: ROLLBACK
[0m22:36:46.386697 [debug] [Thread-1 (]: Failed to rollback 'model.edinet_growth_analysis.growth_rate_overEqual40'
[0m22:36:46.386697 [debug] [Thread-1 (]: On model.edinet_growth_analysis.growth_rate_overEqual40: Close
[0m22:36:46.389699 [debug] [Thread-1 (]: Runtime Error in model growth_rate_overEqual40 (models\example\growth_rate_overEqual40.sql)
  Catalog Error: Table with name net_value_clients does not exist!
  Did you mean "information_schema.constraint_table_usage"?
[0m22:36:46.390701 [debug] [Thread-1 (]: Sending event: {'category': 'dbt', 'action': 'run_model', 'label': '2ed3b331-775e-4bd6-8b7b-5c9d09b1ee46', 'context': [<snowplow_tracker.self_describing_json.SelfDescribingJson object at 0x000001AD7CA9A8D0>]}
[0m22:36:46.391717 [error] [Thread-1 (]: 1 of 3 ERROR creating sql table model main.growth_rate_overEqual40 ............. [[31mERROR[0m in 0.03s]
[0m22:36:46.392699 [debug] [Thread-1 (]: Finished running node model.edinet_growth_analysis.growth_rate_overEqual40
[0m22:36:46.392699 [debug] [Thread-1 (]: Began running node model.edinet_growth_analysis.my_first_dbt_model
[0m22:36:46.393235 [debug] [Thread-4 (]: Marking all children of 'model.edinet_growth_analysis.growth_rate_overEqual40' to be skipped because of status 'error'.  Reason: Runtime Error in model growth_rate_overEqual40 (models\example\growth_rate_overEqual40.sql)
  Catalog Error: Table with name net_value_clients does not exist!
  Did you mean "information_schema.constraint_table_usage"?.
[0m22:36:46.393235 [info ] [Thread-1 (]: 2 of 3 START sql table model main.my_first_dbt_model ........................... [RUN]
[0m22:36:46.394247 [debug] [Thread-1 (]: Re-using an available connection from the pool (formerly model.edinet_growth_analysis.growth_rate_overEqual40, now model.edinet_growth_analysis.my_first_dbt_model)
[0m22:36:46.394247 [debug] [Thread-1 (]: Began compiling node model.edinet_growth_analysis.my_first_dbt_model
[0m22:36:46.397229 [debug] [Thread-1 (]: Writing injected SQL for node "model.edinet_growth_analysis.my_first_dbt_model"
[0m22:36:46.398227 [debug] [Thread-1 (]: Began executing node model.edinet_growth_analysis.my_first_dbt_model
[0m22:36:46.399228 [debug] [Thread-1 (]: Writing runtime sql for node "model.edinet_growth_analysis.my_first_dbt_model"
[0m22:36:46.400244 [debug] [Thread-1 (]: Using duckdb connection "model.edinet_growth_analysis.my_first_dbt_model"
[0m22:36:46.400244 [debug] [Thread-1 (]: On model.edinet_growth_analysis.my_first_dbt_model: BEGIN
[0m22:36:46.401246 [debug] [Thread-1 (]: Opening a new connection, currently in state closed
[0m22:36:46.401246 [debug] [Thread-1 (]: SQL status: OK in 0.000 seconds
[0m22:36:46.401246 [debug] [Thread-1 (]: Using duckdb connection "model.edinet_growth_analysis.my_first_dbt_model"
[0m22:36:46.401246 [debug] [Thread-1 (]: On model.edinet_growth_analysis.my_first_dbt_model: /* {"app": "dbt", "dbt_version": "1.11.12", "profile_name": "edinet_growth_analysis", "target_name": "dev", "node_id": "model.edinet_growth_analysis.my_first_dbt_model"} */

  
    
    

    create  table
      "dev"."main"."my_first_dbt_model__dbt_tmp"
  
    as (
      /*
    Welcome to your first dbt model!
    Did you know that you can also configure models directly within SQL files?
    This will override configurations stated in dbt_project.yml

    Try changing "table" to "view" below
*/



with source_data as (

    select 1 as id
    union all
    select null as id

)

select *
from source_data

/*
    Uncomment the line below to remove records with null `id` values
*/

-- where id is not null
    );
  
  
[0m22:36:46.402770 [debug] [Thread-1 (]: SQL status: OK in 0.001 seconds
[0m22:36:46.406800 [debug] [Thread-1 (]: Using duckdb connection "model.edinet_growth_analysis.my_first_dbt_model"
[0m22:36:46.406800 [debug] [Thread-1 (]: On model.edinet_growth_analysis.my_first_dbt_model: /* {"app": "dbt", "dbt_version": "1.11.12", "profile_name": "edinet_growth_analysis", "target_name": "dev", "node_id": "model.edinet_growth_analysis.my_first_dbt_model"} */
alter table "dev"."main"."my_first_dbt_model__dbt_tmp" rename to "my_first_dbt_model"
[0m22:36:46.407800 [debug] [Thread-1 (]: SQL status: OK in 0.000 seconds
[0m22:36:46.416350 [debug] [Thread-1 (]: On model.edinet_growth_analysis.my_first_dbt_model: COMMIT
[0m22:36:46.417350 [debug] [Thread-1 (]: Using duckdb connection "model.edinet_growth_analysis.my_first_dbt_model"
[0m22:36:46.417350 [debug] [Thread-1 (]: On model.edinet_growth_analysis.my_first_dbt_model: COMMIT
[0m22:36:46.422858 [debug] [Thread-1 (]: SQL status: OK in 0.005 seconds
[0m22:36:46.426888 [debug] [Thread-1 (]: Using duckdb connection "model.edinet_growth_analysis.my_first_dbt_model"
[0m22:36:46.426888 [debug] [Thread-1 (]: On model.edinet_growth_analysis.my_first_dbt_model: /* {"app": "dbt", "dbt_version": "1.11.12", "profile_name": "edinet_growth_analysis", "target_name": "dev", "node_id": "model.edinet_growth_analysis.my_first_dbt_model"} */

      drop table if exists "dev"."main"."my_first_dbt_model__dbt_backup" cascade
    
[0m22:36:46.426888 [debug] [Thread-1 (]: SQL status: OK in 0.000 seconds
[0m22:36:46.428887 [debug] [Thread-1 (]: On model.edinet_growth_analysis.my_first_dbt_model: Close
[0m22:36:46.428887 [debug] [Thread-1 (]: Sending event: {'category': 'dbt', 'action': 'run_model', 'label': '2ed3b331-775e-4bd6-8b7b-5c9d09b1ee46', 'context': [<snowplow_tracker.self_describing_json.SelfDescribingJson object at 0x000001AD7785DFD0>]}
[0m22:36:46.429888 [info ] [Thread-1 (]: 2 of 3 OK created sql table model main.my_first_dbt_model ...................... [[32mOK[0m in 0.03s]
[0m22:36:46.430872 [debug] [Thread-1 (]: Finished running node model.edinet_growth_analysis.my_first_dbt_model
[0m22:36:46.430872 [debug] [Thread-1 (]: Began running node model.edinet_growth_analysis.my_second_dbt_model
[0m22:36:46.431875 [info ] [Thread-1 (]: 3 of 3 START sql table model main.my_second_dbt_model .......................... [RUN]
[0m22:36:46.431875 [debug] [Thread-1 (]: Re-using an available connection from the pool (formerly model.edinet_growth_analysis.my_first_dbt_model, now model.edinet_growth_analysis.my_second_dbt_model)
[0m22:36:46.431875 [debug] [Thread-1 (]: Began compiling node model.edinet_growth_analysis.my_second_dbt_model
[0m22:36:46.434423 [debug] [Thread-1 (]: Writing injected SQL for node "model.edinet_growth_analysis.my_second_dbt_model"
[0m22:36:46.434423 [debug] [Thread-1 (]: Began executing node model.edinet_growth_analysis.my_second_dbt_model
[0m22:36:46.436418 [debug] [Thread-1 (]: Writing runtime sql for node "model.edinet_growth_analysis.my_second_dbt_model"
[0m22:36:46.437417 [debug] [Thread-1 (]: Using duckdb connection "model.edinet_growth_analysis.my_second_dbt_model"
[0m22:36:46.437417 [debug] [Thread-1 (]: On model.edinet_growth_analysis.my_second_dbt_model: BEGIN
[0m22:36:46.437417 [debug] [Thread-1 (]: Opening a new connection, currently in state closed
[0m22:36:46.438402 [debug] [Thread-1 (]: SQL status: OK in 0.001 seconds
[0m22:36:46.438402 [debug] [Thread-1 (]: Using duckdb connection "model.edinet_growth_analysis.my_second_dbt_model"
[0m22:36:46.439424 [debug] [Thread-1 (]: On model.edinet_growth_analysis.my_second_dbt_model: /* {"app": "dbt", "dbt_version": "1.11.12", "profile_name": "edinet_growth_analysis", "target_name": "dev", "node_id": "model.edinet_growth_analysis.my_second_dbt_model"} */

  
    
    

    create  table
      "dev"."main"."my_second_dbt_model__dbt_tmp"
  
    as (
      -- Use the `ref` function to select from other models

select *
from "dev"."main"."my_first_dbt_model"
where id = 1
    );
  
  
[0m22:36:46.439424 [debug] [Thread-1 (]: SQL status: OK in 0.001 seconds
[0m22:36:46.441402 [debug] [Thread-1 (]: Using duckdb connection "model.edinet_growth_analysis.my_second_dbt_model"
[0m22:36:46.441402 [debug] [Thread-1 (]: On model.edinet_growth_analysis.my_second_dbt_model: /* {"app": "dbt", "dbt_version": "1.11.12", "profile_name": "edinet_growth_analysis", "target_name": "dev", "node_id": "model.edinet_growth_analysis.my_second_dbt_model"} */
alter table "dev"."main"."my_second_dbt_model__dbt_tmp" rename to "my_second_dbt_model"
[0m22:36:46.441402 [debug] [Thread-1 (]: SQL status: OK in 0.000 seconds
[0m22:36:46.442936 [debug] [Thread-1 (]: On model.edinet_growth_analysis.my_second_dbt_model: COMMIT
[0m22:36:46.443948 [debug] [Thread-1 (]: Using duckdb connection "model.edinet_growth_analysis.my_second_dbt_model"
[0m22:36:46.443948 [debug] [Thread-1 (]: On model.edinet_growth_analysis.my_second_dbt_model: COMMIT
[0m22:36:46.445948 [debug] [Thread-1 (]: SQL status: OK in 0.002 seconds
[0m22:36:46.447965 [debug] [Thread-1 (]: Using duckdb connection "model.edinet_growth_analysis.my_second_dbt_model"
[0m22:36:46.447965 [debug] [Thread-1 (]: On model.edinet_growth_analysis.my_second_dbt_model: /* {"app": "dbt", "dbt_version": "1.11.12", "profile_name": "edinet_growth_analysis", "target_name": "dev", "node_id": "model.edinet_growth_analysis.my_second_dbt_model"} */

      drop table if exists "dev"."main"."my_second_dbt_model__dbt_backup" cascade
    
[0m22:36:46.448967 [debug] [Thread-1 (]: SQL status: OK in 0.000 seconds
[0m22:36:46.448967 [debug] [Thread-1 (]: On model.edinet_growth_analysis.my_second_dbt_model: Close
[0m22:36:46.449974 [debug] [Thread-1 (]: Sending event: {'category': 'dbt', 'action': 'run_model', 'label': '2ed3b331-775e-4bd6-8b7b-5c9d09b1ee46', 'context': [<snowplow_tracker.self_describing_json.SelfDescribingJson object at 0x000001AD7CBF2BA0>]}
[0m22:36:46.449974 [info ] [Thread-1 (]: 3 of 3 OK created sql table model main.my_second_dbt_model ..................... [[32mOK[0m in 0.02s]
[0m22:36:46.450951 [debug] [Thread-1 (]: Finished running node model.edinet_growth_analysis.my_second_dbt_model
[0m22:36:46.451970 [debug] [MainThread]: Using duckdb connection "master"
[0m22:36:46.451970 [debug] [MainThread]: On master: BEGIN
[0m22:36:46.451970 [debug] [MainThread]: Opening a new connection, currently in state closed
[0m22:36:46.453457 [debug] [MainThread]: SQL status: OK in 0.001 seconds
[0m22:36:46.453457 [debug] [MainThread]: On master: COMMIT
[0m22:36:46.453457 [debug] [MainThread]: Using duckdb connection "master"
[0m22:36:46.453457 [debug] [MainThread]: On master: COMMIT
[0m22:36:46.453457 [debug] [MainThread]: SQL status: OK in 0.000 seconds
[0m22:36:46.454969 [debug] [MainThread]: On master: Close
[0m22:36:46.454969 [debug] [MainThread]: Connection 'master' was properly closed.
[0m22:36:46.454969 [debug] [MainThread]: Connection 'create_dev_main' was properly closed.
[0m22:36:46.454969 [debug] [MainThread]: Connection 'list_dev_main' was properly closed.
[0m22:36:46.455991 [debug] [MainThread]: Connection 'model.edinet_growth_analysis.my_second_dbt_model' was properly closed.
[0m22:36:46.455991 [info ] [MainThread]: 
[0m22:36:46.455991 [info ] [MainThread]: Finished running 3 table models in 0 hours 0 minutes and 0.19 seconds (0.19s).
[0m22:36:46.456990 [debug] [MainThread]: Command end result
[0m22:36:46.505834 [debug] [MainThread]: Wrote artifact WritableManifest to C:\Users\nekoa\project_2026\kayleet_scherbel_project_2026\edinet_growth_analysis\target\manifest.json
[0m22:36:46.507828 [debug] [MainThread]: Wrote artifact SemanticManifest to C:\Users\nekoa\project_2026\kayleet_scherbel_project_2026\edinet_growth_analysis\target\semantic_manifest.json
[0m22:36:46.511872 [debug] [MainThread]: Wrote artifact RunExecutionResult to C:\Users\nekoa\project_2026\kayleet_scherbel_project_2026\edinet_growth_analysis\target\run_results.json
[0m22:36:46.512830 [info ] [MainThread]: 
[0m22:36:46.512830 [info ] [MainThread]: [31mCompleted with 1 error, 0 partial successes, and 0 warnings:[0m
[0m22:36:46.512830 [info ] [MainThread]: 
[0m22:36:46.513989 [error] [MainThread]: [31mFailure in model growth_rate_overEqual40 (models\example\growth_rate_overEqual40.sql)[0m
[0m22:36:46.513989 [error] [MainThread]:   Runtime Error in model growth_rate_overEqual40 (models\example\growth_rate_overEqual40.sql)
  Catalog Error: Table with name net_value_clients does not exist!
  Did you mean "information_schema.constraint_table_usage"?
[0m22:36:46.514973 [info ] [MainThread]: 
[0m22:36:46.514973 [info ] [MainThread]:   compiled code at target\compiled\edinet_growth_analysis\models\example\growth_rate_overEqual40.sql
[0m22:36:46.514973 [info ] [MainThread]: 
[0m22:36:46.516028 [info ] [MainThread]: Done. PASS=2 WARN=0 ERROR=1 SKIP=0 NO-OP=0 TOTAL=3
[0m22:36:46.516028 [debug] [MainThread]: Command `dbt run` failed at 22:36:46.516028 after 0.99 seconds
[0m22:36:46.517204 [debug] [MainThread]: Sending event: {'category': 'dbt', 'action': 'invocation', 'label': 'end', 'context': [<snowplow_tracker.self_describing_json.SelfDescribingJson object at 0x000001AD7C662A20>, <snowplow_tracker.self_describing_json.SelfDescribingJson object at 0x000001AD7C6602C0>, <snowplow_tracker.self_describing_json.SelfDescribingJson object at 0x000001AD7C6607D0>]}
[0m22:36:46.517204 [debug] [MainThread]: Flushing usage events
[0m22:36:47.498625 [debug] [MainThread]: An error was encountered while trying to flush usage events
[0m22:38:12.608571 [debug] [MainThread]: Sending event: {'category': 'dbt', 'action': 'invocation', 'label': 'start', 'context': [<snowplow_tracker.self_describing_json.SelfDescribingJson object at 0x0000010B68380590>, <snowplow_tracker.self_describing_json.SelfDescribingJson object at 0x0000010B65D86810>, <snowplow_tracker.self_describing_json.SelfDescribingJson object at 0x0000010B67EB3C50>]}


============================== 22:38:12.610554 | 81556edf-86c3-4d8b-b971-f26cdf1df61b ==============================
[0m22:38:12.610554 [info ] [MainThread]: Running with dbt=1.11.12
[0m22:38:12.611539 [debug] [MainThread]: running dbt with arguments {'static_parser': 'True', 'no_print': 'None', 'version_check': 'True', 'warn_error_options': 'WarnErrorOptionsV2(error=[], warn=[], silence=[])', 'target_path': 'None', 'printer_width': '80', 'write_json': 'True', 'introspect': 'True', 'log_cache_events': 'False', 'empty': 'None', 'cache_selected_only': 'False', 'log_format': 'default', 'debug': 'False', 'fail_fast': 'False', 'profiles_dir': 'C:\\Users\\nekoa\\.dbt', 'send_anonymous_usage_stats': 'True', 'quiet': 'False', 'warn_error': 'None', 'partial_parse': 'True', 'use_colors': 'True', 'indirect_selection': 'eager', 'invocation_command': 'dbt clean', 'use_experimental_parser': 'False', 'log_path': 'C:\\Users\\nekoa\\project_2026\\kayleet_scherbel_project_2026\\edinet_growth_analysis\\logs'}
[0m22:38:12.613561 [warn ] [MainThread]: [[33mWARNING[0m][CustomKeyInConfigDeprecation]: Deprecated functionality
Custom key `+format` found in `config` at path `edinet_growth_analysis.+format`
in file `C:\Users\nekoa\project_2026\kayleet_scherbel_project_2026\edinet_growth
_analysis\dbt_project.yml`. Custom config keys should move into the
`config.meta`.
[0m22:38:12.613561 [debug] [MainThread]: Sending event: {'category': 'dbt', 'action': 'deprecation', 'label': '81556edf-86c3-4d8b-b971-f26cdf1df61b', 'property_': 'warn', 'context': [<snowplow_tracker.self_describing_json.SelfDescribingJson object at 0x0000010B69928B30>]}
[0m22:38:12.692228 [debug] [MainThread]: Sending event: {'category': 'dbt', 'action': 'project_id', 'label': '81556edf-86c3-4d8b-b971-f26cdf1df61b', 'context': [<snowplow_tracker.self_describing_json.SelfDescribingJson object at 0x0000010B64CE5E80>]}
[0m22:38:12.708460 [warn ] [MainThread]: [[33mWARNING[0m][DeprecationsSummary]: Deprecated functionality
Summary of encountered deprecations:
- CustomKeyInConfigDeprecation: 2 occurrences
To see all deprecation instances instead of just the first occurrence of each,
run command again with the `--show-all-deprecations` flag. You may also need to
run with `--no-partial-parse` as some deprecations are only encountered during
parsing.
[0m22:38:12.709500 [debug] [MainThread]: Command `dbt clean` succeeded at 22:38:12.709500 after 0.27 seconds
[0m22:38:12.709500 [debug] [MainThread]: Sending event: {'category': 'dbt', 'action': 'invocation', 'label': 'end', 'context': [<snowplow_tracker.self_describing_json.SelfDescribingJson object at 0x0000010B65907CB0>, <snowplow_tracker.self_describing_json.SelfDescribingJson object at 0x0000010B67828260>, <snowplow_tracker.self_describing_json.SelfDescribingJson object at 0x0000010B67828B30>]}
[0m22:38:12.709500 [debug] [MainThread]: Flushing usage events
[0m22:38:13.697671 [debug] [MainThread]: An error was encountered while trying to flush usage events
[0m22:38:19.379986 [debug] [MainThread]: Sending event: {'category': 'dbt', 'action': 'invocation', 'label': 'start', 'context': [<snowplow_tracker.self_describing_json.SelfDescribingJson object at 0x0000027ADAED4E90>, <snowplow_tracker.self_describing_json.SelfDescribingJson object at 0x0000027ADA80AB40>, <snowplow_tracker.self_describing_json.SelfDescribingJson object at 0x0000027AD9E15760>]}


============================== 22:38:19.382702 | 92af9358-3b55-4256-b0a8-fab6f70656bb ==============================
[0m22:38:19.382702 [info ] [MainThread]: Running with dbt=1.11.12
[0m22:38:19.384406 [debug] [MainThread]: running dbt with arguments {'static_parser': 'True', 'no_print': 'None', 'version_check': 'True', 'warn_error_options': 'WarnErrorOptionsV2(error=[], warn=[], silence=[])', 'target_path': 'None', 'printer_width': '80', 'write_json': 'True', 'empty': 'None', 'log_cache_events': 'False', 'introspect': 'True', 'cache_selected_only': 'False', 'log_format': 'default', 'debug': 'False', 'fail_fast': 'False', 'profiles_dir': 'C:\\Users\\nekoa\\.dbt', 'send_anonymous_usage_stats': 'True', 'quiet': 'False', 'warn_error': 'None', 'partial_parse': 'True', 'use_colors': 'True', 'indirect_selection': 'eager', 'invocation_command': 'dbt seed', 'use_experimental_parser': 'False', 'log_path': 'C:\\Users\\nekoa\\project_2026\\kayleet_scherbel_project_2026\\edinet_growth_analysis\\logs'}
[0m22:38:19.530938 [debug] [MainThread]: Sending event: {'category': 'dbt', 'action': 'project_id', 'label': '92af9358-3b55-4256-b0a8-fab6f70656bb', 'context': [<snowplow_tracker.self_describing_json.SelfDescribingJson object at 0x0000027ADA4E3980>]}
[0m22:38:19.570360 [debug] [MainThread]: Sending event: {'category': 'dbt', 'action': 'adapter_info', 'label': '92af9358-3b55-4256-b0a8-fab6f70656bb', 'context': [<snowplow_tracker.self_describing_json.SelfDescribingJson object at 0x0000027ADC935EB0>]}
[0m22:38:19.572318 [info ] [MainThread]: Registered adapter: duckdb=1.10.1
[0m22:38:19.728887 [debug] [MainThread]: checksum: f368f5348cf42803b94ef7fb8257ecf3bf9a9a16dd9c8c51fe5172f2dbeb457f, vars: {}, profile: , target: , version: 1.11.12
[0m22:38:19.728887 [info ] [MainThread]: Unable to do partial parsing because saved manifest not found. Starting full parse.
[0m22:38:19.730884 [debug] [MainThread]: Sending event: {'category': 'dbt', 'action': 'partial_parser', 'label': '92af9358-3b55-4256-b0a8-fab6f70656bb', 'context': [<snowplow_tracker.self_describing_json.SelfDescribingJson object at 0x0000027ADCA4E090>]}
[0m22:38:20.582714 [debug] [MainThread]: Sending event: {'category': 'dbt', 'action': 'load_project', 'label': '92af9358-3b55-4256-b0a8-fab6f70656bb', 'context': [<snowplow_tracker.self_describing_json.SelfDescribingJson object at 0x0000027ADD183AA0>]}
[0m22:38:20.635644 [debug] [MainThread]: Wrote artifact WritableManifest to C:\Users\nekoa\project_2026\kayleet_scherbel_project_2026\edinet_growth_analysis\target\manifest.json
[0m22:38:20.637653 [debug] [MainThread]: Wrote artifact SemanticManifest to C:\Users\nekoa\project_2026\kayleet_scherbel_project_2026\edinet_growth_analysis\target\semantic_manifest.json
[0m22:38:20.645205 [debug] [MainThread]: Sending event: {'category': 'dbt', 'action': 'resource_counts', 'label': '92af9358-3b55-4256-b0a8-fab6f70656bb', 'context': [<snowplow_tracker.self_describing_json.SelfDescribingJson object at 0x0000027ADD1CC680>]}
[0m22:38:20.645205 [info ] [MainThread]: Found 3 models, 1 seed, 4 data tests, 485 macros
[0m22:38:20.646220 [debug] [MainThread]: Sending event: {'category': 'dbt', 'action': 'runnable_timing', 'label': '92af9358-3b55-4256-b0a8-fab6f70656bb', 'context': [<snowplow_tracker.self_describing_json.SelfDescribingJson object at 0x0000027ADC47F740>]}
[0m22:38:20.647227 [info ] [MainThread]: 
[0m22:38:20.647227 [info ] [MainThread]: Concurrency: 1 threads (target='dev')
[0m22:38:20.648227 [info ] [MainThread]: 
[0m22:38:20.648227 [debug] [MainThread]: Acquiring new duckdb connection 'master'
[0m22:38:20.649230 [debug] [ThreadPool]: Acquiring new duckdb connection 'list_dev'
[0m22:38:20.687763 [debug] [ThreadPool]: Using duckdb connection "list_dev"
[0m22:38:20.687763 [debug] [ThreadPool]: On list_dev: /* {"app": "dbt", "dbt_version": "1.11.12", "profile_name": "edinet_growth_analysis", "target_name": "dev", "connection_name": "list_dev"} */

    
    select schema_name
    from system.information_schema.schemata
    
    where lower(catalog_name) = '"dev"'
    
  
  
[0m22:38:20.688771 [debug] [ThreadPool]: Opening a new connection, currently in state init
[0m22:38:20.699299 [debug] [ThreadPool]: SQL status: OK in 0.010 seconds
[0m22:38:20.700300 [debug] [ThreadPool]: On list_dev: Close
[0m22:38:20.700300 [debug] [ThreadPool]: Re-using an available connection from the pool (formerly list_dev, now create_dev_main)
[0m22:38:20.701299 [debug] [ThreadPool]: Creating schema "database: "dev"
schema: "main"
"
[0m22:38:20.705172 [debug] [ThreadPool]: Using duckdb connection "create_dev_main"
[0m22:38:20.705172 [debug] [ThreadPool]: On create_dev_main: /* {"app": "dbt", "dbt_version": "1.11.12", "profile_name": "edinet_growth_analysis", "target_name": "dev", "connection_name": "create_dev_main"} */

    
        select type from duckdb_databases()
        where lower(database_name)='dev'
        and type='sqlite'
    
  
[0m22:38:20.706204 [debug] [ThreadPool]: Opening a new connection, currently in state closed
[0m22:38:20.707203 [debug] [ThreadPool]: SQL status: OK in 0.001 seconds
[0m22:38:20.708202 [debug] [ThreadPool]: Using duckdb connection "create_dev_main"
[0m22:38:20.708202 [debug] [ThreadPool]: On create_dev_main: BEGIN
[0m22:38:20.708202 [debug] [ThreadPool]: SQL status: OK in 0.000 seconds
[0m22:38:20.709201 [debug] [ThreadPool]: Using duckdb connection "create_dev_main"
[0m22:38:20.709201 [debug] [ThreadPool]: On create_dev_main: /* {"app": "dbt", "dbt_version": "1.11.12", "profile_name": "edinet_growth_analysis", "target_name": "dev", "connection_name": "create_dev_main"} */

    
    
        create schema if not exists "dev"."main"
    
[0m22:38:20.709201 [debug] [ThreadPool]: SQL status: OK in 0.000 seconds
[0m22:38:20.710207 [debug] [ThreadPool]: On create_dev_main: COMMIT
[0m22:38:20.710207 [debug] [ThreadPool]: Using duckdb connection "create_dev_main"
[0m22:38:20.710207 [debug] [ThreadPool]: On create_dev_main: COMMIT
[0m22:38:20.711186 [debug] [ThreadPool]: SQL status: OK in 0.000 seconds
[0m22:38:20.711186 [debug] [ThreadPool]: On create_dev_main: Close
[0m22:38:20.714202 [debug] [ThreadPool]: Acquiring new duckdb connection 'list_dev_main'
[0m22:38:20.717736 [debug] [ThreadPool]: Using duckdb connection "list_dev_main"
[0m22:38:20.717736 [debug] [ThreadPool]: On list_dev_main: BEGIN
[0m22:38:20.718759 [debug] [ThreadPool]: Opening a new connection, currently in state init
[0m22:38:20.718759 [debug] [ThreadPool]: SQL status: OK in 0.000 seconds
[0m22:38:20.719974 [debug] [ThreadPool]: Using duckdb connection "list_dev_main"
[0m22:38:20.719974 [debug] [ThreadPool]: On list_dev_main: /* {"app": "dbt", "dbt_version": "1.11.12", "profile_name": "edinet_growth_analysis", "target_name": "dev", "connection_name": "list_dev_main"} */
select
      'dev' as database,
      table_name as name,
      table_schema as schema,
      CASE table_type
        WHEN 'BASE TABLE' THEN 'table'
        WHEN 'VIEW' THEN 'view'
        WHEN 'LOCAL TEMPORARY' THEN 'table'
        END as type
    from system.information_schema.tables
    where lower(table_schema) = 'main'
    and lower(table_catalog) = 'dev'
  
[0m22:38:20.721995 [debug] [ThreadPool]: SQL status: OK in 0.002 seconds
[0m22:38:20.722979 [debug] [ThreadPool]: On list_dev_main: ROLLBACK
[0m22:38:20.723978 [debug] [ThreadPool]: Failed to rollback 'list_dev_main'
[0m22:38:20.723978 [debug] [ThreadPool]: On list_dev_main: Close
[0m22:38:20.723978 [debug] [MainThread]: Sending event: {'category': 'dbt', 'action': 'runnable_timing', 'label': '92af9358-3b55-4256-b0a8-fab6f70656bb', 'context': [<snowplow_tracker.self_describing_json.SelfDescribingJson object at 0x0000027ADD1EB9B0>]}
[0m22:38:20.725499 [debug] [MainThread]: Using duckdb connection "master"
[0m22:38:20.725499 [debug] [MainThread]: On master: BEGIN
[0m22:38:20.725499 [debug] [MainThread]: Opening a new connection, currently in state init
[0m22:38:20.726531 [debug] [MainThread]: SQL status: OK in 0.000 seconds
[0m22:38:20.726531 [debug] [MainThread]: On master: COMMIT
[0m22:38:20.726531 [debug] [MainThread]: Using duckdb connection "master"
[0m22:38:20.726531 [debug] [MainThread]: On master: COMMIT
[0m22:38:20.727528 [debug] [MainThread]: SQL status: OK in 0.000 seconds
[0m22:38:20.727528 [debug] [MainThread]: On master: Close
[0m22:38:20.729527 [debug] [Thread-1 (]: Began running node seed.edinet_growth_analysis.net_value_clients
[0m22:38:20.730528 [info ] [Thread-1 (]: 1 of 1 START seed file main.net_value_clients .................................. [RUN]
[0m22:38:20.730528 [debug] [Thread-1 (]: Acquiring new duckdb connection 'seed.edinet_growth_analysis.net_value_clients'
[0m22:38:20.731513 [debug] [Thread-1 (]: Began compiling node seed.edinet_growth_analysis.net_value_clients
[0m22:38:20.731513 [debug] [Thread-1 (]: Began executing node seed.edinet_growth_analysis.net_value_clients
[0m22:38:20.747635 [debug] [Thread-1 (]: Using duckdb connection "seed.edinet_growth_analysis.net_value_clients"
[0m22:38:20.747635 [debug] [Thread-1 (]: On seed.edinet_growth_analysis.net_value_clients: BEGIN
[0m22:38:20.747635 [debug] [Thread-1 (]: Opening a new connection, currently in state init
[0m22:38:20.748635 [debug] [Thread-1 (]: SQL status: OK in 0.001 seconds
[0m22:38:20.748635 [debug] [Thread-1 (]: Using duckdb connection "seed.edinet_growth_analysis.net_value_clients"
[0m22:38:20.748635 [debug] [Thread-1 (]: On seed.edinet_growth_analysis.net_value_clients: /* {"app": "dbt", "dbt_version": "1.11.12", "profile_name": "edinet_growth_analysis", "target_name": "dev", "node_id": "seed.edinet_growth_analysis.net_value_clients"} */

    create table "dev"."main"."net_value_clients" ("company" text,"doc_id" text,"relative_year" text,"net_sales_yen" bigint)
  
[0m22:38:20.749636 [debug] [Thread-1 (]: SQL status: OK in 0.000 seconds
[0m22:38:20.756194 [debug] [Thread-1 (]: Using duckdb connection "seed.edinet_growth_analysis.net_value_clients"
[0m22:38:20.757194 [debug] [Thread-1 (]: On seed.edinet_growth_analysis.net_value_clients: 
          COPY "dev"."main"."net_value_clients" FROM 'C:\Users\nekoa\project_2026\kayleet_scherbel_project_2026\edinet_growth_analysis\seeds\net_value_clients.csv' (FORMAT CSV, HEADER TRUE, DELIMITER ',')
        ...
[0m22:38:20.760177 [debug] [Thread-1 (]: SQL status: OK in 0.003 seconds
[0m22:38:20.763193 [debug] [Thread-1 (]: Writing runtime SQL for node "seed.edinet_growth_analysis.net_value_clients"
[0m22:38:20.773925 [debug] [Thread-1 (]: On seed.edinet_growth_analysis.net_value_clients: COMMIT
[0m22:38:20.773925 [debug] [Thread-1 (]: Using duckdb connection "seed.edinet_growth_analysis.net_value_clients"
[0m22:38:20.773925 [debug] [Thread-1 (]: On seed.edinet_growth_analysis.net_value_clients: COMMIT
[0m22:38:20.777450 [debug] [Thread-1 (]: SQL status: OK in 0.003 seconds
[0m22:38:20.778451 [debug] [Thread-1 (]: On seed.edinet_growth_analysis.net_value_clients: Close
[0m22:38:20.779450 [debug] [Thread-1 (]: Sending event: {'category': 'dbt', 'action': 'run_model', 'label': '92af9358-3b55-4256-b0a8-fab6f70656bb', 'context': [<snowplow_tracker.self_describing_json.SelfDescribingJson object at 0x0000027AD7ECDE20>]}
[0m22:38:20.780451 [info ] [Thread-1 (]: 1 of 1 OK loaded seed file main.net_value_clients .............................. [[32mINSERT 45[0m in 0.05s]
[0m22:38:20.780451 [debug] [Thread-1 (]: Finished running node seed.edinet_growth_analysis.net_value_clients
[0m22:38:20.781449 [debug] [MainThread]: Using duckdb connection "master"
[0m22:38:20.781449 [debug] [MainThread]: On master: BEGIN
[0m22:38:20.782468 [debug] [MainThread]: Opening a new connection, currently in state closed
[0m22:38:20.782468 [debug] [MainThread]: SQL status: OK in 0.000 seconds
[0m22:38:20.782468 [debug] [MainThread]: On master: COMMIT
[0m22:38:20.783453 [debug] [MainThread]: Using duckdb connection "master"
[0m22:38:20.783453 [debug] [MainThread]: On master: COMMIT
[0m22:38:20.784453 [debug] [MainThread]: SQL status: OK in 0.000 seconds
[0m22:38:20.784453 [debug] [MainThread]: On master: Close
[0m22:38:20.784453 [debug] [MainThread]: Connection 'master' was properly closed.
[0m22:38:20.785452 [debug] [MainThread]: Connection 'create_dev_main' was properly closed.
[0m22:38:20.785452 [debug] [MainThread]: Connection 'list_dev_main' was properly closed.
[0m22:38:20.785452 [debug] [MainThread]: Connection 'seed.edinet_growth_analysis.net_value_clients' was properly closed.
[0m22:38:20.785959 [info ] [MainThread]: 
[0m22:38:20.785959 [info ] [MainThread]: Finished running 1 seed in 0 hours 0 minutes and 0.14 seconds (0.14s).
[0m22:38:20.786965 [debug] [MainThread]: Command end result
[0m22:38:20.803498 [debug] [MainThread]: Wrote artifact WritableManifest to C:\Users\nekoa\project_2026\kayleet_scherbel_project_2026\edinet_growth_analysis\target\manifest.json
[0m22:38:20.805004 [debug] [MainThread]: Wrote artifact SemanticManifest to C:\Users\nekoa\project_2026\kayleet_scherbel_project_2026\edinet_growth_analysis\target\semantic_manifest.json
[0m22:38:20.808249 [debug] [MainThread]: Wrote artifact RunExecutionResult to C:\Users\nekoa\project_2026\kayleet_scherbel_project_2026\edinet_growth_analysis\target\run_results.json
[0m22:38:20.809240 [info ] [MainThread]: 
[0m22:38:20.809240 [info ] [MainThread]: [32mCompleted successfully[0m
[0m22:38:20.809240 [info ] [MainThread]: 
[0m22:38:20.810243 [info ] [MainThread]: Done. PASS=1 WARN=0 ERROR=0 SKIP=0 NO-OP=0 TOTAL=1
[0m22:38:20.811236 [debug] [MainThread]: Command `dbt seed` succeeded at 22:38:20.810243 after 1.54 seconds
[0m22:38:20.811236 [debug] [MainThread]: Sending event: {'category': 'dbt', 'action': 'invocation', 'label': 'end', 'context': [<snowplow_tracker.self_describing_json.SelfDescribingJson object at 0x0000027ADADCF5C0>, <snowplow_tracker.self_describing_json.SelfDescribingJson object at 0x0000027ADAF9D010>, <snowplow_tracker.self_describing_json.SelfDescribingJson object at 0x0000027AD74E5D00>]}
[0m22:38:20.811236 [debug] [MainThread]: Flushing usage events
[0m22:38:21.798610 [debug] [MainThread]: An error was encountered while trying to flush usage events
[0m22:38:26.089843 [debug] [MainThread]: Sending event: {'category': 'dbt', 'action': 'invocation', 'label': 'start', 'context': [<snowplow_tracker.self_describing_json.SelfDescribingJson object at 0x00000174981C01D0>, <snowplow_tracker.self_describing_json.SelfDescribingJson object at 0x0000017498631D90>, <snowplow_tracker.self_describing_json.SelfDescribingJson object at 0x0000017497A18920>]}


============================== 22:38:26.091877 | 49832d91-cec0-487f-b488-63cb0ac1f9b9 ==============================
[0m22:38:26.091877 [info ] [MainThread]: Running with dbt=1.11.12
[0m22:38:26.092859 [debug] [MainThread]: running dbt with arguments {'version_check': 'True', 'no_print': 'None', 'static_parser': 'True', 'target_path': 'None', 'warn_error_options': 'WarnErrorOptionsV2(error=[], warn=[], silence=[])', 'printer_width': '80', 'write_json': 'True', 'introspect': 'True', 'log_cache_events': 'False', 'empty': 'False', 'cache_selected_only': 'False', 'fail_fast': 'False', 'debug': 'False', 'log_format': 'default', 'partial_parse': 'True', 'send_anonymous_usage_stats': 'True', 'quiet': 'False', 'warn_error': 'None', 'profiles_dir': 'C:\\Users\\nekoa\\.dbt', 'use_colors': 'True', 'indirect_selection': 'eager', 'invocation_command': 'dbt run', 'use_experimental_parser': 'False', 'log_path': 'C:\\Users\\nekoa\\project_2026\\kayleet_scherbel_project_2026\\edinet_growth_analysis\\logs'}
[0m22:38:26.239048 [debug] [MainThread]: Sending event: {'category': 'dbt', 'action': 'project_id', 'label': '49832d91-cec0-487f-b488-63cb0ac1f9b9', 'context': [<snowplow_tracker.self_describing_json.SelfDescribingJson object at 0x000001749551EC60>]}
[0m22:38:26.279377 [debug] [MainThread]: Sending event: {'category': 'dbt', 'action': 'adapter_info', 'label': '49832d91-cec0-487f-b488-63cb0ac1f9b9', 'context': [<snowplow_tracker.self_describing_json.SelfDescribingJson object at 0x0000017498515100>]}
[0m22:38:26.280363 [info ] [MainThread]: Registered adapter: duckdb=1.10.1
[0m22:38:26.416659 [debug] [MainThread]: checksum: f368f5348cf42803b94ef7fb8257ecf3bf9a9a16dd9c8c51fe5172f2dbeb457f, vars: {}, profile: , target: , version: 1.11.12
[0m22:38:26.496609 [debug] [MainThread]: Partial parsing enabled: 0 files deleted, 0 files added, 0 files changed.
[0m22:38:26.496609 [debug] [MainThread]: Nothing changed, skipping partial parsing.
[0m22:38:26.496609 [debug] [MainThread]: Partial parsing enabled, no changes found, skipping parsing
[0m22:38:26.524721 [debug] [MainThread]: Sending event: {'category': 'dbt', 'action': 'load_project', 'label': '49832d91-cec0-487f-b488-63cb0ac1f9b9', 'context': [<snowplow_tracker.self_describing_json.SelfDescribingJson object at 0x0000017499AF6F60>]}
[0m22:38:26.574015 [debug] [MainThread]: Wrote artifact WritableManifest to C:\Users\nekoa\project_2026\kayleet_scherbel_project_2026\edinet_growth_analysis\target\manifest.json
[0m22:38:26.575024 [debug] [MainThread]: Wrote artifact SemanticManifest to C:\Users\nekoa\project_2026\kayleet_scherbel_project_2026\edinet_growth_analysis\target\semantic_manifest.json
[0m22:38:26.582575 [debug] [MainThread]: Sending event: {'category': 'dbt', 'action': 'resource_counts', 'label': '49832d91-cec0-487f-b488-63cb0ac1f9b9', 'context': [<snowplow_tracker.self_describing_json.SelfDescribingJson object at 0x000001749A1FA840>]}
[0m22:38:26.582575 [info ] [MainThread]: Found 3 models, 1 seed, 4 data tests, 485 macros
[0m22:38:26.582575 [debug] [MainThread]: Sending event: {'category': 'dbt', 'action': 'runnable_timing', 'label': '49832d91-cec0-487f-b488-63cb0ac1f9b9', 'context': [<snowplow_tracker.self_describing_json.SelfDescribingJson object at 0x000001749A3EF2F0>]}
[0m22:38:26.584576 [info ] [MainThread]: 
[0m22:38:26.584576 [info ] [MainThread]: Concurrency: 1 threads (target='dev')
[0m22:38:26.584576 [info ] [MainThread]: 
[0m22:38:26.585576 [debug] [MainThread]: Acquiring new duckdb connection 'master'
[0m22:38:26.589093 [debug] [ThreadPool]: Acquiring new duckdb connection 'list_dev'
[0m22:38:26.626287 [debug] [ThreadPool]: Using duckdb connection "list_dev"
[0m22:38:26.627317 [debug] [ThreadPool]: On list_dev: /* {"app": "dbt", "dbt_version": "1.11.12", "profile_name": "edinet_growth_analysis", "target_name": "dev", "connection_name": "list_dev"} */

    
    select schema_name
    from system.information_schema.schemata
    
    where lower(catalog_name) = '"dev"'
    
  
  
[0m22:38:26.627317 [debug] [ThreadPool]: Opening a new connection, currently in state init
[0m22:38:26.637874 [debug] [ThreadPool]: SQL status: OK in 0.011 seconds
[0m22:38:26.638857 [debug] [ThreadPool]: On list_dev: Close
[0m22:38:26.639877 [debug] [ThreadPool]: Re-using an available connection from the pool (formerly list_dev, now create_dev_main)
[0m22:38:26.640874 [debug] [ThreadPool]: Creating schema "database: "dev"
schema: "main"
"
[0m22:38:26.644873 [debug] [ThreadPool]: Using duckdb connection "create_dev_main"
[0m22:38:26.644873 [debug] [ThreadPool]: On create_dev_main: /* {"app": "dbt", "dbt_version": "1.11.12", "profile_name": "edinet_growth_analysis", "target_name": "dev", "connection_name": "create_dev_main"} */

    
        select type from duckdb_databases()
        where lower(database_name)='dev'
        and type='sqlite'
    
  
[0m22:38:26.644873 [debug] [ThreadPool]: Opening a new connection, currently in state closed
[0m22:38:26.644873 [debug] [ThreadPool]: SQL status: OK in 0.001 seconds
[0m22:38:26.646399 [debug] [ThreadPool]: Using duckdb connection "create_dev_main"
[0m22:38:26.646399 [debug] [ThreadPool]: On create_dev_main: BEGIN
[0m22:38:26.647413 [debug] [ThreadPool]: SQL status: OK in 0.000 seconds
[0m22:38:26.647413 [debug] [ThreadPool]: Using duckdb connection "create_dev_main"
[0m22:38:26.647413 [debug] [ThreadPool]: On create_dev_main: /* {"app": "dbt", "dbt_version": "1.11.12", "profile_name": "edinet_growth_analysis", "target_name": "dev", "connection_name": "create_dev_main"} */

    
    
        create schema if not exists "dev"."main"
    
[0m22:38:26.648413 [debug] [ThreadPool]: SQL status: OK in 0.000 seconds
[0m22:38:26.648413 [debug] [ThreadPool]: On create_dev_main: COMMIT
[0m22:38:26.649414 [debug] [ThreadPool]: Using duckdb connection "create_dev_main"
[0m22:38:26.649414 [debug] [ThreadPool]: On create_dev_main: COMMIT
[0m22:38:26.649414 [debug] [ThreadPool]: SQL status: OK in 0.000 seconds
[0m22:38:26.650413 [debug] [ThreadPool]: On create_dev_main: Close
[0m22:38:26.651430 [debug] [ThreadPool]: Acquiring new duckdb connection 'list_dev_main'
[0m22:38:26.655414 [debug] [ThreadPool]: Using duckdb connection "list_dev_main"
[0m22:38:26.655414 [debug] [ThreadPool]: On list_dev_main: BEGIN
[0m22:38:26.656417 [debug] [ThreadPool]: Opening a new connection, currently in state init
[0m22:38:26.656417 [debug] [ThreadPool]: SQL status: OK in 0.001 seconds
[0m22:38:26.656417 [debug] [ThreadPool]: Using duckdb connection "list_dev_main"
[0m22:38:26.656417 [debug] [ThreadPool]: On list_dev_main: /* {"app": "dbt", "dbt_version": "1.11.12", "profile_name": "edinet_growth_analysis", "target_name": "dev", "connection_name": "list_dev_main"} */
select
      'dev' as database,
      table_name as name,
      table_schema as schema,
      CASE table_type
        WHEN 'BASE TABLE' THEN 'table'
        WHEN 'VIEW' THEN 'view'
        WHEN 'LOCAL TEMPORARY' THEN 'table'
        END as type
    from system.information_schema.tables
    where lower(table_schema) = 'main'
    and lower(table_catalog) = 'dev'
  
[0m22:38:26.659688 [debug] [ThreadPool]: SQL status: OK in 0.002 seconds
[0m22:38:26.660684 [debug] [ThreadPool]: On list_dev_main: ROLLBACK
[0m22:38:26.661684 [debug] [ThreadPool]: Failed to rollback 'list_dev_main'
[0m22:38:26.661684 [debug] [ThreadPool]: On list_dev_main: Close
[0m22:38:26.662669 [debug] [MainThread]: Sending event: {'category': 'dbt', 'action': 'runnable_timing', 'label': '49832d91-cec0-487f-b488-63cb0ac1f9b9', 'context': [<snowplow_tracker.self_describing_json.SelfDescribingJson object at 0x000001749A043080>]}
[0m22:38:26.662669 [debug] [MainThread]: Using duckdb connection "master"
[0m22:38:26.663685 [debug] [MainThread]: On master: BEGIN
[0m22:38:26.663685 [debug] [MainThread]: Opening a new connection, currently in state init
[0m22:38:26.663685 [debug] [MainThread]: SQL status: OK in 0.000 seconds
[0m22:38:26.664669 [debug] [MainThread]: On master: COMMIT
[0m22:38:26.664669 [debug] [MainThread]: Using duckdb connection "master"
[0m22:38:26.664669 [debug] [MainThread]: On master: COMMIT
[0m22:38:26.664669 [debug] [MainThread]: SQL status: OK in 0.000 seconds
[0m22:38:26.664669 [debug] [MainThread]: On master: Close
[0m22:38:26.667222 [debug] [Thread-1 (]: Began running node model.edinet_growth_analysis.growth_rate_overEqual40
[0m22:38:26.668221 [info ] [Thread-1 (]: 1 of 3 START sql table model main.growth_rate_overEqual40 ...................... [RUN]
[0m22:38:26.668221 [debug] [Thread-1 (]: Acquiring new duckdb connection 'model.edinet_growth_analysis.growth_rate_overEqual40'
[0m22:38:26.669204 [debug] [Thread-1 (]: Began compiling node model.edinet_growth_analysis.growth_rate_overEqual40
[0m22:38:26.672221 [debug] [Thread-1 (]: Writing injected SQL for node "model.edinet_growth_analysis.growth_rate_overEqual40"
[0m22:38:26.674780 [debug] [Thread-1 (]: Began executing node model.edinet_growth_analysis.growth_rate_overEqual40
[0m22:38:26.693717 [debug] [Thread-1 (]: Writing runtime sql for node "model.edinet_growth_analysis.growth_rate_overEqual40"
[0m22:38:26.694715 [debug] [Thread-1 (]: Using duckdb connection "model.edinet_growth_analysis.growth_rate_overEqual40"
[0m22:38:26.694715 [debug] [Thread-1 (]: On model.edinet_growth_analysis.growth_rate_overEqual40: BEGIN
[0m22:38:26.694715 [debug] [Thread-1 (]: Opening a new connection, currently in state init
[0m22:38:26.696229 [debug] [Thread-1 (]: SQL status: OK in 0.001 seconds
[0m22:38:26.696229 [debug] [Thread-1 (]: Using duckdb connection "model.edinet_growth_analysis.growth_rate_overEqual40"
[0m22:38:26.696229 [debug] [Thread-1 (]: On model.edinet_growth_analysis.growth_rate_overEqual40: /* {"app": "dbt", "dbt_version": "1.11.12", "profile_name": "edinet_growth_analysis", "target_name": "dev", "node_id": "model.edinet_growth_analysis.growth_rate_overEqual40"} */

  
    
    

    create  table
      "dev"."main"."growth_rate_overEqual40__dbt_tmp"
  
    as (
      WITH clients AS (
    PIVOT "dev"."main"."net_value_clients"
    ON relative_year
    USING first(net_sales_yen)
),
clients_growth_rate AS (
    SELECT company, ROUND((((CurrentYear/Prior4Year)-1)*100), 2) as growth_rate_2022to2026 
    FROM clients
    WHERE growth_rate_2022to2026 >= 40
)
SELECT * FROM clients_growth_rate
    );
  
  
[0m22:38:26.703248 [debug] [Thread-1 (]: SQL status: OK in 0.006 seconds
[0m22:38:26.707806 [debug] [Thread-1 (]: Using duckdb connection "model.edinet_growth_analysis.growth_rate_overEqual40"
[0m22:38:26.707806 [debug] [Thread-1 (]: On model.edinet_growth_analysis.growth_rate_overEqual40: /* {"app": "dbt", "dbt_version": "1.11.12", "profile_name": "edinet_growth_analysis", "target_name": "dev", "node_id": "model.edinet_growth_analysis.growth_rate_overEqual40"} */
alter table "dev"."main"."growth_rate_overEqual40__dbt_tmp" rename to "growth_rate_overEqual40"
[0m22:38:26.708804 [debug] [Thread-1 (]: SQL status: OK in 0.000 seconds
[0m22:38:26.717320 [debug] [Thread-1 (]: On model.edinet_growth_analysis.growth_rate_overEqual40: COMMIT
[0m22:38:26.718322 [debug] [Thread-1 (]: Using duckdb connection "model.edinet_growth_analysis.growth_rate_overEqual40"
[0m22:38:26.718322 [debug] [Thread-1 (]: On model.edinet_growth_analysis.growth_rate_overEqual40: COMMIT
[0m22:38:26.723394 [debug] [Thread-1 (]: SQL status: OK in 0.005 seconds
[0m22:38:26.726911 [debug] [Thread-1 (]: Using duckdb connection "model.edinet_growth_analysis.growth_rate_overEqual40"
[0m22:38:26.726911 [debug] [Thread-1 (]: On model.edinet_growth_analysis.growth_rate_overEqual40: /* {"app": "dbt", "dbt_version": "1.11.12", "profile_name": "edinet_growth_analysis", "target_name": "dev", "node_id": "model.edinet_growth_analysis.growth_rate_overEqual40"} */

      drop table if exists "dev"."main"."growth_rate_overEqual40__dbt_backup" cascade
    
[0m22:38:26.727925 [debug] [Thread-1 (]: SQL status: OK in 0.000 seconds
[0m22:38:26.728920 [debug] [Thread-1 (]: On model.edinet_growth_analysis.growth_rate_overEqual40: Close
[0m22:38:26.730919 [debug] [Thread-1 (]: Sending event: {'category': 'dbt', 'action': 'run_model', 'label': '49832d91-cec0-487f-b488-63cb0ac1f9b9', 'context': [<snowplow_tracker.self_describing_json.SelfDescribingJson object at 0x0000017497A719D0>]}
[0m22:38:26.730919 [info ] [Thread-1 (]: 1 of 3 OK created sql table model main.growth_rate_overEqual40 ................. [[32mOK[0m in 0.06s]
[0m22:38:26.731905 [debug] [Thread-1 (]: Finished running node model.edinet_growth_analysis.growth_rate_overEqual40
[0m22:38:26.731905 [debug] [Thread-1 (]: Began running node model.edinet_growth_analysis.my_first_dbt_model
[0m22:38:26.731905 [info ] [Thread-1 (]: 2 of 3 START sql table model main.my_first_dbt_model ........................... [RUN]
[0m22:38:26.732929 [debug] [Thread-1 (]: Re-using an available connection from the pool (formerly model.edinet_growth_analysis.growth_rate_overEqual40, now model.edinet_growth_analysis.my_first_dbt_model)
[0m22:38:26.732929 [debug] [Thread-1 (]: Began compiling node model.edinet_growth_analysis.my_first_dbt_model
[0m22:38:26.734920 [debug] [Thread-1 (]: Writing injected SQL for node "model.edinet_growth_analysis.my_first_dbt_model"
[0m22:38:26.734920 [debug] [Thread-1 (]: Began executing node model.edinet_growth_analysis.my_first_dbt_model
[0m22:38:26.737459 [debug] [Thread-1 (]: Writing runtime sql for node "model.edinet_growth_analysis.my_first_dbt_model"
[0m22:38:26.738462 [debug] [Thread-1 (]: Using duckdb connection "model.edinet_growth_analysis.my_first_dbt_model"
[0m22:38:26.738462 [debug] [Thread-1 (]: On model.edinet_growth_analysis.my_first_dbt_model: BEGIN
[0m22:38:26.738462 [debug] [Thread-1 (]: Opening a new connection, currently in state closed
[0m22:38:26.739463 [debug] [Thread-1 (]: SQL status: OK in 0.001 seconds
[0m22:38:26.739463 [debug] [Thread-1 (]: Using duckdb connection "model.edinet_growth_analysis.my_first_dbt_model"
[0m22:38:26.739463 [debug] [Thread-1 (]: On model.edinet_growth_analysis.my_first_dbt_model: /* {"app": "dbt", "dbt_version": "1.11.12", "profile_name": "edinet_growth_analysis", "target_name": "dev", "node_id": "model.edinet_growth_analysis.my_first_dbt_model"} */

  
    
    

    create  table
      "dev"."main"."my_first_dbt_model__dbt_tmp"
  
    as (
      /*
    Welcome to your first dbt model!
    Did you know that you can also configure models directly within SQL files?
    This will override configurations stated in dbt_project.yml

    Try changing "table" to "view" below
*/



with source_data as (

    select 1 as id
    union all
    select null as id

)

select *
from source_data

/*
    Uncomment the line below to remove records with null `id` values
*/

-- where id is not null
    );
  
  
[0m22:38:26.740480 [debug] [Thread-1 (]: SQL status: OK in 0.000 seconds
[0m22:38:26.744479 [debug] [Thread-1 (]: Using duckdb connection "model.edinet_growth_analysis.my_first_dbt_model"
[0m22:38:26.744479 [debug] [Thread-1 (]: On model.edinet_growth_analysis.my_first_dbt_model: /* {"app": "dbt", "dbt_version": "1.11.12", "profile_name": "edinet_growth_analysis", "target_name": "dev", "node_id": "model.edinet_growth_analysis.my_first_dbt_model"} */

    SELECT index_name
    FROM duckdb_indexes()
    WHERE schema_name = 'main'
      AND table_name = 'my_first_dbt_model'
  
[0m22:38:26.745480 [debug] [Thread-1 (]: SQL status: OK in 0.000 seconds
[0m22:38:26.745480 [debug] [Thread-1 (]: Using duckdb connection "model.edinet_growth_analysis.my_first_dbt_model"
[0m22:38:26.746465 [debug] [Thread-1 (]: On model.edinet_growth_analysis.my_first_dbt_model: /* {"app": "dbt", "dbt_version": "1.11.12", "profile_name": "edinet_growth_analysis", "target_name": "dev", "node_id": "model.edinet_growth_analysis.my_first_dbt_model"} */

    SELECT COUNT(*) as remaining_indexes
    FROM duckdb_indexes()
    WHERE schema_name = 'main'
      AND table_name = 'my_first_dbt_model'
  
[0m22:38:26.746465 [debug] [Thread-1 (]: SQL status: OK in 0.000 seconds
[0m22:38:26.748883 [debug] [Thread-1 (]: Using duckdb connection "model.edinet_growth_analysis.my_first_dbt_model"
[0m22:38:26.749879 [debug] [Thread-1 (]: On model.edinet_growth_analysis.my_first_dbt_model: /* {"app": "dbt", "dbt_version": "1.11.12", "profile_name": "edinet_growth_analysis", "target_name": "dev", "node_id": "model.edinet_growth_analysis.my_first_dbt_model"} */
alter table "dev"."main"."my_first_dbt_model" rename to "my_first_dbt_model__dbt_backup"
[0m22:38:26.749879 [debug] [Thread-1 (]: SQL status: OK in 0.000 seconds
[0m22:38:26.751878 [debug] [Thread-1 (]: Using duckdb connection "model.edinet_growth_analysis.my_first_dbt_model"
[0m22:38:26.751878 [debug] [Thread-1 (]: On model.edinet_growth_analysis.my_first_dbt_model: /* {"app": "dbt", "dbt_version": "1.11.12", "profile_name": "edinet_growth_analysis", "target_name": "dev", "node_id": "model.edinet_growth_analysis.my_first_dbt_model"} */
alter table "dev"."main"."my_first_dbt_model__dbt_tmp" rename to "my_first_dbt_model"
[0m22:38:26.752878 [debug] [Thread-1 (]: SQL status: OK in 0.000 seconds
[0m22:38:26.754872 [debug] [Thread-1 (]: On model.edinet_growth_analysis.my_first_dbt_model: COMMIT
[0m22:38:26.754872 [debug] [Thread-1 (]: Using duckdb connection "model.edinet_growth_analysis.my_first_dbt_model"
[0m22:38:26.754872 [debug] [Thread-1 (]: On model.edinet_growth_analysis.my_first_dbt_model: COMMIT
[0m22:38:26.757399 [debug] [Thread-1 (]: SQL status: OK in 0.002 seconds
[0m22:38:26.758876 [debug] [Thread-1 (]: Using duckdb connection "model.edinet_growth_analysis.my_first_dbt_model"
[0m22:38:26.759891 [debug] [Thread-1 (]: On model.edinet_growth_analysis.my_first_dbt_model: /* {"app": "dbt", "dbt_version": "1.11.12", "profile_name": "edinet_growth_analysis", "target_name": "dev", "node_id": "model.edinet_growth_analysis.my_first_dbt_model"} */

      drop table if exists "dev"."main"."my_first_dbt_model__dbt_backup" cascade
    
[0m22:38:26.761906 [debug] [Thread-1 (]: SQL status: OK in 0.002 seconds
[0m22:38:26.762906 [debug] [Thread-1 (]: On model.edinet_growth_analysis.my_first_dbt_model: Close
[0m22:38:26.763908 [debug] [Thread-1 (]: Sending event: {'category': 'dbt', 'action': 'run_model', 'label': '49832d91-cec0-487f-b488-63cb0ac1f9b9', 'context': [<snowplow_tracker.self_describing_json.SelfDescribingJson object at 0x000001749A7620F0>]}
[0m22:38:26.763908 [info ] [Thread-1 (]: 2 of 3 OK created sql table model main.my_first_dbt_model ...................... [[32mOK[0m in 0.03s]
[0m22:38:26.764892 [debug] [Thread-1 (]: Finished running node model.edinet_growth_analysis.my_first_dbt_model
[0m22:38:26.764892 [debug] [Thread-1 (]: Began running node model.edinet_growth_analysis.my_second_dbt_model
[0m22:38:26.764892 [info ] [Thread-1 (]: 3 of 3 START sql table model main.my_second_dbt_model .......................... [RUN]
[0m22:38:26.766412 [debug] [Thread-1 (]: Re-using an available connection from the pool (formerly model.edinet_growth_analysis.my_first_dbt_model, now model.edinet_growth_analysis.my_second_dbt_model)
[0m22:38:26.766412 [debug] [Thread-1 (]: Began compiling node model.edinet_growth_analysis.my_second_dbt_model
[0m22:38:26.768440 [debug] [Thread-1 (]: Writing injected SQL for node "model.edinet_growth_analysis.my_second_dbt_model"
[0m22:38:26.769440 [debug] [Thread-1 (]: Began executing node model.edinet_growth_analysis.my_second_dbt_model
[0m22:38:26.771443 [debug] [Thread-1 (]: Writing runtime sql for node "model.edinet_growth_analysis.my_second_dbt_model"
[0m22:38:26.772441 [debug] [Thread-1 (]: Using duckdb connection "model.edinet_growth_analysis.my_second_dbt_model"
[0m22:38:26.772441 [debug] [Thread-1 (]: On model.edinet_growth_analysis.my_second_dbt_model: BEGIN
[0m22:38:26.772441 [debug] [Thread-1 (]: Opening a new connection, currently in state closed
[0m22:38:26.772441 [debug] [Thread-1 (]: SQL status: OK in 0.000 seconds
[0m22:38:26.773948 [debug] [Thread-1 (]: Using duckdb connection "model.edinet_growth_analysis.my_second_dbt_model"
[0m22:38:26.773948 [debug] [Thread-1 (]: On model.edinet_growth_analysis.my_second_dbt_model: /* {"app": "dbt", "dbt_version": "1.11.12", "profile_name": "edinet_growth_analysis", "target_name": "dev", "node_id": "model.edinet_growth_analysis.my_second_dbt_model"} */

  
    
    

    create  table
      "dev"."main"."my_second_dbt_model__dbt_tmp"
  
    as (
      -- Use the `ref` function to select from other models

select *
from "dev"."main"."my_first_dbt_model"
where id = 1
    );
  
  
[0m22:38:26.774951 [debug] [Thread-1 (]: SQL status: OK in 0.001 seconds
[0m22:38:26.774951 [debug] [Thread-1 (]: Using duckdb connection "model.edinet_growth_analysis.my_second_dbt_model"
[0m22:38:26.776473 [debug] [Thread-1 (]: On model.edinet_growth_analysis.my_second_dbt_model: /* {"app": "dbt", "dbt_version": "1.11.12", "profile_name": "edinet_growth_analysis", "target_name": "dev", "node_id": "model.edinet_growth_analysis.my_second_dbt_model"} */

    SELECT index_name
    FROM duckdb_indexes()
    WHERE schema_name = 'main'
      AND table_name = 'my_second_dbt_model'
  
[0m22:38:26.776473 [debug] [Thread-1 (]: SQL status: OK in 0.000 seconds
[0m22:38:26.777487 [debug] [Thread-1 (]: Using duckdb connection "model.edinet_growth_analysis.my_second_dbt_model"
[0m22:38:26.777487 [debug] [Thread-1 (]: On model.edinet_growth_analysis.my_second_dbt_model: /* {"app": "dbt", "dbt_version": "1.11.12", "profile_name": "edinet_growth_analysis", "target_name": "dev", "node_id": "model.edinet_growth_analysis.my_second_dbt_model"} */

    SELECT COUNT(*) as remaining_indexes
    FROM duckdb_indexes()
    WHERE schema_name = 'main'
      AND table_name = 'my_second_dbt_model'
  
[0m22:38:26.778502 [debug] [Thread-1 (]: SQL status: OK in 0.000 seconds
[0m22:38:26.781506 [debug] [Thread-1 (]: Using duckdb connection "model.edinet_growth_analysis.my_second_dbt_model"
[0m22:38:26.781506 [debug] [Thread-1 (]: On model.edinet_growth_analysis.my_second_dbt_model: /* {"app": "dbt", "dbt_version": "1.11.12", "profile_name": "edinet_growth_analysis", "target_name": "dev", "node_id": "model.edinet_growth_analysis.my_second_dbt_model"} */
alter table "dev"."main"."my_second_dbt_model" rename to "my_second_dbt_model__dbt_backup"
[0m22:38:26.782505 [debug] [Thread-1 (]: SQL status: OK in 0.000 seconds
[0m22:38:26.817642 [debug] [Thread-1 (]: Using duckdb connection "model.edinet_growth_analysis.my_second_dbt_model"
[0m22:38:26.817642 [debug] [Thread-1 (]: On model.edinet_growth_analysis.my_second_dbt_model: /* {"app": "dbt", "dbt_version": "1.11.12", "profile_name": "edinet_growth_analysis", "target_name": "dev", "node_id": "model.edinet_growth_analysis.my_second_dbt_model"} */
alter table "dev"."main"."my_second_dbt_model__dbt_tmp" rename to "my_second_dbt_model"
[0m22:38:26.818640 [debug] [Thread-1 (]: SQL status: OK in 0.000 seconds
[0m22:38:26.819639 [debug] [Thread-1 (]: On model.edinet_growth_analysis.my_second_dbt_model: COMMIT
[0m22:38:26.819639 [debug] [Thread-1 (]: Using duckdb connection "model.edinet_growth_analysis.my_second_dbt_model"
[0m22:38:26.819639 [debug] [Thread-1 (]: On model.edinet_growth_analysis.my_second_dbt_model: COMMIT
[0m22:38:26.822640 [debug] [Thread-1 (]: SQL status: OK in 0.002 seconds
[0m22:38:26.823641 [debug] [Thread-1 (]: Using duckdb connection "model.edinet_growth_analysis.my_second_dbt_model"
[0m22:38:26.824639 [debug] [Thread-1 (]: On model.edinet_growth_analysis.my_second_dbt_model: /* {"app": "dbt", "dbt_version": "1.11.12", "profile_name": "edinet_growth_analysis", "target_name": "dev", "node_id": "model.edinet_growth_analysis.my_second_dbt_model"} */

      drop table if exists "dev"."main"."my_second_dbt_model__dbt_backup" cascade
    
[0m22:38:26.827197 [debug] [Thread-1 (]: SQL status: OK in 0.002 seconds
[0m22:38:26.828179 [debug] [Thread-1 (]: On model.edinet_growth_analysis.my_second_dbt_model: Close
[0m22:38:26.828179 [debug] [Thread-1 (]: Sending event: {'category': 'dbt', 'action': 'run_model', 'label': '49832d91-cec0-487f-b488-63cb0ac1f9b9', 'context': [<snowplow_tracker.self_describing_json.SelfDescribingJson object at 0x000001749A883410>]}
[0m22:38:26.829178 [info ] [Thread-1 (]: 3 of 3 OK created sql table model main.my_second_dbt_model ..................... [[32mOK[0m in 0.06s]
[0m22:38:26.829178 [debug] [Thread-1 (]: Finished running node model.edinet_growth_analysis.my_second_dbt_model
[0m22:38:26.830195 [debug] [MainThread]: Using duckdb connection "master"
[0m22:38:26.830195 [debug] [MainThread]: On master: BEGIN
[0m22:38:26.831198 [debug] [MainThread]: Opening a new connection, currently in state closed
[0m22:38:26.831198 [debug] [MainThread]: SQL status: OK in 0.000 seconds
[0m22:38:26.831198 [debug] [MainThread]: On master: COMMIT
[0m22:38:26.831198 [debug] [MainThread]: Using duckdb connection "master"
[0m22:38:26.832195 [debug] [MainThread]: On master: COMMIT
[0m22:38:26.832195 [debug] [MainThread]: SQL status: OK in 0.000 seconds
[0m22:38:26.832195 [debug] [MainThread]: On master: Close
[0m22:38:26.833195 [debug] [MainThread]: Connection 'master' was properly closed.
[0m22:38:26.833195 [debug] [MainThread]: Connection 'create_dev_main' was properly closed.
[0m22:38:26.833195 [debug] [MainThread]: Connection 'list_dev_main' was properly closed.
[0m22:38:26.833195 [debug] [MainThread]: Connection 'model.edinet_growth_analysis.my_second_dbt_model' was properly closed.
[0m22:38:26.833195 [info ] [MainThread]: 
[0m22:38:26.834195 [info ] [MainThread]: Finished running 3 table models in 0 hours 0 minutes and 0.25 seconds (0.25s).
[0m22:38:26.835196 [debug] [MainThread]: Command end result
[0m22:38:26.849783 [debug] [MainThread]: Wrote artifact WritableManifest to C:\Users\nekoa\project_2026\kayleet_scherbel_project_2026\edinet_growth_analysis\target\manifest.json
[0m22:38:26.851784 [debug] [MainThread]: Wrote artifact SemanticManifest to C:\Users\nekoa\project_2026\kayleet_scherbel_project_2026\edinet_growth_analysis\target\semantic_manifest.json
[0m22:38:26.854783 [debug] [MainThread]: Wrote artifact RunExecutionResult to C:\Users\nekoa\project_2026\kayleet_scherbel_project_2026\edinet_growth_analysis\target\run_results.json
[0m22:38:26.854783 [info ] [MainThread]: 
[0m22:38:26.856290 [info ] [MainThread]: [32mCompleted successfully[0m
[0m22:38:26.856290 [info ] [MainThread]: 
[0m22:38:26.857311 [info ] [MainThread]: Done. PASS=3 WARN=0 ERROR=0 SKIP=0 NO-OP=0 TOTAL=3
[0m22:38:26.857311 [debug] [MainThread]: Command `dbt run` succeeded at 22:38:26.857311 after 0.87 seconds
[0m22:38:26.858313 [debug] [MainThread]: Sending event: {'category': 'dbt', 'action': 'invocation', 'label': 'end', 'context': [<snowplow_tracker.self_describing_json.SelfDescribingJson object at 0x0000017495B9B230>, <snowplow_tracker.self_describing_json.SelfDescribingJson object at 0x0000017499F4C500>, <snowplow_tracker.self_describing_json.SelfDescribingJson object at 0x0000017499F4EA80>]}
[0m22:38:26.858313 [debug] [MainThread]: Flushing usage events
[0m22:38:27.842826 [debug] [MainThread]: An error was encountered while trying to flush usage events
[0m22:39:45.289402 [debug] [MainThread]: Sending event: {'category': 'dbt', 'action': 'invocation', 'label': 'start', 'context': [<snowplow_tracker.self_describing_json.SelfDescribingJson object at 0x000001AD0CF08FB0>, <snowplow_tracker.self_describing_json.SelfDescribingJson object at 0x000001AD0DEF9D90>, <snowplow_tracker.self_describing_json.SelfDescribingJson object at 0x000001AD0D9BB230>]}


============================== 22:39:45.292921 | d5ea93e9-1fcc-446c-99d5-a7305c4a2899 ==============================
[0m22:39:45.292921 [info ] [MainThread]: Running with dbt=1.11.12
[0m22:39:45.294939 [debug] [MainThread]: running dbt with arguments {'static_parser': 'True', 'no_print': 'None', 'version_check': 'True', 'warn_error_options': 'WarnErrorOptionsV2(error=[], warn=[], silence=[])', 'target_path': 'None', 'printer_width': '80', 'write_json': 'True', 'introspect': 'True', 'log_cache_events': 'False', 'empty': 'None', 'cache_selected_only': 'False', 'log_format': 'default', 'debug': 'False', 'fail_fast': 'False', 'partial_parse': 'True', 'send_anonymous_usage_stats': 'True', 'quiet': 'False', 'warn_error': 'None', 'profiles_dir': 'C:\\Users\\nekoa\\.dbt', 'indirect_selection': 'eager', 'use_colors': 'True', 'invocation_command': 'dbt clean', 'use_experimental_parser': 'False', 'log_path': 'C:\\Users\\nekoa\\project_2026\\kayleet_scherbel_project_2026\\edinet_growth_analysis\\logs'}
[0m22:39:45.296949 [warn ] [MainThread]: [[33mWARNING[0m][CustomKeyInConfigDeprecation]: Deprecated functionality
Custom key `+format` found in `config` at path `edinet_growth_analysis.+format`
in file `C:\Users\nekoa\project_2026\kayleet_scherbel_project_2026\edinet_growth
_analysis\dbt_project.yml`. Custom config keys should move into the
`config.meta`.
[0m22:39:45.298941 [debug] [MainThread]: Sending event: {'category': 'dbt', 'action': 'deprecation', 'label': 'd5ea93e9-1fcc-446c-99d5-a7305c4a2899', 'property_': 'warn', 'context': [<snowplow_tracker.self_describing_json.SelfDescribingJson object at 0x000001AD0F1009B0>]}
[0m22:39:45.377557 [debug] [MainThread]: Sending event: {'category': 'dbt', 'action': 'project_id', 'label': 'd5ea93e9-1fcc-446c-99d5-a7305c4a2899', 'context': [<snowplow_tracker.self_describing_json.SelfDescribingJson object at 0x000001AD0D60B0E0>]}
[0m22:39:45.399655 [warn ] [MainThread]: [[33mWARNING[0m][DeprecationsSummary]: Deprecated functionality
Summary of encountered deprecations:
- CustomKeyInConfigDeprecation: 2 occurrences
To see all deprecation instances instead of just the first occurrence of each,
run command again with the `--show-all-deprecations` flag. You may also need to
run with `--no-partial-parse` as some deprecations are only encountered during
parsing.
[0m22:39:45.402199 [debug] [MainThread]: Command `dbt clean` succeeded at 22:39:45.402199 after 0.27 seconds
[0m22:39:45.402199 [debug] [MainThread]: Sending event: {'category': 'dbt', 'action': 'invocation', 'label': 'end', 'context': [<snowplow_tracker.self_describing_json.SelfDescribingJson object at 0x000001AD0D2EC590>, <snowplow_tracker.self_describing_json.SelfDescribingJson object at 0x000001AD0D2EEDE0>, <snowplow_tracker.self_describing_json.SelfDescribingJson object at 0x000001AD0D2EDF40>]}
[0m22:39:45.403222 [debug] [MainThread]: Flushing usage events
[0m22:39:46.375158 [debug] [MainThread]: An error was encountered while trying to flush usage events
[0m22:39:51.869352 [debug] [MainThread]: Sending event: {'category': 'dbt', 'action': 'invocation', 'label': 'start', 'context': [<snowplow_tracker.self_describing_json.SelfDescribingJson object at 0x00000262532596A0>, <snowplow_tracker.self_describing_json.SelfDescribingJson object at 0x0000026250B751C0>, <snowplow_tracker.self_describing_json.SelfDescribingJson object at 0x00000262536846B0>]}


============================== 22:39:51.872354 | ecb4a40b-f5fa-4889-a554-e2c6fc59c2d5 ==============================
[0m22:39:51.872354 [info ] [MainThread]: Running with dbt=1.11.12
[0m22:39:51.873389 [debug] [MainThread]: running dbt with arguments {'static_parser': 'True', 'no_print': 'None', 'version_check': 'True', 'target_path': 'None', 'warn_error_options': 'WarnErrorOptionsV2(error=[], warn=[], silence=[])', 'printer_width': '80', 'write_json': 'True', 'empty': 'None', 'log_cache_events': 'False', 'introspect': 'True', 'cache_selected_only': 'False', 'log_format': 'default', 'debug': 'False', 'fail_fast': 'False', 'partial_parse': 'True', 'send_anonymous_usage_stats': 'True', 'quiet': 'False', 'warn_error': 'None', 'profiles_dir': 'C:\\Users\\nekoa\\.dbt', 'indirect_selection': 'eager', 'invocation_command': 'dbt seed', 'use_colors': 'True', 'use_experimental_parser': 'False', 'log_path': 'C:\\Users\\nekoa\\project_2026\\kayleet_scherbel_project_2026\\edinet_growth_analysis\\logs'}
[0m22:39:52.021608 [debug] [MainThread]: Sending event: {'category': 'dbt', 'action': 'project_id', 'label': 'ecb4a40b-f5fa-4889-a554-e2c6fc59c2d5', 'context': [<snowplow_tracker.self_describing_json.SelfDescribingJson object at 0x00000262549DA7E0>]}
[0m22:39:52.062186 [debug] [MainThread]: Sending event: {'category': 'dbt', 'action': 'adapter_info', 'label': 'ecb4a40b-f5fa-4889-a554-e2c6fc59c2d5', 'context': [<snowplow_tracker.self_describing_json.SelfDescribingJson object at 0x0000026252E8C440>]}
[0m22:39:52.063692 [info ] [MainThread]: Registered adapter: duckdb=1.10.1
[0m22:39:52.221625 [debug] [MainThread]: checksum: f368f5348cf42803b94ef7fb8257ecf3bf9a9a16dd9c8c51fe5172f2dbeb457f, vars: {}, profile: , target: , version: 1.11.12
[0m22:39:52.221625 [info ] [MainThread]: Unable to do partial parsing because saved manifest not found. Starting full parse.
[0m22:39:52.223182 [debug] [MainThread]: Sending event: {'category': 'dbt', 'action': 'partial_parser', 'label': 'ecb4a40b-f5fa-4889-a554-e2c6fc59c2d5', 'context': [<snowplow_tracker.self_describing_json.SelfDescribingJson object at 0x0000026254A7D940>]}
[0m22:39:53.084388 [debug] [MainThread]: Sending event: {'category': 'dbt', 'action': 'load_project', 'label': 'ecb4a40b-f5fa-4889-a554-e2c6fc59c2d5', 'context': [<snowplow_tracker.self_describing_json.SelfDescribingJson object at 0x00000262557102C0>]}
[0m22:39:53.137170 [debug] [MainThread]: Wrote artifact WritableManifest to C:\Users\nekoa\project_2026\kayleet_scherbel_project_2026\edinet_growth_analysis\target\manifest.json
[0m22:39:53.139192 [debug] [MainThread]: Wrote artifact SemanticManifest to C:\Users\nekoa\project_2026\kayleet_scherbel_project_2026\edinet_growth_analysis\target\semantic_manifest.json
[0m22:39:53.146688 [debug] [MainThread]: Sending event: {'category': 'dbt', 'action': 'resource_counts', 'label': 'ecb4a40b-f5fa-4889-a554-e2c6fc59c2d5', 'context': [<snowplow_tracker.self_describing_json.SelfDescribingJson object at 0x00000262557745C0>]}
[0m22:39:53.146688 [info ] [MainThread]: Found 3 models, 1 seed, 4 data tests, 485 macros
[0m22:39:53.148856 [debug] [MainThread]: Sending event: {'category': 'dbt', 'action': 'runnable_timing', 'label': 'ecb4a40b-f5fa-4889-a554-e2c6fc59c2d5', 'context': [<snowplow_tracker.self_describing_json.SelfDescribingJson object at 0x000002625542FD70>]}
[0m22:39:53.150198 [info ] [MainThread]: 
[0m22:39:53.151206 [info ] [MainThread]: Concurrency: 1 threads (target='dev')
[0m22:39:53.153203 [info ] [MainThread]: 
[0m22:39:53.155700 [debug] [MainThread]: Acquiring new duckdb connection 'master'
[0m22:39:53.156729 [debug] [ThreadPool]: Acquiring new duckdb connection 'list_dev'
[0m22:39:53.194694 [debug] [ThreadPool]: Using duckdb connection "list_dev"
[0m22:39:53.195739 [debug] [ThreadPool]: On list_dev: /* {"app": "dbt", "dbt_version": "1.11.12", "profile_name": "edinet_growth_analysis", "target_name": "dev", "connection_name": "list_dev"} */

    
    select schema_name
    from system.information_schema.schemata
    
    where lower(catalog_name) = '"dev"'
    
  
  
[0m22:39:53.195739 [debug] [ThreadPool]: Opening a new connection, currently in state init
[0m22:39:53.206414 [debug] [ThreadPool]: SQL status: OK in 0.010 seconds
[0m22:39:53.207347 [debug] [ThreadPool]: On list_dev: Close
[0m22:39:53.207347 [debug] [ThreadPool]: Re-using an available connection from the pool (formerly list_dev, now create_dev_main)
[0m22:39:53.208346 [debug] [ThreadPool]: Creating schema "database: "dev"
schema: "main"
"
[0m22:39:53.212347 [debug] [ThreadPool]: Using duckdb connection "create_dev_main"
[0m22:39:53.212347 [debug] [ThreadPool]: On create_dev_main: /* {"app": "dbt", "dbt_version": "1.11.12", "profile_name": "edinet_growth_analysis", "target_name": "dev", "connection_name": "create_dev_main"} */

    
        select type from duckdb_databases()
        where lower(database_name)='dev'
        and type='sqlite'
    
  
[0m22:39:53.212347 [debug] [ThreadPool]: Opening a new connection, currently in state closed
[0m22:39:53.213863 [debug] [ThreadPool]: SQL status: OK in 0.001 seconds
[0m22:39:53.214869 [debug] [ThreadPool]: Using duckdb connection "create_dev_main"
[0m22:39:53.214869 [debug] [ThreadPool]: On create_dev_main: BEGIN
[0m22:39:53.214869 [debug] [ThreadPool]: SQL status: OK in 0.000 seconds
[0m22:39:53.214869 [debug] [ThreadPool]: Using duckdb connection "create_dev_main"
[0m22:39:53.215869 [debug] [ThreadPool]: On create_dev_main: /* {"app": "dbt", "dbt_version": "1.11.12", "profile_name": "edinet_growth_analysis", "target_name": "dev", "connection_name": "create_dev_main"} */

    
    
        create schema if not exists "dev"."main"
    
[0m22:39:53.215869 [debug] [ThreadPool]: SQL status: OK in 0.000 seconds
[0m22:39:53.216870 [debug] [ThreadPool]: On create_dev_main: COMMIT
[0m22:39:53.216870 [debug] [ThreadPool]: Using duckdb connection "create_dev_main"
[0m22:39:53.216870 [debug] [ThreadPool]: On create_dev_main: COMMIT
[0m22:39:53.216870 [debug] [ThreadPool]: SQL status: OK in 0.000 seconds
[0m22:39:53.217870 [debug] [ThreadPool]: On create_dev_main: Close
[0m22:39:53.221964 [debug] [ThreadPool]: Acquiring new duckdb connection 'list_dev_main'
[0m22:39:53.224519 [debug] [ThreadPool]: Using duckdb connection "list_dev_main"
[0m22:39:53.225546 [debug] [ThreadPool]: On list_dev_main: BEGIN
[0m22:39:53.225546 [debug] [ThreadPool]: Opening a new connection, currently in state init
[0m22:39:53.225546 [debug] [ThreadPool]: SQL status: OK in 0.000 seconds
[0m22:39:53.226517 [debug] [ThreadPool]: Using duckdb connection "list_dev_main"
[0m22:39:53.226517 [debug] [ThreadPool]: On list_dev_main: /* {"app": "dbt", "dbt_version": "1.11.12", "profile_name": "edinet_growth_analysis", "target_name": "dev", "connection_name": "list_dev_main"} */
select
      'dev' as database,
      table_name as name,
      table_schema as schema,
      CASE table_type
        WHEN 'BASE TABLE' THEN 'table'
        WHEN 'VIEW' THEN 'view'
        WHEN 'LOCAL TEMPORARY' THEN 'table'
        END as type
    from system.information_schema.tables
    where lower(table_schema) = 'main'
    and lower(table_catalog) = 'dev'
  
[0m22:39:53.228517 [debug] [ThreadPool]: SQL status: OK in 0.002 seconds
[0m22:39:53.229517 [debug] [ThreadPool]: On list_dev_main: ROLLBACK
[0m22:39:53.230535 [debug] [ThreadPool]: Failed to rollback 'list_dev_main'
[0m22:39:53.230535 [debug] [ThreadPool]: On list_dev_main: Close
[0m22:39:53.231527 [debug] [MainThread]: Sending event: {'category': 'dbt', 'action': 'runnable_timing', 'label': 'ecb4a40b-f5fa-4889-a554-e2c6fc59c2d5', 'context': [<snowplow_tracker.self_describing_json.SelfDescribingJson object at 0x00000262559B82C0>]}
[0m22:39:53.232520 [debug] [MainThread]: Using duckdb connection "master"
[0m22:39:53.232520 [debug] [MainThread]: On master: BEGIN
[0m22:39:53.232520 [debug] [MainThread]: Opening a new connection, currently in state init
[0m22:39:53.232520 [debug] [MainThread]: SQL status: OK in 0.000 seconds
[0m22:39:53.233519 [debug] [MainThread]: On master: COMMIT
[0m22:39:53.233519 [debug] [MainThread]: Using duckdb connection "master"
[0m22:39:53.234024 [debug] [MainThread]: On master: COMMIT
[0m22:39:53.234024 [debug] [MainThread]: SQL status: OK in 0.000 seconds
[0m22:39:53.234024 [debug] [MainThread]: On master: Close
[0m22:39:53.240049 [debug] [Thread-1 (]: Began running node seed.edinet_growth_analysis.net_value_clients
[0m22:39:53.240049 [info ] [Thread-1 (]: 1 of 1 START seed file main.net_value_clients .................................. [RUN]
[0m22:39:53.242032 [debug] [Thread-1 (]: Acquiring new duckdb connection 'seed.edinet_growth_analysis.net_value_clients'
[0m22:39:53.242032 [debug] [Thread-1 (]: Began compiling node seed.edinet_growth_analysis.net_value_clients
[0m22:39:53.242032 [debug] [Thread-1 (]: Began executing node seed.edinet_growth_analysis.net_value_clients
[0m22:39:53.258723 [debug] [Thread-1 (]: Using duckdb connection "seed.edinet_growth_analysis.net_value_clients"
[0m22:39:53.259712 [debug] [Thread-1 (]: On seed.edinet_growth_analysis.net_value_clients: BEGIN
[0m22:39:53.259712 [debug] [Thread-1 (]: Opening a new connection, currently in state init
[0m22:39:53.260695 [debug] [Thread-1 (]: SQL status: OK in 0.001 seconds
[0m22:39:53.260695 [debug] [Thread-1 (]: Using duckdb connection "seed.edinet_growth_analysis.net_value_clients"
[0m22:39:53.261695 [debug] [Thread-1 (]: On seed.edinet_growth_analysis.net_value_clients: /* {"app": "dbt", "dbt_version": "1.11.12", "profile_name": "edinet_growth_analysis", "target_name": "dev", "node_id": "seed.edinet_growth_analysis.net_value_clients"} */
truncate table "dev"."main"."net_value_clients"
[0m22:39:53.261695 [debug] [Thread-1 (]: SQL status: OK in 0.000 seconds
[0m22:39:53.268218 [debug] [Thread-1 (]: Using duckdb connection "seed.edinet_growth_analysis.net_value_clients"
[0m22:39:53.268218 [debug] [Thread-1 (]: On seed.edinet_growth_analysis.net_value_clients: 
          COPY "dev"."main"."net_value_clients" FROM 'C:\Users\nekoa\project_2026\kayleet_scherbel_project_2026\edinet_growth_analysis\seeds\net_value_clients.csv' (FORMAT CSV, HEADER TRUE, DELIMITER ',')
        ...
[0m22:39:53.272204 [debug] [Thread-1 (]: SQL status: OK in 0.003 seconds
[0m22:39:53.275761 [debug] [Thread-1 (]: Writing runtime SQL for node "seed.edinet_growth_analysis.net_value_clients"
[0m22:39:53.283252 [debug] [Thread-1 (]: On seed.edinet_growth_analysis.net_value_clients: COMMIT
[0m22:39:53.284284 [debug] [Thread-1 (]: Using duckdb connection "seed.edinet_growth_analysis.net_value_clients"
[0m22:39:53.284284 [debug] [Thread-1 (]: On seed.edinet_growth_analysis.net_value_clients: COMMIT
[0m22:39:53.287784 [debug] [Thread-1 (]: SQL status: OK in 0.003 seconds
[0m22:39:53.288785 [debug] [Thread-1 (]: On seed.edinet_growth_analysis.net_value_clients: Close
[0m22:39:53.289768 [debug] [Thread-1 (]: Sending event: {'category': 'dbt', 'action': 'run_model', 'label': 'ecb4a40b-f5fa-4889-a554-e2c6fc59c2d5', 'context': [<snowplow_tracker.self_describing_json.SelfDescribingJson object at 0x0000026252A21910>]}
[0m22:39:53.290769 [info ] [Thread-1 (]: 1 of 1 OK loaded seed file main.net_value_clients .............................. [[32mINSERT 45[0m in 0.05s]
[0m22:39:53.293299 [debug] [Thread-1 (]: Finished running node seed.edinet_growth_analysis.net_value_clients
[0m22:39:53.293299 [debug] [MainThread]: Using duckdb connection "master"
[0m22:39:53.294305 [debug] [MainThread]: On master: BEGIN
[0m22:39:53.294305 [debug] [MainThread]: Opening a new connection, currently in state closed
[0m22:39:53.294305 [debug] [MainThread]: SQL status: OK in 0.000 seconds
[0m22:39:53.295306 [debug] [MainThread]: On master: COMMIT
[0m22:39:53.295306 [debug] [MainThread]: Using duckdb connection "master"
[0m22:39:53.295306 [debug] [MainThread]: On master: COMMIT
[0m22:39:53.296310 [debug] [MainThread]: SQL status: OK in 0.000 seconds
[0m22:39:53.296310 [debug] [MainThread]: On master: Close
[0m22:39:53.296310 [debug] [MainThread]: Connection 'master' was properly closed.
[0m22:39:53.296310 [debug] [MainThread]: Connection 'create_dev_main' was properly closed.
[0m22:39:53.296310 [debug] [MainThread]: Connection 'list_dev_main' was properly closed.
[0m22:39:53.297312 [debug] [MainThread]: Connection 'seed.edinet_growth_analysis.net_value_clients' was properly closed.
[0m22:39:53.297312 [info ] [MainThread]: 
[0m22:39:53.299333 [info ] [MainThread]: Finished running 1 seed in 0 hours 0 minutes and 0.14 seconds (0.14s).
[0m22:39:53.302310 [debug] [MainThread]: Command end result
[0m22:39:53.318155 [debug] [MainThread]: Wrote artifact WritableManifest to C:\Users\nekoa\project_2026\kayleet_scherbel_project_2026\edinet_growth_analysis\target\manifest.json
[0m22:39:53.319176 [debug] [MainThread]: Wrote artifact SemanticManifest to C:\Users\nekoa\project_2026\kayleet_scherbel_project_2026\edinet_growth_analysis\target\semantic_manifest.json
[0m22:39:53.323669 [debug] [MainThread]: Wrote artifact RunExecutionResult to C:\Users\nekoa\project_2026\kayleet_scherbel_project_2026\edinet_growth_analysis\target\run_results.json
[0m22:39:53.323669 [info ] [MainThread]: 
[0m22:39:53.324677 [info ] [MainThread]: [32mCompleted successfully[0m
[0m22:39:53.326767 [info ] [MainThread]: 
[0m22:39:53.328799 [info ] [MainThread]: Done. PASS=1 WARN=0 ERROR=0 SKIP=0 NO-OP=0 TOTAL=1
[0m22:39:53.332683 [debug] [MainThread]: Command `dbt seed` succeeded at 22:39:53.332683 after 1.57 seconds
[0m22:39:53.332683 [debug] [MainThread]: Sending event: {'category': 'dbt', 'action': 'invocation', 'label': 'end', 'context': [<snowplow_tracker.self_describing_json.SelfDescribingJson object at 0x0000026252C5E540>, <snowplow_tracker.self_describing_json.SelfDescribingJson object at 0x0000026252C5C680>, <snowplow_tracker.self_describing_json.SelfDescribingJson object at 0x0000026252406F00>]}
[0m22:39:53.333684 [debug] [MainThread]: Flushing usage events
[0m22:39:54.302378 [debug] [MainThread]: An error was encountered while trying to flush usage events
[0m22:39:59.254514 [debug] [MainThread]: Sending event: {'category': 'dbt', 'action': 'invocation', 'label': 'start', 'context': [<snowplow_tracker.self_describing_json.SelfDescribingJson object at 0x000002A0446FE270>, <snowplow_tracker.self_describing_json.SelfDescribingJson object at 0x000002A044E31DF0>, <snowplow_tracker.self_describing_json.SelfDescribingJson object at 0x000002A0447D4DD0>]}


============================== 22:39:59.257046 | cd2dab79-6b71-4a52-aec4-c5155c3cdd5c ==============================
[0m22:39:59.257046 [info ] [MainThread]: Running with dbt=1.11.12
[0m22:39:59.259058 [debug] [MainThread]: running dbt with arguments {'static_parser': 'True', 'no_print': 'None', 'version_check': 'True', 'target_path': 'None', 'warn_error_options': 'WarnErrorOptionsV2(error=[], warn=[], silence=[])', 'printer_width': '80', 'write_json': 'True', 'introspect': 'True', 'log_cache_events': 'False', 'empty': 'False', 'cache_selected_only': 'False', 'fail_fast': 'False', 'debug': 'False', 'log_format': 'default', 'profiles_dir': 'C:\\Users\\nekoa\\.dbt', 'send_anonymous_usage_stats': 'True', 'quiet': 'False', 'warn_error': 'None', 'partial_parse': 'True', 'use_colors': 'True', 'invocation_command': 'dbt run', 'indirect_selection': 'eager', 'use_experimental_parser': 'False', 'log_path': 'C:\\Users\\nekoa\\project_2026\\kayleet_scherbel_project_2026\\edinet_growth_analysis\\logs'}
[0m22:39:59.406660 [debug] [MainThread]: Sending event: {'category': 'dbt', 'action': 'project_id', 'label': 'cd2dab79-6b71-4a52-aec4-c5155c3cdd5c', 'context': [<snowplow_tracker.self_describing_json.SelfDescribingJson object at 0x000002A0466EC800>]}
[0m22:39:59.448747 [debug] [MainThread]: Sending event: {'category': 'dbt', 'action': 'adapter_info', 'label': 'cd2dab79-6b71-4a52-aec4-c5155c3cdd5c', 'context': [<snowplow_tracker.self_describing_json.SelfDescribingJson object at 0x000002A0446A7A40>]}
[0m22:39:59.449747 [info ] [MainThread]: Registered adapter: duckdb=1.10.1
[0m22:39:59.592332 [debug] [MainThread]: checksum: f368f5348cf42803b94ef7fb8257ecf3bf9a9a16dd9c8c51fe5172f2dbeb457f, vars: {}, profile: , target: , version: 1.11.12
[0m22:39:59.671602 [debug] [MainThread]: Partial parsing enabled: 0 files deleted, 0 files added, 0 files changed.
[0m22:39:59.671602 [debug] [MainThread]: Nothing changed, skipping partial parsing.
[0m22:39:59.672577 [debug] [MainThread]: Partial parsing enabled, no changes found, skipping parsing
[0m22:39:59.700189 [debug] [MainThread]: Sending event: {'category': 'dbt', 'action': 'load_project', 'label': 'cd2dab79-6b71-4a52-aec4-c5155c3cdd5c', 'context': [<snowplow_tracker.self_describing_json.SelfDescribingJson object at 0x000002A046D54FE0>]}
[0m22:39:59.750282 [debug] [MainThread]: Wrote artifact WritableManifest to C:\Users\nekoa\project_2026\kayleet_scherbel_project_2026\edinet_growth_analysis\target\manifest.json
[0m22:39:59.752283 [debug] [MainThread]: Wrote artifact SemanticManifest to C:\Users\nekoa\project_2026\kayleet_scherbel_project_2026\edinet_growth_analysis\target\semantic_manifest.json
[0m22:39:59.759389 [debug] [MainThread]: Sending event: {'category': 'dbt', 'action': 'resource_counts', 'label': 'cd2dab79-6b71-4a52-aec4-c5155c3cdd5c', 'context': [<snowplow_tracker.self_describing_json.SelfDescribingJson object at 0x000002A046F12A50>]}
[0m22:39:59.759389 [info ] [MainThread]: Found 3 models, 1 seed, 4 data tests, 485 macros
[0m22:39:59.760396 [debug] [MainThread]: Sending event: {'category': 'dbt', 'action': 'runnable_timing', 'label': 'cd2dab79-6b71-4a52-aec4-c5155c3cdd5c', 'context': [<snowplow_tracker.self_describing_json.SelfDescribingJson object at 0x000002A047160C20>]}
[0m22:39:59.761410 [info ] [MainThread]: 
[0m22:39:59.762430 [info ] [MainThread]: Concurrency: 1 threads (target='dev')
[0m22:39:59.763378 [info ] [MainThread]: 
[0m22:39:59.764883 [debug] [MainThread]: Acquiring new duckdb connection 'master'
[0m22:39:59.769927 [debug] [ThreadPool]: Acquiring new duckdb connection 'list_dev'
[0m22:39:59.807812 [debug] [ThreadPool]: Using duckdb connection "list_dev"
[0m22:39:59.808826 [debug] [ThreadPool]: On list_dev: /* {"app": "dbt", "dbt_version": "1.11.12", "profile_name": "edinet_growth_analysis", "target_name": "dev", "connection_name": "list_dev"} */

    
    select schema_name
    from system.information_schema.schemata
    
    where lower(catalog_name) = '"dev"'
    
  
  
[0m22:39:59.808826 [debug] [ThreadPool]: Opening a new connection, currently in state init
[0m22:39:59.820320 [debug] [ThreadPool]: SQL status: OK in 0.011 seconds
[0m22:39:59.821329 [debug] [ThreadPool]: On list_dev: Close
[0m22:39:59.822312 [debug] [ThreadPool]: Re-using an available connection from the pool (formerly list_dev, now create_dev_main)
[0m22:39:59.822312 [debug] [ThreadPool]: Creating schema "database: "dev"
schema: "main"
"
[0m22:39:59.825847 [debug] [ThreadPool]: Using duckdb connection "create_dev_main"
[0m22:39:59.826846 [debug] [ThreadPool]: On create_dev_main: /* {"app": "dbt", "dbt_version": "1.11.12", "profile_name": "edinet_growth_analysis", "target_name": "dev", "connection_name": "create_dev_main"} */

    
        select type from duckdb_databases()
        where lower(database_name)='dev'
        and type='sqlite'
    
  
[0m22:39:59.826846 [debug] [ThreadPool]: Opening a new connection, currently in state closed
[0m22:39:59.827881 [debug] [ThreadPool]: SQL status: OK in 0.001 seconds
[0m22:39:59.828848 [debug] [ThreadPool]: Using duckdb connection "create_dev_main"
[0m22:39:59.828848 [debug] [ThreadPool]: On create_dev_main: BEGIN
[0m22:39:59.828848 [debug] [ThreadPool]: SQL status: OK in 0.000 seconds
[0m22:39:59.829848 [debug] [ThreadPool]: Using duckdb connection "create_dev_main"
[0m22:39:59.829848 [debug] [ThreadPool]: On create_dev_main: /* {"app": "dbt", "dbt_version": "1.11.12", "profile_name": "edinet_growth_analysis", "target_name": "dev", "connection_name": "create_dev_main"} */

    
    
        create schema if not exists "dev"."main"
    
[0m22:39:59.829848 [debug] [ThreadPool]: SQL status: OK in 0.000 seconds
[0m22:39:59.830849 [debug] [ThreadPool]: On create_dev_main: COMMIT
[0m22:39:59.830849 [debug] [ThreadPool]: Using duckdb connection "create_dev_main"
[0m22:39:59.830849 [debug] [ThreadPool]: On create_dev_main: COMMIT
[0m22:39:59.831851 [debug] [ThreadPool]: SQL status: OK in 0.000 seconds
[0m22:39:59.831851 [debug] [ThreadPool]: On create_dev_main: Close
[0m22:39:59.833849 [debug] [ThreadPool]: Acquiring new duckdb connection 'list_dev_main'
[0m22:39:59.837417 [debug] [ThreadPool]: Using duckdb connection "list_dev_main"
[0m22:39:59.837417 [debug] [ThreadPool]: On list_dev_main: BEGIN
[0m22:39:59.837417 [debug] [ThreadPool]: Opening a new connection, currently in state init
[0m22:39:59.838401 [debug] [ThreadPool]: SQL status: OK in 0.000 seconds
[0m22:39:59.838401 [debug] [ThreadPool]: Using duckdb connection "list_dev_main"
[0m22:39:59.838401 [debug] [ThreadPool]: On list_dev_main: /* {"app": "dbt", "dbt_version": "1.11.12", "profile_name": "edinet_growth_analysis", "target_name": "dev", "connection_name": "list_dev_main"} */
select
      'dev' as database,
      table_name as name,
      table_schema as schema,
      CASE table_type
        WHEN 'BASE TABLE' THEN 'table'
        WHEN 'VIEW' THEN 'view'
        WHEN 'LOCAL TEMPORARY' THEN 'table'
        END as type
    from system.information_schema.tables
    where lower(table_schema) = 'main'
    and lower(table_catalog) = 'dev'
  
[0m22:39:59.840426 [debug] [ThreadPool]: SQL status: OK in 0.002 seconds
[0m22:39:59.841403 [debug] [ThreadPool]: On list_dev_main: ROLLBACK
[0m22:39:59.842421 [debug] [ThreadPool]: Failed to rollback 'list_dev_main'
[0m22:39:59.842421 [debug] [ThreadPool]: On list_dev_main: Close
[0m22:39:59.843403 [debug] [MainThread]: Sending event: {'category': 'dbt', 'action': 'runnable_timing', 'label': 'cd2dab79-6b71-4a52-aec4-c5155c3cdd5c', 'context': [<snowplow_tracker.self_describing_json.SelfDescribingJson object at 0x000002A04716FC50>]}
[0m22:39:59.844579 [debug] [MainThread]: Using duckdb connection "master"
[0m22:39:59.844579 [debug] [MainThread]: On master: BEGIN
[0m22:39:59.844579 [debug] [MainThread]: Opening a new connection, currently in state init
[0m22:39:59.845586 [debug] [MainThread]: SQL status: OK in 0.000 seconds
[0m22:39:59.845586 [debug] [MainThread]: On master: COMMIT
[0m22:39:59.845586 [debug] [MainThread]: Using duckdb connection "master"
[0m22:39:59.845586 [debug] [MainThread]: On master: COMMIT
[0m22:39:59.846585 [debug] [MainThread]: SQL status: OK in 0.000 seconds
[0m22:39:59.846585 [debug] [MainThread]: On master: Close
[0m22:39:59.851603 [debug] [Thread-1 (]: Began running node model.edinet_growth_analysis.growth_rate_overEqual40
[0m22:39:59.852587 [info ] [Thread-1 (]: 1 of 3 START sql table model main.growth_rate_overEqual40 ...................... [RUN]
[0m22:39:59.854589 [debug] [Thread-1 (]: Acquiring new duckdb connection 'model.edinet_growth_analysis.growth_rate_overEqual40'
[0m22:39:59.854589 [debug] [Thread-1 (]: Began compiling node model.edinet_growth_analysis.growth_rate_overEqual40
[0m22:39:59.858605 [debug] [Thread-1 (]: Writing injected SQL for node "model.edinet_growth_analysis.growth_rate_overEqual40"
[0m22:39:59.860606 [debug] [Thread-1 (]: Began executing node model.edinet_growth_analysis.growth_rate_overEqual40
[0m22:39:59.879630 [debug] [Thread-1 (]: Writing runtime sql for node "model.edinet_growth_analysis.growth_rate_overEqual40"
[0m22:39:59.880631 [debug] [Thread-1 (]: Using duckdb connection "model.edinet_growth_analysis.growth_rate_overEqual40"
[0m22:39:59.880631 [debug] [Thread-1 (]: On model.edinet_growth_analysis.growth_rate_overEqual40: BEGIN
[0m22:39:59.881630 [debug] [Thread-1 (]: Opening a new connection, currently in state init
[0m22:39:59.881630 [debug] [Thread-1 (]: SQL status: OK in 0.001 seconds
[0m22:39:59.882633 [debug] [Thread-1 (]: Using duckdb connection "model.edinet_growth_analysis.growth_rate_overEqual40"
[0m22:39:59.882633 [debug] [Thread-1 (]: On model.edinet_growth_analysis.growth_rate_overEqual40: /* {"app": "dbt", "dbt_version": "1.11.12", "profile_name": "edinet_growth_analysis", "target_name": "dev", "node_id": "model.edinet_growth_analysis.growth_rate_overEqual40"} */

  
    
    

    create  table
      "dev"."main"."growth_rate_overEqual40__dbt_tmp"
  
    as (
      WITH clients AS (
    PIVOT "dev"."main"."net_value_clients"
    ON relative_year
    USING first(net_sales_yen)
),
clients_growth_rate AS (
    SELECT company, ROUND((((CurrentYear/Prior4Year)-1)*100), 2) as growth_rate_2022to2026 
    FROM clients
    WHERE growth_rate_2022to2026 >= 40
)
SELECT * FROM clients_growth_rate
    );
  
  
[0m22:39:59.888790 [debug] [Thread-1 (]: SQL status: OK in 0.006 seconds
[0m22:39:59.892818 [debug] [Thread-1 (]: Using duckdb connection "model.edinet_growth_analysis.growth_rate_overEqual40"
[0m22:39:59.892818 [debug] [Thread-1 (]: On model.edinet_growth_analysis.growth_rate_overEqual40: /* {"app": "dbt", "dbt_version": "1.11.12", "profile_name": "edinet_growth_analysis", "target_name": "dev", "node_id": "model.edinet_growth_analysis.growth_rate_overEqual40"} */

    SELECT index_name
    FROM duckdb_indexes()
    WHERE schema_name = 'main'
      AND table_name = 'growth_rate_overEqual40'
  
[0m22:39:59.893815 [debug] [Thread-1 (]: SQL status: OK in 0.000 seconds
[0m22:39:59.894811 [debug] [Thread-1 (]: Using duckdb connection "model.edinet_growth_analysis.growth_rate_overEqual40"
[0m22:39:59.894811 [debug] [Thread-1 (]: On model.edinet_growth_analysis.growth_rate_overEqual40: /* {"app": "dbt", "dbt_version": "1.11.12", "profile_name": "edinet_growth_analysis", "target_name": "dev", "node_id": "model.edinet_growth_analysis.growth_rate_overEqual40"} */

    SELECT COUNT(*) as remaining_indexes
    FROM duckdb_indexes()
    WHERE schema_name = 'main'
      AND table_name = 'growth_rate_overEqual40'
  
[0m22:39:59.894811 [debug] [Thread-1 (]: SQL status: OK in 0.000 seconds
[0m22:39:59.900203 [debug] [Thread-1 (]: Using duckdb connection "model.edinet_growth_analysis.growth_rate_overEqual40"
[0m22:39:59.900203 [debug] [Thread-1 (]: On model.edinet_growth_analysis.growth_rate_overEqual40: /* {"app": "dbt", "dbt_version": "1.11.12", "profile_name": "edinet_growth_analysis", "target_name": "dev", "node_id": "model.edinet_growth_analysis.growth_rate_overEqual40"} */
alter table "dev"."main"."growth_rate_overEqual40" rename to "growth_rate_overEqual40__dbt_backup"
[0m22:39:59.901204 [debug] [Thread-1 (]: SQL status: OK in 0.000 seconds
[0m22:39:59.903204 [debug] [Thread-1 (]: Using duckdb connection "model.edinet_growth_analysis.growth_rate_overEqual40"
[0m22:39:59.903204 [debug] [Thread-1 (]: On model.edinet_growth_analysis.growth_rate_overEqual40: /* {"app": "dbt", "dbt_version": "1.11.12", "profile_name": "edinet_growth_analysis", "target_name": "dev", "node_id": "model.edinet_growth_analysis.growth_rate_overEqual40"} */
alter table "dev"."main"."growth_rate_overEqual40__dbt_tmp" rename to "growth_rate_overEqual40"
[0m22:39:59.903204 [debug] [Thread-1 (]: SQL status: OK in 0.000 seconds
[0m22:39:59.913722 [debug] [Thread-1 (]: On model.edinet_growth_analysis.growth_rate_overEqual40: COMMIT
[0m22:39:59.913722 [debug] [Thread-1 (]: Using duckdb connection "model.edinet_growth_analysis.growth_rate_overEqual40"
[0m22:39:59.913722 [debug] [Thread-1 (]: On model.edinet_growth_analysis.growth_rate_overEqual40: COMMIT
[0m22:39:59.917297 [debug] [Thread-1 (]: SQL status: OK in 0.003 seconds
[0m22:39:59.921233 [debug] [Thread-1 (]: Using duckdb connection "model.edinet_growth_analysis.growth_rate_overEqual40"
[0m22:39:59.921233 [debug] [Thread-1 (]: On model.edinet_growth_analysis.growth_rate_overEqual40: /* {"app": "dbt", "dbt_version": "1.11.12", "profile_name": "edinet_growth_analysis", "target_name": "dev", "node_id": "model.edinet_growth_analysis.growth_rate_overEqual40"} */

      drop table if exists "dev"."main"."growth_rate_overEqual40__dbt_backup" cascade
    
[0m22:39:59.923293 [debug] [Thread-1 (]: SQL status: OK in 0.002 seconds
[0m22:39:59.925855 [debug] [Thread-1 (]: On model.edinet_growth_analysis.growth_rate_overEqual40: Close
[0m22:39:59.926868 [debug] [Thread-1 (]: Sending event: {'category': 'dbt', 'action': 'run_model', 'label': 'cd2dab79-6b71-4a52-aec4-c5155c3cdd5c', 'context': [<snowplow_tracker.self_describing_json.SelfDescribingJson object at 0x000002A04744D040>]}
[0m22:39:59.927824 [info ] [Thread-1 (]: 1 of 3 OK created sql table model main.growth_rate_overEqual40 ................. [[32mOK[0m in 0.07s]
[0m22:39:59.927824 [debug] [Thread-1 (]: Finished running node model.edinet_growth_analysis.growth_rate_overEqual40
[0m22:39:59.928823 [debug] [Thread-1 (]: Began running node model.edinet_growth_analysis.my_first_dbt_model
[0m22:39:59.928823 [info ] [Thread-1 (]: 2 of 3 START sql table model main.my_first_dbt_model ........................... [RUN]
[0m22:39:59.929824 [debug] [Thread-1 (]: Re-using an available connection from the pool (formerly model.edinet_growth_analysis.growth_rate_overEqual40, now model.edinet_growth_analysis.my_first_dbt_model)
[0m22:39:59.929824 [debug] [Thread-1 (]: Began compiling node model.edinet_growth_analysis.my_first_dbt_model
[0m22:39:59.931825 [debug] [Thread-1 (]: Writing injected SQL for node "model.edinet_growth_analysis.my_first_dbt_model"
[0m22:39:59.931825 [debug] [Thread-1 (]: Began executing node model.edinet_growth_analysis.my_first_dbt_model
[0m22:39:59.933824 [debug] [Thread-1 (]: Writing runtime sql for node "model.edinet_growth_analysis.my_first_dbt_model"
[0m22:39:59.934866 [debug] [Thread-1 (]: Using duckdb connection "model.edinet_growth_analysis.my_first_dbt_model"
[0m22:39:59.934866 [debug] [Thread-1 (]: On model.edinet_growth_analysis.my_first_dbt_model: BEGIN
[0m22:39:59.934866 [debug] [Thread-1 (]: Opening a new connection, currently in state closed
[0m22:39:59.936094 [debug] [Thread-1 (]: SQL status: OK in 0.001 seconds
[0m22:39:59.936094 [debug] [Thread-1 (]: Using duckdb connection "model.edinet_growth_analysis.my_first_dbt_model"
[0m22:39:59.936094 [debug] [Thread-1 (]: On model.edinet_growth_analysis.my_first_dbt_model: /* {"app": "dbt", "dbt_version": "1.11.12", "profile_name": "edinet_growth_analysis", "target_name": "dev", "node_id": "model.edinet_growth_analysis.my_first_dbt_model"} */

  
    
    

    create  table
      "dev"."main"."my_first_dbt_model__dbt_tmp"
  
    as (
      /*
    Welcome to your first dbt model!
    Did you know that you can also configure models directly within SQL files?
    This will override configurations stated in dbt_project.yml

    Try changing "table" to "view" below
*/



with source_data as (

    select 1 as id
    union all
    select null as id

)

select *
from source_data

/*
    Uncomment the line below to remove records with null `id` values
*/

-- where id is not null
    );
  
  
[0m22:39:59.937099 [debug] [Thread-1 (]: SQL status: OK in 0.001 seconds
[0m22:39:59.939099 [debug] [Thread-1 (]: Using duckdb connection "model.edinet_growth_analysis.my_first_dbt_model"
[0m22:39:59.939099 [debug] [Thread-1 (]: On model.edinet_growth_analysis.my_first_dbt_model: /* {"app": "dbt", "dbt_version": "1.11.12", "profile_name": "edinet_growth_analysis", "target_name": "dev", "node_id": "model.edinet_growth_analysis.my_first_dbt_model"} */

    SELECT index_name
    FROM duckdb_indexes()
    WHERE schema_name = 'main'
      AND table_name = 'my_first_dbt_model'
  
[0m22:39:59.939099 [debug] [Thread-1 (]: SQL status: OK in 0.000 seconds
[0m22:39:59.940100 [debug] [Thread-1 (]: Using duckdb connection "model.edinet_growth_analysis.my_first_dbt_model"
[0m22:39:59.941100 [debug] [Thread-1 (]: On model.edinet_growth_analysis.my_first_dbt_model: /* {"app": "dbt", "dbt_version": "1.11.12", "profile_name": "edinet_growth_analysis", "target_name": "dev", "node_id": "model.edinet_growth_analysis.my_first_dbt_model"} */

    SELECT COUNT(*) as remaining_indexes
    FROM duckdb_indexes()
    WHERE schema_name = 'main'
      AND table_name = 'my_first_dbt_model'
  
[0m22:39:59.941100 [debug] [Thread-1 (]: SQL status: OK in 0.000 seconds
[0m22:39:59.943101 [debug] [Thread-1 (]: Using duckdb connection "model.edinet_growth_analysis.my_first_dbt_model"
[0m22:39:59.943101 [debug] [Thread-1 (]: On model.edinet_growth_analysis.my_first_dbt_model: /* {"app": "dbt", "dbt_version": "1.11.12", "profile_name": "edinet_growth_analysis", "target_name": "dev", "node_id": "model.edinet_growth_analysis.my_first_dbt_model"} */
alter table "dev"."main"."my_first_dbt_model" rename to "my_first_dbt_model__dbt_backup"
[0m22:39:59.943101 [debug] [Thread-1 (]: SQL status: OK in 0.000 seconds
[0m22:39:59.945613 [debug] [Thread-1 (]: Using duckdb connection "model.edinet_growth_analysis.my_first_dbt_model"
[0m22:39:59.945613 [debug] [Thread-1 (]: On model.edinet_growth_analysis.my_first_dbt_model: /* {"app": "dbt", "dbt_version": "1.11.12", "profile_name": "edinet_growth_analysis", "target_name": "dev", "node_id": "model.edinet_growth_analysis.my_first_dbt_model"} */
alter table "dev"."main"."my_first_dbt_model__dbt_tmp" rename to "my_first_dbt_model"
[0m22:39:59.946613 [debug] [Thread-1 (]: SQL status: OK in 0.000 seconds
[0m22:39:59.947619 [debug] [Thread-1 (]: On model.edinet_growth_analysis.my_first_dbt_model: COMMIT
[0m22:39:59.947619 [debug] [Thread-1 (]: Using duckdb connection "model.edinet_growth_analysis.my_first_dbt_model"
[0m22:39:59.947619 [debug] [Thread-1 (]: On model.edinet_growth_analysis.my_first_dbt_model: COMMIT
[0m22:39:59.950675 [debug] [Thread-1 (]: SQL status: OK in 0.003 seconds
[0m22:39:59.952620 [debug] [Thread-1 (]: Using duckdb connection "model.edinet_growth_analysis.my_first_dbt_model"
[0m22:39:59.952620 [debug] [Thread-1 (]: On model.edinet_growth_analysis.my_first_dbt_model: /* {"app": "dbt", "dbt_version": "1.11.12", "profile_name": "edinet_growth_analysis", "target_name": "dev", "node_id": "model.edinet_growth_analysis.my_first_dbt_model"} */

      drop table if exists "dev"."main"."my_first_dbt_model__dbt_backup" cascade
    
[0m22:39:59.955338 [debug] [Thread-1 (]: SQL status: OK in 0.003 seconds
[0m22:39:59.955338 [debug] [Thread-1 (]: On model.edinet_growth_analysis.my_first_dbt_model: Close
[0m22:39:59.956850 [debug] [Thread-1 (]: Sending event: {'category': 'dbt', 'action': 'run_model', 'label': 'cd2dab79-6b71-4a52-aec4-c5155c3cdd5c', 'context': [<snowplow_tracker.self_describing_json.SelfDescribingJson object at 0x000002A04743B260>]}
[0m22:39:59.956850 [info ] [Thread-1 (]: 2 of 3 OK created sql table model main.my_first_dbt_model ...................... [[32mOK[0m in 0.03s]
[0m22:39:59.957856 [debug] [Thread-1 (]: Finished running node model.edinet_growth_analysis.my_first_dbt_model
[0m22:39:59.957856 [debug] [Thread-1 (]: Began running node model.edinet_growth_analysis.my_second_dbt_model
[0m22:39:59.958876 [info ] [Thread-1 (]: 3 of 3 START sql table model main.my_second_dbt_model .......................... [RUN]
[0m22:39:59.958876 [debug] [Thread-1 (]: Re-using an available connection from the pool (formerly model.edinet_growth_analysis.my_first_dbt_model, now model.edinet_growth_analysis.my_second_dbt_model)
[0m22:39:59.959857 [debug] [Thread-1 (]: Began compiling node model.edinet_growth_analysis.my_second_dbt_model
[0m22:39:59.960857 [debug] [Thread-1 (]: Writing injected SQL for node "model.edinet_growth_analysis.my_second_dbt_model"
[0m22:39:59.961856 [debug] [Thread-1 (]: Began executing node model.edinet_growth_analysis.my_second_dbt_model
[0m22:39:59.963857 [debug] [Thread-1 (]: Writing runtime sql for node "model.edinet_growth_analysis.my_second_dbt_model"
[0m22:39:59.964857 [debug] [Thread-1 (]: Using duckdb connection "model.edinet_growth_analysis.my_second_dbt_model"
[0m22:39:59.964857 [debug] [Thread-1 (]: On model.edinet_growth_analysis.my_second_dbt_model: BEGIN
[0m22:39:59.964857 [debug] [Thread-1 (]: Opening a new connection, currently in state closed
[0m22:39:59.964857 [debug] [Thread-1 (]: SQL status: OK in 0.000 seconds
[0m22:39:59.965987 [debug] [Thread-1 (]: Using duckdb connection "model.edinet_growth_analysis.my_second_dbt_model"
[0m22:39:59.965987 [debug] [Thread-1 (]: On model.edinet_growth_analysis.my_second_dbt_model: /* {"app": "dbt", "dbt_version": "1.11.12", "profile_name": "edinet_growth_analysis", "target_name": "dev", "node_id": "model.edinet_growth_analysis.my_second_dbt_model"} */

  
    
    

    create  table
      "dev"."main"."my_second_dbt_model__dbt_tmp"
  
    as (
      -- Use the `ref` function to select from other models

select *
from "dev"."main"."my_first_dbt_model"
where id = 1
    );
  
  
[0m22:39:59.966993 [debug] [Thread-1 (]: SQL status: OK in 0.000 seconds
[0m22:39:59.968995 [debug] [Thread-1 (]: Using duckdb connection "model.edinet_growth_analysis.my_second_dbt_model"
[0m22:39:59.968995 [debug] [Thread-1 (]: On model.edinet_growth_analysis.my_second_dbt_model: /* {"app": "dbt", "dbt_version": "1.11.12", "profile_name": "edinet_growth_analysis", "target_name": "dev", "node_id": "model.edinet_growth_analysis.my_second_dbt_model"} */

    SELECT index_name
    FROM duckdb_indexes()
    WHERE schema_name = 'main'
      AND table_name = 'my_second_dbt_model'
  
[0m22:39:59.969993 [debug] [Thread-1 (]: SQL status: OK in 0.000 seconds
[0m22:39:59.969993 [debug] [Thread-1 (]: Using duckdb connection "model.edinet_growth_analysis.my_second_dbt_model"
[0m22:39:59.970994 [debug] [Thread-1 (]: On model.edinet_growth_analysis.my_second_dbt_model: /* {"app": "dbt", "dbt_version": "1.11.12", "profile_name": "edinet_growth_analysis", "target_name": "dev", "node_id": "model.edinet_growth_analysis.my_second_dbt_model"} */

    SELECT COUNT(*) as remaining_indexes
    FROM duckdb_indexes()
    WHERE schema_name = 'main'
      AND table_name = 'my_second_dbt_model'
  
[0m22:39:59.970994 [debug] [Thread-1 (]: SQL status: OK in 0.000 seconds
[0m22:40:00.007045 [debug] [Thread-1 (]: Using duckdb connection "model.edinet_growth_analysis.my_second_dbt_model"
[0m22:40:00.008045 [debug] [Thread-1 (]: On model.edinet_growth_analysis.my_second_dbt_model: /* {"app": "dbt", "dbt_version": "1.11.12", "profile_name": "edinet_growth_analysis", "target_name": "dev", "node_id": "model.edinet_growth_analysis.my_second_dbt_model"} */
alter table "dev"."main"."my_second_dbt_model" rename to "my_second_dbt_model__dbt_backup"
[0m22:40:00.009050 [debug] [Thread-1 (]: SQL status: OK in 0.000 seconds
[0m22:40:00.010047 [debug] [Thread-1 (]: Using duckdb connection "model.edinet_growth_analysis.my_second_dbt_model"
[0m22:40:00.011047 [debug] [Thread-1 (]: On model.edinet_growth_analysis.my_second_dbt_model: /* {"app": "dbt", "dbt_version": "1.11.12", "profile_name": "edinet_growth_analysis", "target_name": "dev", "node_id": "model.edinet_growth_analysis.my_second_dbt_model"} */
alter table "dev"."main"."my_second_dbt_model__dbt_tmp" rename to "my_second_dbt_model"
[0m22:40:00.011047 [debug] [Thread-1 (]: SQL status: OK in 0.000 seconds
[0m22:40:00.012048 [debug] [Thread-1 (]: On model.edinet_growth_analysis.my_second_dbt_model: COMMIT
[0m22:40:00.012048 [debug] [Thread-1 (]: Using duckdb connection "model.edinet_growth_analysis.my_second_dbt_model"
[0m22:40:00.013047 [debug] [Thread-1 (]: On model.edinet_growth_analysis.my_second_dbt_model: COMMIT
[0m22:40:00.015641 [debug] [Thread-1 (]: SQL status: OK in 0.003 seconds
[0m22:40:00.016612 [debug] [Thread-1 (]: Using duckdb connection "model.edinet_growth_analysis.my_second_dbt_model"
[0m22:40:00.017617 [debug] [Thread-1 (]: On model.edinet_growth_analysis.my_second_dbt_model: /* {"app": "dbt", "dbt_version": "1.11.12", "profile_name": "edinet_growth_analysis", "target_name": "dev", "node_id": "model.edinet_growth_analysis.my_second_dbt_model"} */

      drop table if exists "dev"."main"."my_second_dbt_model__dbt_backup" cascade
    
[0m22:40:00.019633 [debug] [Thread-1 (]: SQL status: OK in 0.003 seconds
[0m22:40:00.020617 [debug] [Thread-1 (]: On model.edinet_growth_analysis.my_second_dbt_model: Close
[0m22:40:00.021618 [debug] [Thread-1 (]: Sending event: {'category': 'dbt', 'action': 'run_model', 'label': 'cd2dab79-6b71-4a52-aec4-c5155c3cdd5c', 'context': [<snowplow_tracker.self_describing_json.SelfDescribingJson object at 0x000002A04759BDA0>]}
[0m22:40:00.021618 [info ] [Thread-1 (]: 3 of 3 OK created sql table model main.my_second_dbt_model ..................... [[32mOK[0m in 0.06s]
[0m22:40:00.024619 [debug] [Thread-1 (]: Finished running node model.edinet_growth_analysis.my_second_dbt_model
[0m22:40:00.024619 [debug] [MainThread]: Using duckdb connection "master"
[0m22:40:00.024619 [debug] [MainThread]: On master: BEGIN
[0m22:40:00.026012 [debug] [MainThread]: Opening a new connection, currently in state closed
[0m22:40:00.026012 [debug] [MainThread]: SQL status: OK in 0.000 seconds
[0m22:40:00.026012 [debug] [MainThread]: On master: COMMIT
[0m22:40:00.027018 [debug] [MainThread]: Using duckdb connection "master"
[0m22:40:00.027018 [debug] [MainThread]: On master: COMMIT
[0m22:40:00.027018 [debug] [MainThread]: SQL status: OK in 0.000 seconds
[0m22:40:00.027018 [debug] [MainThread]: On master: Close
[0m22:40:00.028018 [debug] [MainThread]: Connection 'master' was properly closed.
[0m22:40:00.028018 [debug] [MainThread]: Connection 'create_dev_main' was properly closed.
[0m22:40:00.028018 [debug] [MainThread]: Connection 'list_dev_main' was properly closed.
[0m22:40:00.028018 [debug] [MainThread]: Connection 'model.edinet_growth_analysis.my_second_dbt_model' was properly closed.
[0m22:40:00.029018 [info ] [MainThread]: 
[0m22:40:00.030071 [info ] [MainThread]: Finished running 3 table models in 0 hours 0 minutes and 0.26 seconds (0.26s).
[0m22:40:00.034018 [debug] [MainThread]: Command end result
[0m22:40:00.050046 [debug] [MainThread]: Wrote artifact WritableManifest to C:\Users\nekoa\project_2026\kayleet_scherbel_project_2026\edinet_growth_analysis\target\manifest.json
[0m22:40:00.052048 [debug] [MainThread]: Wrote artifact SemanticManifest to C:\Users\nekoa\project_2026\kayleet_scherbel_project_2026\edinet_growth_analysis\target\semantic_manifest.json
[0m22:40:00.055561 [debug] [MainThread]: Wrote artifact RunExecutionResult to C:\Users\nekoa\project_2026\kayleet_scherbel_project_2026\edinet_growth_analysis\target\run_results.json
[0m22:40:00.055561 [info ] [MainThread]: 
[0m22:40:00.057065 [info ] [MainThread]: [32mCompleted successfully[0m
[0m22:40:00.058070 [info ] [MainThread]: 
[0m22:40:00.060069 [info ] [MainThread]: Done. PASS=3 WARN=0 ERROR=0 SKIP=0 NO-OP=0 TOTAL=3
[0m22:40:00.062071 [debug] [MainThread]: Command `dbt run` succeeded at 22:40:00.062071 after 0.91 seconds
[0m22:40:00.062071 [debug] [MainThread]: Sending event: {'category': 'dbt', 'action': 'invocation', 'label': 'end', 'context': [<snowplow_tracker.self_describing_json.SelfDescribingJson object at 0x000002A044723D70>, <snowplow_tracker.self_describing_json.SelfDescribingJson object at 0x000002A046F124B0>, <snowplow_tracker.self_describing_json.SelfDescribingJson object at 0x000002A046F12870>]}
[0m22:40:00.062071 [debug] [MainThread]: Flushing usage events
[0m22:40:01.041794 [debug] [MainThread]: An error was encountered while trying to flush usage events
[0m22:46:01.941916 [debug] [MainThread]: Sending event: {'category': 'dbt', 'action': 'invocation', 'label': 'start', 'context': [<snowplow_tracker.self_describing_json.SelfDescribingJson object at 0x000002175E03A090>, <snowplow_tracker.self_describing_json.SelfDescribingJson object at 0x000002175EA1B980>, <snowplow_tracker.self_describing_json.SelfDescribingJson object at 0x000002175E8D1FD0>]}


============================== 22:46:01.943919 | 1f4294fb-a025-425e-b54d-199480b9bffd ==============================
[0m22:46:01.943919 [info ] [MainThread]: Running with dbt=1.11.12
[0m22:46:01.946921 [debug] [MainThread]: running dbt with arguments {'static_parser': 'True', 'no_print': 'None', 'version_check': 'True', 'warn_error_options': 'WarnErrorOptionsV2(error=[], warn=[], silence=[])', 'target_path': 'None', 'printer_width': '80', 'write_json': 'True', 'introspect': 'True', 'log_cache_events': 'False', 'empty': 'None', 'cache_selected_only': 'False', 'fail_fast': 'False', 'debug': 'False', 'log_format': 'default', 'profiles_dir': 'C:\\Users\\nekoa\\.dbt', 'send_anonymous_usage_stats': 'True', 'quiet': 'False', 'warn_error': 'None', 'partial_parse': 'True', 'use_colors': 'True', 'invocation_command': 'dbt clean', 'indirect_selection': 'eager', 'use_experimental_parser': 'False', 'log_path': 'C:\\Users\\nekoa\\project_2026\\kayleet_scherbel_project_2026\\edinet_growth_analysis\\logs'}
[0m22:46:01.948415 [warn ] [MainThread]: [[33mWARNING[0m][CustomKeyInConfigDeprecation]: Deprecated functionality
Custom key `+format` found in `config` at path `edinet_growth_analysis.+format`
in file `C:\Users\nekoa\project_2026\kayleet_scherbel_project_2026\edinet_growth
_analysis\dbt_project.yml`. Custom config keys should move into the
`config.meta`.
[0m22:46:01.949428 [debug] [MainThread]: Sending event: {'category': 'dbt', 'action': 'deprecation', 'label': '1f4294fb-a025-425e-b54d-199480b9bffd', 'property_': 'warn', 'context': [<snowplow_tracker.self_describing_json.SelfDescribingJson object at 0x000002175E858CB0>]}
[0m22:46:02.030161 [debug] [MainThread]: Sending event: {'category': 'dbt', 'action': 'project_id', 'label': '1f4294fb-a025-425e-b54d-199480b9bffd', 'context': [<snowplow_tracker.self_describing_json.SelfDescribingJson object at 0x000002176039CA40>]}
[0m22:46:02.046706 [warn ] [MainThread]: [[33mWARNING[0m][DeprecationsSummary]: Deprecated functionality
Summary of encountered deprecations:
- CustomKeyInConfigDeprecation: 2 occurrences
To see all deprecation instances instead of just the first occurrence of each,
run command again with the `--show-all-deprecations` flag. You may also need to
run with `--no-partial-parse` as some deprecations are only encountered during
parsing.
[0m22:46:02.048216 [debug] [MainThread]: Command `dbt clean` succeeded at 22:46:02.048216 after 0.31 seconds
[0m22:46:02.048216 [debug] [MainThread]: Sending event: {'category': 'dbt', 'action': 'invocation', 'label': 'end', 'context': [<snowplow_tracker.self_describing_json.SelfDescribingJson object at 0x000002175B645E50>, <snowplow_tracker.self_describing_json.SelfDescribingJson object at 0x00000217603D9D60>, <snowplow_tracker.self_describing_json.SelfDescribingJson object at 0x000002176039CA40>]}
[0m22:46:02.048216 [debug] [MainThread]: Flushing usage events
[0m22:46:03.060747 [debug] [MainThread]: An error was encountered while trying to flush usage events
[0m22:46:07.020220 [debug] [MainThread]: Sending event: {'category': 'dbt', 'action': 'invocation', 'label': 'start', 'context': [<snowplow_tracker.self_describing_json.SelfDescribingJson object at 0x0000027EEB18ADE0>, <snowplow_tracker.self_describing_json.SelfDescribingJson object at 0x0000027EEAB50F50>, <snowplow_tracker.self_describing_json.SelfDescribingJson object at 0x0000027EEB1B1130>]}


============================== 22:46:07.023221 | ac30bd87-c377-4fb1-9ad7-44bcfb16b94e ==============================
[0m22:46:07.023221 [info ] [MainThread]: Running with dbt=1.11.12
[0m22:46:07.025239 [debug] [MainThread]: running dbt with arguments {'static_parser': 'True', 'no_print': 'None', 'version_check': 'True', 'warn_error_options': 'WarnErrorOptionsV2(error=[], warn=[], silence=[])', 'target_path': 'None', 'printer_width': '80', 'write_json': 'True', 'empty': 'None', 'log_cache_events': 'False', 'introspect': 'True', 'cache_selected_only': 'False', 'log_format': 'default', 'debug': 'False', 'fail_fast': 'False', 'partial_parse': 'True', 'send_anonymous_usage_stats': 'True', 'quiet': 'False', 'warn_error': 'None', 'profiles_dir': 'C:\\Users\\nekoa\\.dbt', 'use_colors': 'True', 'invocation_command': 'dbt seed', 'indirect_selection': 'eager', 'use_experimental_parser': 'False', 'log_path': 'C:\\Users\\nekoa\\project_2026\\kayleet_scherbel_project_2026\\edinet_growth_analysis\\logs'}
[0m22:46:07.172992 [debug] [MainThread]: Sending event: {'category': 'dbt', 'action': 'project_id', 'label': 'ac30bd87-c377-4fb1-9ad7-44bcfb16b94e', 'context': [<snowplow_tracker.self_describing_json.SelfDescribingJson object at 0x0000027EE853EDE0>]}
[0m22:46:07.214642 [debug] [MainThread]: Sending event: {'category': 'dbt', 'action': 'adapter_info', 'label': 'ac30bd87-c377-4fb1-9ad7-44bcfb16b94e', 'context': [<snowplow_tracker.self_describing_json.SelfDescribingJson object at 0x0000027EEB00E750>]}
[0m22:46:07.216658 [info ] [MainThread]: Registered adapter: duckdb=1.10.1
[0m22:46:07.357700 [debug] [MainThread]: checksum: f368f5348cf42803b94ef7fb8257ecf3bf9a9a16dd9c8c51fe5172f2dbeb457f, vars: {}, profile: , target: , version: 1.11.12
[0m22:46:07.357700 [info ] [MainThread]: Unable to do partial parsing because saved manifest not found. Starting full parse.
[0m22:46:07.359295 [debug] [MainThread]: Sending event: {'category': 'dbt', 'action': 'partial_parser', 'label': 'ac30bd87-c377-4fb1-9ad7-44bcfb16b94e', 'context': [<snowplow_tracker.self_describing_json.SelfDescribingJson object at 0x0000027EED0747A0>]}
[0m22:46:08.231630 [debug] [MainThread]: Sending event: {'category': 'dbt', 'action': 'load_project', 'label': 'ac30bd87-c377-4fb1-9ad7-44bcfb16b94e', 'context': [<snowplow_tracker.self_describing_json.SelfDescribingJson object at 0x0000027EED723770>]}
[0m22:46:08.284102 [debug] [MainThread]: Wrote artifact WritableManifest to C:\Users\nekoa\project_2026\kayleet_scherbel_project_2026\edinet_growth_analysis\target\manifest.json
[0m22:46:08.286178 [debug] [MainThread]: Wrote artifact SemanticManifest to C:\Users\nekoa\project_2026\kayleet_scherbel_project_2026\edinet_growth_analysis\target\semantic_manifest.json
[0m22:46:08.293690 [debug] [MainThread]: Sending event: {'category': 'dbt', 'action': 'resource_counts', 'label': 'ac30bd87-c377-4fb1-9ad7-44bcfb16b94e', 'context': [<snowplow_tracker.self_describing_json.SelfDescribingJson object at 0x0000027EED73C6E0>]}
[0m22:46:08.293690 [info ] [MainThread]: Found 3 models, 1 seed, 4 data tests, 485 macros
[0m22:46:08.295655 [debug] [MainThread]: Sending event: {'category': 'dbt', 'action': 'runnable_timing', 'label': 'ac30bd87-c377-4fb1-9ad7-44bcfb16b94e', 'context': [<snowplow_tracker.self_describing_json.SelfDescribingJson object at 0x0000027EED6BB140>]}
[0m22:46:08.296636 [info ] [MainThread]: 
[0m22:46:08.298141 [info ] [MainThread]: Concurrency: 1 threads (target='dev')
[0m22:46:08.299689 [info ] [MainThread]: 
[0m22:46:08.301742 [debug] [MainThread]: Acquiring new duckdb connection 'master'
[0m22:46:08.305700 [debug] [ThreadPool]: Acquiring new duckdb connection 'list_dev'
[0m22:46:08.345528 [debug] [ThreadPool]: Using duckdb connection "list_dev"
[0m22:46:08.345528 [debug] [ThreadPool]: On list_dev: /* {"app": "dbt", "dbt_version": "1.11.12", "profile_name": "edinet_growth_analysis", "target_name": "dev", "connection_name": "list_dev"} */

    
    select schema_name
    from system.information_schema.schemata
    
    where lower(catalog_name) = '"dev"'
    
  
  
[0m22:46:08.346528 [debug] [ThreadPool]: Opening a new connection, currently in state init
[0m22:46:08.358110 [debug] [ThreadPool]: SQL status: OK in 0.013 seconds
[0m22:46:08.359614 [debug] [ThreadPool]: On list_dev: Close
[0m22:46:08.360630 [debug] [ThreadPool]: Re-using an available connection from the pool (formerly list_dev, now create_dev_main)
[0m22:46:08.361620 [debug] [ThreadPool]: Creating schema "database: "dev"
schema: "main"
"
[0m22:46:08.365620 [debug] [ThreadPool]: Using duckdb connection "create_dev_main"
[0m22:46:08.365620 [debug] [ThreadPool]: On create_dev_main: /* {"app": "dbt", "dbt_version": "1.11.12", "profile_name": "edinet_growth_analysis", "target_name": "dev", "connection_name": "create_dev_main"} */

    
        select type from duckdb_databases()
        where lower(database_name)='dev'
        and type='sqlite'
    
  
[0m22:46:08.365620 [debug] [ThreadPool]: Opening a new connection, currently in state closed
[0m22:46:08.366620 [debug] [ThreadPool]: SQL status: OK in 0.001 seconds
[0m22:46:08.367620 [debug] [ThreadPool]: Using duckdb connection "create_dev_main"
[0m22:46:08.367620 [debug] [ThreadPool]: On create_dev_main: BEGIN
[0m22:46:08.368633 [debug] [ThreadPool]: SQL status: OK in 0.000 seconds
[0m22:46:08.368633 [debug] [ThreadPool]: Using duckdb connection "create_dev_main"
[0m22:46:08.368633 [debug] [ThreadPool]: On create_dev_main: /* {"app": "dbt", "dbt_version": "1.11.12", "profile_name": "edinet_growth_analysis", "target_name": "dev", "connection_name": "create_dev_main"} */

    
    
        create schema if not exists "dev"."main"
    
[0m22:46:08.369621 [debug] [ThreadPool]: SQL status: OK in 0.000 seconds
[0m22:46:08.369621 [debug] [ThreadPool]: On create_dev_main: COMMIT
[0m22:46:08.369621 [debug] [ThreadPool]: Using duckdb connection "create_dev_main"
[0m22:46:08.369621 [debug] [ThreadPool]: On create_dev_main: COMMIT
[0m22:46:08.369621 [debug] [ThreadPool]: SQL status: OK in 0.000 seconds
[0m22:46:08.371079 [debug] [ThreadPool]: On create_dev_main: Close
[0m22:46:08.374081 [debug] [ThreadPool]: Acquiring new duckdb connection 'list_dev_main'
[0m22:46:08.378081 [debug] [ThreadPool]: Using duckdb connection "list_dev_main"
[0m22:46:08.378081 [debug] [ThreadPool]: On list_dev_main: BEGIN
[0m22:46:08.378081 [debug] [ThreadPool]: Opening a new connection, currently in state init
[0m22:46:08.378081 [debug] [ThreadPool]: SQL status: OK in 0.000 seconds
[0m22:46:08.379586 [debug] [ThreadPool]: Using duckdb connection "list_dev_main"
[0m22:46:08.379586 [debug] [ThreadPool]: On list_dev_main: /* {"app": "dbt", "dbt_version": "1.11.12", "profile_name": "edinet_growth_analysis", "target_name": "dev", "connection_name": "list_dev_main"} */
select
      'dev' as database,
      table_name as name,
      table_schema as schema,
      CASE table_type
        WHEN 'BASE TABLE' THEN 'table'
        WHEN 'VIEW' THEN 'view'
        WHEN 'LOCAL TEMPORARY' THEN 'table'
        END as type
    from system.information_schema.tables
    where lower(table_schema) = 'main'
    and lower(table_catalog) = 'dev'
  
[0m22:46:08.381592 [debug] [ThreadPool]: SQL status: OK in 0.002 seconds
[0m22:46:08.382594 [debug] [ThreadPool]: On list_dev_main: ROLLBACK
[0m22:46:08.383637 [debug] [ThreadPool]: Failed to rollback 'list_dev_main'
[0m22:46:08.383637 [debug] [ThreadPool]: On list_dev_main: Close
[0m22:46:08.384706 [debug] [MainThread]: Sending event: {'category': 'dbt', 'action': 'runnable_timing', 'label': 'ac30bd87-c377-4fb1-9ad7-44bcfb16b94e', 'context': [<snowplow_tracker.self_describing_json.SelfDescribingJson object at 0x0000027EED7235F0>]}
[0m22:46:08.384706 [debug] [MainThread]: Using duckdb connection "master"
[0m22:46:08.384706 [debug] [MainThread]: On master: BEGIN
[0m22:46:08.385640 [debug] [MainThread]: Opening a new connection, currently in state init
[0m22:46:08.385640 [debug] [MainThread]: SQL status: OK in 0.000 seconds
[0m22:46:08.385640 [debug] [MainThread]: On master: COMMIT
[0m22:46:08.385640 [debug] [MainThread]: Using duckdb connection "master"
[0m22:46:08.386625 [debug] [MainThread]: On master: COMMIT
[0m22:46:08.386625 [debug] [MainThread]: SQL status: OK in 0.000 seconds
[0m22:46:08.387597 [debug] [MainThread]: On master: Close
[0m22:46:08.395255 [debug] [Thread-1 (]: Began running node seed.edinet_growth_analysis.net_value_clients
[0m22:46:08.396178 [info ] [Thread-1 (]: 1 of 1 START seed file main.net_value_clients .................................. [RUN]
[0m22:46:08.397295 [debug] [Thread-1 (]: Acquiring new duckdb connection 'seed.edinet_growth_analysis.net_value_clients'
[0m22:46:08.398178 [debug] [Thread-1 (]: Began compiling node seed.edinet_growth_analysis.net_value_clients
[0m22:46:08.398178 [debug] [Thread-1 (]: Began executing node seed.edinet_growth_analysis.net_value_clients
[0m22:46:08.413218 [debug] [Thread-1 (]: Using duckdb connection "seed.edinet_growth_analysis.net_value_clients"
[0m22:46:08.413218 [debug] [Thread-1 (]: On seed.edinet_growth_analysis.net_value_clients: BEGIN
[0m22:46:08.414254 [debug] [Thread-1 (]: Opening a new connection, currently in state init
[0m22:46:08.414254 [debug] [Thread-1 (]: SQL status: OK in 0.001 seconds
[0m22:46:08.415215 [debug] [Thread-1 (]: Using duckdb connection "seed.edinet_growth_analysis.net_value_clients"
[0m22:46:08.415215 [debug] [Thread-1 (]: On seed.edinet_growth_analysis.net_value_clients: /* {"app": "dbt", "dbt_version": "1.11.12", "profile_name": "edinet_growth_analysis", "target_name": "dev", "node_id": "seed.edinet_growth_analysis.net_value_clients"} */

    create table "dev"."main"."net_value_clients" ("company" text,"doc_id" text,"relative_year" text,"net_sales_yen" bigint)
  
[0m22:46:08.416215 [debug] [Thread-1 (]: SQL status: OK in 0.000 seconds
[0m22:46:08.421907 [debug] [Thread-1 (]: Using duckdb connection "seed.edinet_growth_analysis.net_value_clients"
[0m22:46:08.421907 [debug] [Thread-1 (]: On seed.edinet_growth_analysis.net_value_clients: 
          COPY "dev"."main"."net_value_clients" FROM 'C:\Users\nekoa\project_2026\kayleet_scherbel_project_2026\edinet_growth_analysis\seeds\net_value_clients.csv' (FORMAT CSV, HEADER TRUE, DELIMITER ',')
        ...
[0m22:46:08.425861 [debug] [Thread-1 (]: SQL status: OK in 0.004 seconds
[0m22:46:08.429367 [debug] [Thread-1 (]: Writing runtime SQL for node "seed.edinet_growth_analysis.net_value_clients"
[0m22:46:08.439378 [debug] [Thread-1 (]: On seed.edinet_growth_analysis.net_value_clients: COMMIT
[0m22:46:08.439888 [debug] [Thread-1 (]: Using duckdb connection "seed.edinet_growth_analysis.net_value_clients"
[0m22:46:08.439888 [debug] [Thread-1 (]: On seed.edinet_growth_analysis.net_value_clients: COMMIT
[0m22:46:08.442983 [debug] [Thread-1 (]: SQL status: OK in 0.003 seconds
[0m22:46:08.443896 [debug] [Thread-1 (]: On seed.edinet_growth_analysis.net_value_clients: Close
[0m22:46:08.445894 [debug] [Thread-1 (]: Sending event: {'category': 'dbt', 'action': 'run_model', 'label': 'ac30bd87-c377-4fb1-9ad7-44bcfb16b94e', 'context': [<snowplow_tracker.self_describing_json.SelfDescribingJson object at 0x0000027EE853DE80>]}
[0m22:46:08.445894 [info ] [Thread-1 (]: 1 of 1 OK loaded seed file main.net_value_clients .............................. [[32mINSERT 45[0m in 0.05s]
[0m22:46:08.446999 [debug] [Thread-1 (]: Finished running node seed.edinet_growth_analysis.net_value_clients
[0m22:46:08.447895 [debug] [MainThread]: Using duckdb connection "master"
[0m22:46:08.447895 [debug] [MainThread]: On master: BEGIN
[0m22:46:08.447895 [debug] [MainThread]: Opening a new connection, currently in state closed
[0m22:46:08.449402 [debug] [MainThread]: SQL status: OK in 0.000 seconds
[0m22:46:08.449402 [debug] [MainThread]: On master: COMMIT
[0m22:46:08.449402 [debug] [MainThread]: Using duckdb connection "master"
[0m22:46:08.449402 [debug] [MainThread]: On master: COMMIT
[0m22:46:08.450411 [debug] [MainThread]: SQL status: OK in 0.000 seconds
[0m22:46:08.450411 [debug] [MainThread]: On master: Close
[0m22:46:08.450411 [debug] [MainThread]: Connection 'master' was properly closed.
[0m22:46:08.450411 [debug] [MainThread]: Connection 'create_dev_main' was properly closed.
[0m22:46:08.451415 [debug] [MainThread]: Connection 'list_dev_main' was properly closed.
[0m22:46:08.451415 [debug] [MainThread]: Connection 'seed.edinet_growth_analysis.net_value_clients' was properly closed.
[0m22:46:08.451415 [info ] [MainThread]: 
[0m22:46:08.453469 [info ] [MainThread]: Finished running 1 seed in 0 hours 0 minutes and 0.15 seconds (0.15s).
[0m22:46:08.454662 [debug] [MainThread]: Command end result
[0m22:46:08.471459 [debug] [MainThread]: Wrote artifact WritableManifest to C:\Users\nekoa\project_2026\kayleet_scherbel_project_2026\edinet_growth_analysis\target\manifest.json
[0m22:46:08.472464 [debug] [MainThread]: Wrote artifact SemanticManifest to C:\Users\nekoa\project_2026\kayleet_scherbel_project_2026\edinet_growth_analysis\target\semantic_manifest.json
[0m22:46:08.476461 [debug] [MainThread]: Wrote artifact RunExecutionResult to C:\Users\nekoa\project_2026\kayleet_scherbel_project_2026\edinet_growth_analysis\target\run_results.json
[0m22:46:08.477461 [info ] [MainThread]: 
[0m22:46:08.477461 [info ] [MainThread]: [32mCompleted successfully[0m
[0m22:46:08.478466 [info ] [MainThread]: 
[0m22:46:08.479463 [info ] [MainThread]: Done. PASS=1 WARN=0 ERROR=0 SKIP=0 NO-OP=0 TOTAL=1
[0m22:46:08.481995 [debug] [MainThread]: Command `dbt seed` succeeded at 22:46:08.481995 after 1.58 seconds
[0m22:46:08.483002 [debug] [MainThread]: Sending event: {'category': 'dbt', 'action': 'invocation', 'label': 'end', 'context': [<snowplow_tracker.self_describing_json.SelfDescribingJson object at 0x0000027EEC799FA0>, <snowplow_tracker.self_describing_json.SelfDescribingJson object at 0x0000027EED57C6E0>, <snowplow_tracker.self_describing_json.SelfDescribingJson object at 0x0000027EEB705460>]}
[0m22:46:08.483002 [debug] [MainThread]: Flushing usage events
[0m22:46:09.472482 [debug] [MainThread]: An error was encountered while trying to flush usage events
[0m22:46:13.366152 [debug] [MainThread]: Sending event: {'category': 'dbt', 'action': 'invocation', 'label': 'start', 'context': [<snowplow_tracker.self_describing_json.SelfDescribingJson object at 0x000001888D080530>, <snowplow_tracker.self_describing_json.SelfDescribingJson object at 0x000001888CB6C680>, <snowplow_tracker.self_describing_json.SelfDescribingJson object at 0x000001888CE9B1A0>]}


============================== 22:46:13.369176 | db56c29b-6474-495c-849c-782b41443602 ==============================
[0m22:46:13.369176 [info ] [MainThread]: Running with dbt=1.11.12
[0m22:46:13.371723 [debug] [MainThread]: running dbt with arguments {'static_parser': 'True', 'no_print': 'None', 'version_check': 'True', 'target_path': 'None', 'warn_error_options': 'WarnErrorOptionsV2(error=[], warn=[], silence=[])', 'printer_width': '80', 'write_json': 'True', 'introspect': 'True', 'log_cache_events': 'False', 'empty': 'False', 'cache_selected_only': 'False', 'fail_fast': 'False', 'debug': 'False', 'log_format': 'default', 'partial_parse': 'True', 'send_anonymous_usage_stats': 'True', 'quiet': 'False', 'warn_error': 'None', 'profiles_dir': 'C:\\Users\\nekoa\\.dbt', 'use_colors': 'True', 'indirect_selection': 'eager', 'invocation_command': 'dbt run', 'use_experimental_parser': 'False', 'log_path': 'C:\\Users\\nekoa\\project_2026\\kayleet_scherbel_project_2026\\edinet_growth_analysis\\logs'}
[0m22:46:13.516616 [debug] [MainThread]: Sending event: {'category': 'dbt', 'action': 'project_id', 'label': 'db56c29b-6474-495c-849c-782b41443602', 'context': [<snowplow_tracker.self_describing_json.SelfDescribingJson object at 0x000001888C9625A0>]}
[0m22:46:13.556899 [debug] [MainThread]: Sending event: {'category': 'dbt', 'action': 'adapter_info', 'label': 'db56c29b-6474-495c-849c-782b41443602', 'context': [<snowplow_tracker.self_describing_json.SelfDescribingJson object at 0x000001888D4F4500>]}
[0m22:46:13.558974 [info ] [MainThread]: Registered adapter: duckdb=1.10.1
[0m22:46:13.699182 [debug] [MainThread]: checksum: f368f5348cf42803b94ef7fb8257ecf3bf9a9a16dd9c8c51fe5172f2dbeb457f, vars: {}, profile: , target: , version: 1.11.12
[0m22:46:13.782525 [debug] [MainThread]: Partial parsing enabled: 0 files deleted, 0 files added, 0 files changed.
[0m22:46:13.782525 [debug] [MainThread]: Nothing changed, skipping partial parsing.
[0m22:46:13.782525 [debug] [MainThread]: Partial parsing enabled, no changes found, skipping parsing
[0m22:46:13.811710 [debug] [MainThread]: Sending event: {'category': 'dbt', 'action': 'load_project', 'label': 'db56c29b-6474-495c-849c-782b41443602', 'context': [<snowplow_tracker.self_describing_json.SelfDescribingJson object at 0x000001888E912D20>]}
[0m22:46:13.861271 [debug] [MainThread]: Wrote artifact WritableManifest to C:\Users\nekoa\project_2026\kayleet_scherbel_project_2026\edinet_growth_analysis\target\manifest.json
[0m22:46:13.863276 [debug] [MainThread]: Wrote artifact SemanticManifest to C:\Users\nekoa\project_2026\kayleet_scherbel_project_2026\edinet_growth_analysis\target\semantic_manifest.json
[0m22:46:13.869283 [debug] [MainThread]: Sending event: {'category': 'dbt', 'action': 'resource_counts', 'label': 'db56c29b-6474-495c-849c-782b41443602', 'context': [<snowplow_tracker.self_describing_json.SelfDescribingJson object at 0x000001888F121580>]}
[0m22:46:13.870792 [info ] [MainThread]: Found 3 models, 1 seed, 4 data tests, 485 macros
[0m22:46:13.872821 [debug] [MainThread]: Sending event: {'category': 'dbt', 'action': 'runnable_timing', 'label': 'db56c29b-6474-495c-849c-782b41443602', 'context': [<snowplow_tracker.self_describing_json.SelfDescribingJson object at 0x000001888F31F0E0>]}
[0m22:46:13.873800 [info ] [MainThread]: 
[0m22:46:13.874800 [info ] [MainThread]: Concurrency: 1 threads (target='dev')
[0m22:46:13.876800 [info ] [MainThread]: 
[0m22:46:13.877857 [debug] [MainThread]: Acquiring new duckdb connection 'master'
[0m22:46:13.883424 [debug] [ThreadPool]: Acquiring new duckdb connection 'list_dev'
[0m22:46:13.922997 [debug] [ThreadPool]: Using duckdb connection "list_dev"
[0m22:46:13.922997 [debug] [ThreadPool]: On list_dev: /* {"app": "dbt", "dbt_version": "1.11.12", "profile_name": "edinet_growth_analysis", "target_name": "dev", "connection_name": "list_dev"} */

    
    select schema_name
    from system.information_schema.schemata
    
    where lower(catalog_name) = '"dev"'
    
  
  
[0m22:46:13.923998 [debug] [ThreadPool]: Opening a new connection, currently in state init
[0m22:46:13.934510 [debug] [ThreadPool]: SQL status: OK in 0.011 seconds
[0m22:46:13.935511 [debug] [ThreadPool]: On list_dev: Close
[0m22:46:13.936532 [debug] [ThreadPool]: Re-using an available connection from the pool (formerly list_dev, now create_dev_main)
[0m22:46:13.936532 [debug] [ThreadPool]: Creating schema "database: "dev"
schema: "main"
"
[0m22:46:13.941022 [debug] [ThreadPool]: Using duckdb connection "create_dev_main"
[0m22:46:13.941022 [debug] [ThreadPool]: On create_dev_main: /* {"app": "dbt", "dbt_version": "1.11.12", "profile_name": "edinet_growth_analysis", "target_name": "dev", "connection_name": "create_dev_main"} */

    
        select type from duckdb_databases()
        where lower(database_name)='dev'
        and type='sqlite'
    
  
[0m22:46:13.942026 [debug] [ThreadPool]: Opening a new connection, currently in state closed
[0m22:46:13.943032 [debug] [ThreadPool]: SQL status: OK in 0.001 seconds
[0m22:46:13.943032 [debug] [ThreadPool]: Using duckdb connection "create_dev_main"
[0m22:46:13.944029 [debug] [ThreadPool]: On create_dev_main: BEGIN
[0m22:46:13.944029 [debug] [ThreadPool]: SQL status: OK in 0.000 seconds
[0m22:46:13.944029 [debug] [ThreadPool]: Using duckdb connection "create_dev_main"
[0m22:46:13.945029 [debug] [ThreadPool]: On create_dev_main: /* {"app": "dbt", "dbt_version": "1.11.12", "profile_name": "edinet_growth_analysis", "target_name": "dev", "connection_name": "create_dev_main"} */

    
    
        create schema if not exists "dev"."main"
    
[0m22:46:13.945029 [debug] [ThreadPool]: SQL status: OK in 0.000 seconds
[0m22:46:13.946030 [debug] [ThreadPool]: On create_dev_main: COMMIT
[0m22:46:13.946030 [debug] [ThreadPool]: Using duckdb connection "create_dev_main"
[0m22:46:13.946030 [debug] [ThreadPool]: On create_dev_main: COMMIT
[0m22:46:13.947030 [debug] [ThreadPool]: SQL status: OK in 0.000 seconds
[0m22:46:13.947030 [debug] [ThreadPool]: On create_dev_main: Close
[0m22:46:13.949063 [debug] [ThreadPool]: Acquiring new duckdb connection 'list_dev_main'
[0m22:46:13.952587 [debug] [ThreadPool]: Using duckdb connection "list_dev_main"
[0m22:46:13.952587 [debug] [ThreadPool]: On list_dev_main: BEGIN
[0m22:46:13.952587 [debug] [ThreadPool]: Opening a new connection, currently in state init
[0m22:46:13.953587 [debug] [ThreadPool]: SQL status: OK in 0.000 seconds
[0m22:46:13.953587 [debug] [ThreadPool]: Using duckdb connection "list_dev_main"
[0m22:46:13.953587 [debug] [ThreadPool]: On list_dev_main: /* {"app": "dbt", "dbt_version": "1.11.12", "profile_name": "edinet_growth_analysis", "target_name": "dev", "connection_name": "list_dev_main"} */
select
      'dev' as database,
      table_name as name,
      table_schema as schema,
      CASE table_type
        WHEN 'BASE TABLE' THEN 'table'
        WHEN 'VIEW' THEN 'view'
        WHEN 'LOCAL TEMPORARY' THEN 'table'
        END as type
    from system.information_schema.tables
    where lower(table_schema) = 'main'
    and lower(table_catalog) = 'dev'
  
[0m22:46:13.956631 [debug] [ThreadPool]: SQL status: OK in 0.003 seconds
[0m22:46:13.957596 [debug] [ThreadPool]: On list_dev_main: ROLLBACK
[0m22:46:13.958588 [debug] [ThreadPool]: Failed to rollback 'list_dev_main'
[0m22:46:13.958588 [debug] [ThreadPool]: On list_dev_main: Close
[0m22:46:13.959589 [debug] [MainThread]: Sending event: {'category': 'dbt', 'action': 'runnable_timing', 'label': 'db56c29b-6474-495c-849c-782b41443602', 'context': [<snowplow_tracker.self_describing_json.SelfDescribingJson object at 0x000001888EF66420>]}
[0m22:46:13.959589 [debug] [MainThread]: Using duckdb connection "master"
[0m22:46:13.959589 [debug] [MainThread]: On master: BEGIN
[0m22:46:13.960588 [debug] [MainThread]: Opening a new connection, currently in state init
[0m22:46:13.960588 [debug] [MainThread]: SQL status: OK in 0.000 seconds
[0m22:46:13.961100 [debug] [MainThread]: On master: COMMIT
[0m22:46:13.961100 [debug] [MainThread]: Using duckdb connection "master"
[0m22:46:13.961100 [debug] [MainThread]: On master: COMMIT
[0m22:46:13.961100 [debug] [MainThread]: SQL status: OK in 0.000 seconds
[0m22:46:13.962106 [debug] [MainThread]: On master: Close
[0m22:46:13.967105 [debug] [Thread-1 (]: Began running node model.edinet_growth_analysis.growth_rate_overEqual40
[0m22:46:13.968107 [info ] [Thread-1 (]: 1 of 3 START sql table model main.growth_rate_overEqual40 ...................... [RUN]
[0m22:46:13.969147 [debug] [Thread-1 (]: Acquiring new duckdb connection 'model.edinet_growth_analysis.growth_rate_overEqual40'
[0m22:46:13.969147 [debug] [Thread-1 (]: Began compiling node model.edinet_growth_analysis.growth_rate_overEqual40
[0m22:46:13.973670 [debug] [Thread-1 (]: Writing injected SQL for node "model.edinet_growth_analysis.growth_rate_overEqual40"
[0m22:46:13.975670 [debug] [Thread-1 (]: Began executing node model.edinet_growth_analysis.growth_rate_overEqual40
[0m22:46:13.993739 [debug] [Thread-1 (]: Writing runtime sql for node "model.edinet_growth_analysis.growth_rate_overEqual40"
[0m22:46:13.994741 [debug] [Thread-1 (]: Using duckdb connection "model.edinet_growth_analysis.growth_rate_overEqual40"
[0m22:46:13.995739 [debug] [Thread-1 (]: On model.edinet_growth_analysis.growth_rate_overEqual40: BEGIN
[0m22:46:13.995739 [debug] [Thread-1 (]: Opening a new connection, currently in state init
[0m22:46:13.996738 [debug] [Thread-1 (]: SQL status: OK in 0.001 seconds
[0m22:46:13.996738 [debug] [Thread-1 (]: Using duckdb connection "model.edinet_growth_analysis.growth_rate_overEqual40"
[0m22:46:13.996738 [debug] [Thread-1 (]: On model.edinet_growth_analysis.growth_rate_overEqual40: /* {"app": "dbt", "dbt_version": "1.11.12", "profile_name": "edinet_growth_analysis", "target_name": "dev", "node_id": "model.edinet_growth_analysis.growth_rate_overEqual40"} */

  
    
    

    create  table
      "dev"."main"."growth_rate_overEqual40__dbt_tmp"
  
    as (
      WITH clients AS (
    PIVOT "dev"."main"."net_value_clients"
    ON relative_year
    USING first(net_sales_yen)
),
clients_growth_rate AS (
    SELECT company, ROUND((((CurrentYear/Prior4Year)-1)*100), 2) as growth_rate_2022to2026 
    FROM clients
    WHERE growth_rate_2022to2026 >= 40
)
SELECT * FROM clients_growth_rate
    );
  
  
[0m22:46:14.003252 [debug] [Thread-1 (]: SQL status: OK in 0.006 seconds
[0m22:46:14.008770 [debug] [Thread-1 (]: Using duckdb connection "model.edinet_growth_analysis.growth_rate_overEqual40"
[0m22:46:14.008770 [debug] [Thread-1 (]: On model.edinet_growth_analysis.growth_rate_overEqual40: /* {"app": "dbt", "dbt_version": "1.11.12", "profile_name": "edinet_growth_analysis", "target_name": "dev", "node_id": "model.edinet_growth_analysis.growth_rate_overEqual40"} */
alter table "dev"."main"."growth_rate_overEqual40__dbt_tmp" rename to "growth_rate_overEqual40"
[0m22:46:14.009771 [debug] [Thread-1 (]: SQL status: OK in 0.000 seconds
[0m22:46:14.018286 [debug] [Thread-1 (]: On model.edinet_growth_analysis.growth_rate_overEqual40: COMMIT
[0m22:46:14.018286 [debug] [Thread-1 (]: Using duckdb connection "model.edinet_growth_analysis.growth_rate_overEqual40"
[0m22:46:14.019288 [debug] [Thread-1 (]: On model.edinet_growth_analysis.growth_rate_overEqual40: COMMIT
[0m22:46:14.024865 [debug] [Thread-1 (]: SQL status: OK in 0.005 seconds
[0m22:46:14.027869 [debug] [Thread-1 (]: Using duckdb connection "model.edinet_growth_analysis.growth_rate_overEqual40"
[0m22:46:14.027869 [debug] [Thread-1 (]: On model.edinet_growth_analysis.growth_rate_overEqual40: /* {"app": "dbt", "dbt_version": "1.11.12", "profile_name": "edinet_growth_analysis", "target_name": "dev", "node_id": "model.edinet_growth_analysis.growth_rate_overEqual40"} */

      drop table if exists "dev"."main"."growth_rate_overEqual40__dbt_backup" cascade
    
[0m22:46:14.028871 [debug] [Thread-1 (]: SQL status: OK in 0.000 seconds
[0m22:46:14.029871 [debug] [Thread-1 (]: On model.edinet_growth_analysis.growth_rate_overEqual40: Close
[0m22:46:14.031382 [debug] [Thread-1 (]: Sending event: {'category': 'dbt', 'action': 'run_model', 'label': 'db56c29b-6474-495c-849c-782b41443602', 'context': [<snowplow_tracker.self_describing_json.SelfDescribingJson object at 0x000001888C9319D0>]}
[0m22:46:14.031382 [info ] [Thread-1 (]: 1 of 3 OK created sql table model main.growth_rate_overEqual40 ................. [[32mOK[0m in 0.06s]
[0m22:46:14.032389 [debug] [Thread-1 (]: Finished running node model.edinet_growth_analysis.growth_rate_overEqual40
[0m22:46:14.032389 [debug] [Thread-1 (]: Began running node model.edinet_growth_analysis.my_first_dbt_model
[0m22:46:14.033388 [info ] [Thread-1 (]: 2 of 3 START sql table model main.my_first_dbt_model ........................... [RUN]
[0m22:46:14.033388 [debug] [Thread-1 (]: Re-using an available connection from the pool (formerly model.edinet_growth_analysis.growth_rate_overEqual40, now model.edinet_growth_analysis.my_first_dbt_model)
[0m22:46:14.034388 [debug] [Thread-1 (]: Began compiling node model.edinet_growth_analysis.my_first_dbt_model
[0m22:46:14.036385 [debug] [Thread-1 (]: Writing injected SQL for node "model.edinet_growth_analysis.my_first_dbt_model"
[0m22:46:14.037385 [debug] [Thread-1 (]: Began executing node model.edinet_growth_analysis.my_first_dbt_model
[0m22:46:14.038386 [debug] [Thread-1 (]: Writing runtime sql for node "model.edinet_growth_analysis.my_first_dbt_model"
[0m22:46:14.039386 [debug] [Thread-1 (]: Using duckdb connection "model.edinet_growth_analysis.my_first_dbt_model"
[0m22:46:14.039386 [debug] [Thread-1 (]: On model.edinet_growth_analysis.my_first_dbt_model: BEGIN
[0m22:46:14.039386 [debug] [Thread-1 (]: Opening a new connection, currently in state closed
[0m22:46:14.040895 [debug] [Thread-1 (]: SQL status: OK in 0.000 seconds
[0m22:46:14.040895 [debug] [Thread-1 (]: Using duckdb connection "model.edinet_growth_analysis.my_first_dbt_model"
[0m22:46:14.040895 [debug] [Thread-1 (]: On model.edinet_growth_analysis.my_first_dbt_model: /* {"app": "dbt", "dbt_version": "1.11.12", "profile_name": "edinet_growth_analysis", "target_name": "dev", "node_id": "model.edinet_growth_analysis.my_first_dbt_model"} */

  
    
    

    create  table
      "dev"."main"."my_first_dbt_model__dbt_tmp"
  
    as (
      /*
    Welcome to your first dbt model!
    Did you know that you can also configure models directly within SQL files?
    This will override configurations stated in dbt_project.yml

    Try changing "table" to "view" below
*/



with source_data as (

    select 1 as id
    union all
    select null as id

)

select *
from source_data

/*
    Uncomment the line below to remove records with null `id` values
*/

-- where id is not null
    );
  
  
[0m22:46:14.041906 [debug] [Thread-1 (]: SQL status: OK in 0.001 seconds
[0m22:46:14.043905 [debug] [Thread-1 (]: Using duckdb connection "model.edinet_growth_analysis.my_first_dbt_model"
[0m22:46:14.043905 [debug] [Thread-1 (]: On model.edinet_growth_analysis.my_first_dbt_model: /* {"app": "dbt", "dbt_version": "1.11.12", "profile_name": "edinet_growth_analysis", "target_name": "dev", "node_id": "model.edinet_growth_analysis.my_first_dbt_model"} */
alter table "dev"."main"."my_first_dbt_model__dbt_tmp" rename to "my_first_dbt_model"
[0m22:46:14.044905 [debug] [Thread-1 (]: SQL status: OK in 0.000 seconds
[0m22:46:14.045906 [debug] [Thread-1 (]: On model.edinet_growth_analysis.my_first_dbt_model: COMMIT
[0m22:46:14.045906 [debug] [Thread-1 (]: Using duckdb connection "model.edinet_growth_analysis.my_first_dbt_model"
[0m22:46:14.045906 [debug] [Thread-1 (]: On model.edinet_growth_analysis.my_first_dbt_model: COMMIT
[0m22:46:14.048923 [debug] [Thread-1 (]: SQL status: OK in 0.002 seconds
[0m22:46:14.049931 [debug] [Thread-1 (]: Using duckdb connection "model.edinet_growth_analysis.my_first_dbt_model"
[0m22:46:14.050924 [debug] [Thread-1 (]: On model.edinet_growth_analysis.my_first_dbt_model: /* {"app": "dbt", "dbt_version": "1.11.12", "profile_name": "edinet_growth_analysis", "target_name": "dev", "node_id": "model.edinet_growth_analysis.my_first_dbt_model"} */

      drop table if exists "dev"."main"."my_first_dbt_model__dbt_backup" cascade
    
[0m22:46:14.051435 [debug] [Thread-1 (]: SQL status: OK in 0.000 seconds
[0m22:46:14.052467 [debug] [Thread-1 (]: On model.edinet_growth_analysis.my_first_dbt_model: Close
[0m22:46:14.052467 [debug] [Thread-1 (]: Sending event: {'category': 'dbt', 'action': 'run_model', 'label': 'db56c29b-6474-495c-849c-782b41443602', 'context': [<snowplow_tracker.self_describing_json.SelfDescribingJson object at 0x000001888F65CB90>]}
[0m22:46:14.052467 [info ] [Thread-1 (]: 2 of 3 OK created sql table model main.my_first_dbt_model ...................... [[32mOK[0m in 0.02s]
[0m22:46:14.053458 [debug] [Thread-1 (]: Finished running node model.edinet_growth_analysis.my_first_dbt_model
[0m22:46:14.053458 [debug] [Thread-1 (]: Began running node model.edinet_growth_analysis.my_second_dbt_model
[0m22:46:14.054441 [info ] [Thread-1 (]: 3 of 3 START sql table model main.my_second_dbt_model .......................... [RUN]
[0m22:46:14.054441 [debug] [Thread-1 (]: Re-using an available connection from the pool (formerly model.edinet_growth_analysis.my_first_dbt_model, now model.edinet_growth_analysis.my_second_dbt_model)
[0m22:46:14.055441 [debug] [Thread-1 (]: Began compiling node model.edinet_growth_analysis.my_second_dbt_model
[0m22:46:14.056442 [debug] [Thread-1 (]: Writing injected SQL for node "model.edinet_growth_analysis.my_second_dbt_model"
[0m22:46:14.057442 [debug] [Thread-1 (]: Began executing node model.edinet_growth_analysis.my_second_dbt_model
[0m22:46:14.059437 [debug] [Thread-1 (]: Writing runtime sql for node "model.edinet_growth_analysis.my_second_dbt_model"
[0m22:46:14.059437 [debug] [Thread-1 (]: Using duckdb connection "model.edinet_growth_analysis.my_second_dbt_model"
[0m22:46:14.060940 [debug] [Thread-1 (]: On model.edinet_growth_analysis.my_second_dbt_model: BEGIN
[0m22:46:14.060940 [debug] [Thread-1 (]: Opening a new connection, currently in state closed
[0m22:46:14.061946 [debug] [Thread-1 (]: SQL status: OK in 0.001 seconds
[0m22:46:14.061946 [debug] [Thread-1 (]: Using duckdb connection "model.edinet_growth_analysis.my_second_dbt_model"
[0m22:46:14.061946 [debug] [Thread-1 (]: On model.edinet_growth_analysis.my_second_dbt_model: /* {"app": "dbt", "dbt_version": "1.11.12", "profile_name": "edinet_growth_analysis", "target_name": "dev", "node_id": "model.edinet_growth_analysis.my_second_dbt_model"} */

  
    
    

    create  table
      "dev"."main"."my_second_dbt_model__dbt_tmp"
  
    as (
      -- Use the `ref` function to select from other models

select *
from "dev"."main"."my_first_dbt_model"
where id = 1
    );
  
  
[0m22:46:14.062948 [debug] [Thread-1 (]: SQL status: OK in 0.000 seconds
[0m22:46:14.064950 [debug] [Thread-1 (]: Using duckdb connection "model.edinet_growth_analysis.my_second_dbt_model"
[0m22:46:14.064950 [debug] [Thread-1 (]: On model.edinet_growth_analysis.my_second_dbt_model: /* {"app": "dbt", "dbt_version": "1.11.12", "profile_name": "edinet_growth_analysis", "target_name": "dev", "node_id": "model.edinet_growth_analysis.my_second_dbt_model"} */
alter table "dev"."main"."my_second_dbt_model__dbt_tmp" rename to "my_second_dbt_model"
[0m22:46:14.065950 [debug] [Thread-1 (]: SQL status: OK in 0.000 seconds
[0m22:46:14.066950 [debug] [Thread-1 (]: On model.edinet_growth_analysis.my_second_dbt_model: COMMIT
[0m22:46:14.066950 [debug] [Thread-1 (]: Using duckdb connection "model.edinet_growth_analysis.my_second_dbt_model"
[0m22:46:14.066950 [debug] [Thread-1 (]: On model.edinet_growth_analysis.my_second_dbt_model: COMMIT
[0m22:46:14.068948 [debug] [Thread-1 (]: SQL status: OK in 0.002 seconds
[0m22:46:14.071499 [debug] [Thread-1 (]: Using duckdb connection "model.edinet_growth_analysis.my_second_dbt_model"
[0m22:46:14.071499 [debug] [Thread-1 (]: On model.edinet_growth_analysis.my_second_dbt_model: /* {"app": "dbt", "dbt_version": "1.11.12", "profile_name": "edinet_growth_analysis", "target_name": "dev", "node_id": "model.edinet_growth_analysis.my_second_dbt_model"} */

      drop table if exists "dev"."main"."my_second_dbt_model__dbt_backup" cascade
    
[0m22:46:14.072495 [debug] [Thread-1 (]: SQL status: OK in 0.000 seconds
[0m22:46:14.073485 [debug] [Thread-1 (]: On model.edinet_growth_analysis.my_second_dbt_model: Close
[0m22:46:14.073485 [debug] [Thread-1 (]: Sending event: {'category': 'dbt', 'action': 'run_model', 'label': 'db56c29b-6474-495c-849c-782b41443602', 'context': [<snowplow_tracker.self_describing_json.SelfDescribingJson object at 0x000001888F79E720>]}
[0m22:46:14.073485 [info ] [Thread-1 (]: 3 of 3 OK created sql table model main.my_second_dbt_model ..................... [[32mOK[0m in 0.02s]
[0m22:46:14.074480 [debug] [Thread-1 (]: Finished running node model.edinet_growth_analysis.my_second_dbt_model
[0m22:46:14.075465 [debug] [MainThread]: Using duckdb connection "master"
[0m22:46:14.075465 [debug] [MainThread]: On master: BEGIN
[0m22:46:14.075465 [debug] [MainThread]: Opening a new connection, currently in state closed
[0m22:46:14.076462 [debug] [MainThread]: SQL status: OK in 0.000 seconds
[0m22:46:14.076462 [debug] [MainThread]: On master: COMMIT
[0m22:46:14.076462 [debug] [MainThread]: Using duckdb connection "master"
[0m22:46:14.076462 [debug] [MainThread]: On master: COMMIT
[0m22:46:14.077462 [debug] [MainThread]: SQL status: OK in 0.000 seconds
[0m22:46:14.077462 [debug] [MainThread]: On master: Close
[0m22:46:14.077462 [debug] [MainThread]: Connection 'master' was properly closed.
[0m22:46:14.078491 [debug] [MainThread]: Connection 'create_dev_main' was properly closed.
[0m22:46:14.078491 [debug] [MainThread]: Connection 'list_dev_main' was properly closed.
[0m22:46:14.078491 [debug] [MainThread]: Connection 'model.edinet_growth_analysis.my_second_dbt_model' was properly closed.
[0m22:46:14.078491 [info ] [MainThread]: 
[0m22:46:14.079463 [info ] [MainThread]: Finished running 3 table models in 0 hours 0 minutes and 0.20 seconds (0.20s).
[0m22:46:14.079463 [debug] [MainThread]: Command end result
[0m22:46:14.131114 [debug] [MainThread]: Wrote artifact WritableManifest to C:\Users\nekoa\project_2026\kayleet_scherbel_project_2026\edinet_growth_analysis\target\manifest.json
[0m22:46:14.133005 [debug] [MainThread]: Wrote artifact SemanticManifest to C:\Users\nekoa\project_2026\kayleet_scherbel_project_2026\edinet_growth_analysis\target\semantic_manifest.json
[0m22:46:14.136712 [debug] [MainThread]: Wrote artifact RunExecutionResult to C:\Users\nekoa\project_2026\kayleet_scherbel_project_2026\edinet_growth_analysis\target\run_results.json
[0m22:46:14.137343 [info ] [MainThread]: 
[0m22:46:14.137976 [info ] [MainThread]: [32mCompleted successfully[0m
[0m22:46:14.139156 [info ] [MainThread]: 
[0m22:46:14.141456 [info ] [MainThread]: Done. PASS=3 WARN=0 ERROR=0 SKIP=0 NO-OP=0 TOTAL=3
[0m22:46:14.143216 [debug] [MainThread]: Command `dbt run` succeeded at 22:46:14.143216 after 0.90 seconds
[0m22:46:14.143785 [debug] [MainThread]: Sending event: {'category': 'dbt', 'action': 'invocation', 'label': 'end', 'context': [<snowplow_tracker.self_describing_json.SelfDescribingJson object at 0x000001888C933DA0>, <snowplow_tracker.self_describing_json.SelfDescribingJson object at 0x000001888F1397C0>, <snowplow_tracker.self_describing_json.SelfDescribingJson object at 0x000001888F13A090>]}
[0m22:46:14.143785 [debug] [MainThread]: Flushing usage events
[0m22:46:15.118260 [debug] [MainThread]: An error was encountered while trying to flush usage events
[0m22:49:10.473663 [debug] [MainThread]: Sending event: {'category': 'dbt', 'action': 'invocation', 'label': 'start', 'context': [<snowplow_tracker.self_describing_json.SelfDescribingJson object at 0x000001F30B72D8B0>, <snowplow_tracker.self_describing_json.SelfDescribingJson object at 0x000001F30B8BC680>, <snowplow_tracker.self_describing_json.SelfDescribingJson object at 0x000001F30AEFE9F0>]}


============================== 22:49:10.476191 | 111e11f7-eedd-49df-bf6c-8e3103ba3b60 ==============================
[0m22:49:10.476191 [info ] [MainThread]: Running with dbt=1.11.12
[0m22:49:10.477191 [debug] [MainThread]: running dbt with arguments {'version_check': 'True', 'no_print': 'None', 'static_parser': 'True', 'target_path': 'None', 'warn_error_options': 'WarnErrorOptionsV2(error=[], warn=[], silence=[])', 'printer_width': '80', 'write_json': 'True', 'introspect': 'True', 'log_cache_events': 'False', 'empty': 'None', 'cache_selected_only': 'False', 'log_format': 'default', 'debug': 'False', 'fail_fast': 'False', 'profiles_dir': 'C:\\Users\\nekoa\\.dbt', 'send_anonymous_usage_stats': 'True', 'quiet': 'False', 'warn_error': 'None', 'partial_parse': 'True', 'use_colors': 'True', 'indirect_selection': 'eager', 'invocation_command': 'dbt clean', 'use_experimental_parser': 'False', 'log_path': 'C:\\Users\\nekoa\\project_2026\\kayleet_scherbel_project_2026\\edinet_growth_analysis\\logs'}
[0m22:49:10.479177 [warn ] [MainThread]: [[33mWARNING[0m][CustomKeyInConfigDeprecation]: Deprecated functionality
Custom key `net_sales_yen` found in `config` at path
`+config.column_types.net_sales_yen` in file `C:\Users\nekoa\project_2026\kaylee
t_scherbel_project_2026\edinet_growth_analysis\dbt_project.yml`. Custom config
keys should move into the `config.meta`.
[0m22:49:10.481194 [debug] [MainThread]: Sending event: {'category': 'dbt', 'action': 'deprecation', 'label': '111e11f7-eedd-49df-bf6c-8e3103ba3b60', 'property_': 'warn', 'context': [<snowplow_tracker.self_describing_json.SelfDescribingJson object at 0x000001F30D141100>]}
[0m22:49:10.559990 [debug] [MainThread]: Sending event: {'category': 'dbt', 'action': 'project_id', 'label': '111e11f7-eedd-49df-bf6c-8e3103ba3b60', 'context': [<snowplow_tracker.self_describing_json.SelfDescribingJson object at 0x000001F30B72D8B0>]}
[0m22:49:10.579848 [warn ] [MainThread]: [[33mWARNING[0m][DeprecationsSummary]: Deprecated functionality
Summary of encountered deprecations:
- CustomKeyInConfigDeprecation: 1 occurrence
To see all deprecation instances instead of just the first occurrence of each,
run command again with the `--show-all-deprecations` flag. You may also need to
run with `--no-partial-parse` as some deprecations are only encountered during
parsing.
[0m22:49:10.581847 [debug] [MainThread]: Command `dbt clean` succeeded at 22:49:10.581847 after 0.32 seconds
[0m22:49:10.581847 [debug] [MainThread]: Sending event: {'category': 'dbt', 'action': 'invocation', 'label': 'end', 'context': [<snowplow_tracker.self_describing_json.SelfDescribingJson object at 0x000001F308405F10>, <snowplow_tracker.self_describing_json.SelfDescribingJson object at 0x000001F30AD17DA0>, <snowplow_tracker.self_describing_json.SelfDescribingJson object at 0x000001F30AD152B0>]}
[0m22:49:10.582838 [debug] [MainThread]: Flushing usage events
[0m22:49:11.580386 [debug] [MainThread]: An error was encountered while trying to flush usage events
[0m22:49:20.329428 [debug] [MainThread]: Sending event: {'category': 'dbt', 'action': 'invocation', 'label': 'start', 'context': [<snowplow_tracker.self_describing_json.SelfDescribingJson object at 0x000001F160A6AC00>, <snowplow_tracker.self_describing_json.SelfDescribingJson object at 0x000001F15FF09520>, <snowplow_tracker.self_describing_json.SelfDescribingJson object at 0x000001F1603F28A0>]}


============================== 22:49:20.332430 | 81ab8aa8-be26-415b-86ee-368cdaffd820 ==============================
[0m22:49:20.332430 [info ] [MainThread]: Running with dbt=1.11.12
[0m22:49:20.332430 [debug] [MainThread]: running dbt with arguments {'static_parser': 'True', 'no_print': 'None', 'version_check': 'True', 'target_path': 'None', 'warn_error_options': 'WarnErrorOptionsV2(error=[], warn=[], silence=[])', 'printer_width': '80', 'write_json': 'True', 'introspect': 'True', 'log_cache_events': 'False', 'empty': 'None', 'cache_selected_only': 'False', 'fail_fast': 'False', 'debug': 'False', 'log_format': 'default', 'partial_parse': 'True', 'send_anonymous_usage_stats': 'True', 'quiet': 'False', 'warn_error': 'None', 'profiles_dir': 'C:\\Users\\nekoa\\.dbt', 'invocation_command': 'dbt seed', 'use_colors': 'True', 'indirect_selection': 'eager', 'use_experimental_parser': 'False', 'log_path': 'C:\\Users\\nekoa\\project_2026\\kayleet_scherbel_project_2026\\edinet_growth_analysis\\logs'}
[0m22:49:20.477713 [debug] [MainThread]: Sending event: {'category': 'dbt', 'action': 'project_id', 'label': '81ab8aa8-be26-415b-86ee-368cdaffd820', 'context': [<snowplow_tracker.self_describing_json.SelfDescribingJson object at 0x000001F15DE5ECC0>]}
[0m22:49:20.521410 [debug] [MainThread]: Sending event: {'category': 'dbt', 'action': 'adapter_info', 'label': '81ab8aa8-be26-415b-86ee-368cdaffd820', 'context': [<snowplow_tracker.self_describing_json.SelfDescribingJson object at 0x000001F16215DD30>]}
[0m22:49:20.523414 [info ] [MainThread]: Registered adapter: duckdb=1.10.1
[0m22:49:20.663136 [debug] [MainThread]: checksum: f368f5348cf42803b94ef7fb8257ecf3bf9a9a16dd9c8c51fe5172f2dbeb457f, vars: {}, profile: , target: , version: 1.11.12
[0m22:49:20.664136 [info ] [MainThread]: Unable to do partial parsing because saved manifest not found. Starting full parse.
[0m22:49:20.664136 [debug] [MainThread]: Sending event: {'category': 'dbt', 'action': 'partial_parser', 'label': '81ab8aa8-be26-415b-86ee-368cdaffd820', 'context': [<snowplow_tracker.self_describing_json.SelfDescribingJson object at 0x000001F1629B7D10>]}
[0m22:49:21.517684 [debug] [MainThread]: Sending event: {'category': 'dbt', 'action': 'load_project', 'label': '81ab8aa8-be26-415b-86ee-368cdaffd820', 'context': [<snowplow_tracker.self_describing_json.SelfDescribingJson object at 0x000001F162E7E8A0>]}
[0m22:49:21.572939 [debug] [MainThread]: Wrote artifact WritableManifest to C:\Users\nekoa\project_2026\kayleet_scherbel_project_2026\edinet_growth_analysis\target\manifest.json
[0m22:49:21.574932 [debug] [MainThread]: Wrote artifact SemanticManifest to C:\Users\nekoa\project_2026\kayleet_scherbel_project_2026\edinet_growth_analysis\target\semantic_manifest.json
[0m22:49:21.582420 [debug] [MainThread]: Sending event: {'category': 'dbt', 'action': 'resource_counts', 'label': '81ab8aa8-be26-415b-86ee-368cdaffd820', 'context': [<snowplow_tracker.self_describing_json.SelfDescribingJson object at 0x000001F1630DF3B0>]}
[0m22:49:21.583422 [info ] [MainThread]: Found 3 models, 1 seed, 4 data tests, 485 macros
[0m22:49:21.583422 [debug] [MainThread]: Sending event: {'category': 'dbt', 'action': 'runnable_timing', 'label': '81ab8aa8-be26-415b-86ee-368cdaffd820', 'context': [<snowplow_tracker.self_describing_json.SelfDescribingJson object at 0x000001F16309D730>]}
[0m22:49:21.585422 [info ] [MainThread]: 
[0m22:49:21.585422 [info ] [MainThread]: Concurrency: 1 threads (target='dev')
[0m22:49:21.586420 [info ] [MainThread]: 
[0m22:49:21.586420 [debug] [MainThread]: Acquiring new duckdb connection 'master'
[0m22:49:21.586420 [debug] [ThreadPool]: Acquiring new duckdb connection 'list_dev'
[0m22:49:21.627557 [debug] [ThreadPool]: Using duckdb connection "list_dev"
[0m22:49:21.627557 [debug] [ThreadPool]: On list_dev: /* {"app": "dbt", "dbt_version": "1.11.12", "profile_name": "edinet_growth_analysis", "target_name": "dev", "connection_name": "list_dev"} */

    
    select schema_name
    from system.information_schema.schemata
    
    where lower(catalog_name) = '"dev"'
    
  
  
[0m22:49:21.628561 [debug] [ThreadPool]: Opening a new connection, currently in state init
[0m22:49:21.639047 [debug] [ThreadPool]: SQL status: OK in 0.011 seconds
[0m22:49:21.640015 [debug] [ThreadPool]: On list_dev: Close
[0m22:49:21.641039 [debug] [ThreadPool]: Re-using an available connection from the pool (formerly list_dev, now create_dev_main)
[0m22:49:21.641039 [debug] [ThreadPool]: Creating schema "database: "dev"
schema: "main"
"
[0m22:49:21.645018 [debug] [ThreadPool]: Using duckdb connection "create_dev_main"
[0m22:49:21.646035 [debug] [ThreadPool]: On create_dev_main: /* {"app": "dbt", "dbt_version": "1.11.12", "profile_name": "edinet_growth_analysis", "target_name": "dev", "connection_name": "create_dev_main"} */

    
        select type from duckdb_databases()
        where lower(database_name)='dev'
        and type='sqlite'
    
  
[0m22:49:21.646035 [debug] [ThreadPool]: Opening a new connection, currently in state closed
[0m22:49:21.646035 [debug] [ThreadPool]: SQL status: OK in 0.001 seconds
[0m22:49:21.647543 [debug] [ThreadPool]: Using duckdb connection "create_dev_main"
[0m22:49:21.647543 [debug] [ThreadPool]: On create_dev_main: BEGIN
[0m22:49:21.648551 [debug] [ThreadPool]: SQL status: OK in 0.000 seconds
[0m22:49:21.648551 [debug] [ThreadPool]: Using duckdb connection "create_dev_main"
[0m22:49:21.648551 [debug] [ThreadPool]: On create_dev_main: /* {"app": "dbt", "dbt_version": "1.11.12", "profile_name": "edinet_growth_analysis", "target_name": "dev", "connection_name": "create_dev_main"} */

    
    
        create schema if not exists "dev"."main"
    
[0m22:49:21.649549 [debug] [ThreadPool]: SQL status: OK in 0.000 seconds
[0m22:49:21.649549 [debug] [ThreadPool]: On create_dev_main: COMMIT
[0m22:49:21.650554 [debug] [ThreadPool]: Using duckdb connection "create_dev_main"
[0m22:49:21.650554 [debug] [ThreadPool]: On create_dev_main: COMMIT
[0m22:49:21.650554 [debug] [ThreadPool]: SQL status: OK in 0.000 seconds
[0m22:49:21.650554 [debug] [ThreadPool]: On create_dev_main: Close
[0m22:49:21.654556 [debug] [ThreadPool]: Acquiring new duckdb connection 'list_dev_main'
[0m22:49:21.658171 [debug] [ThreadPool]: Using duckdb connection "list_dev_main"
[0m22:49:21.658171 [debug] [ThreadPool]: On list_dev_main: BEGIN
[0m22:49:21.658171 [debug] [ThreadPool]: Opening a new connection, currently in state init
[0m22:49:21.659191 [debug] [ThreadPool]: SQL status: OK in 0.000 seconds
[0m22:49:21.659191 [debug] [ThreadPool]: Using duckdb connection "list_dev_main"
[0m22:49:21.659191 [debug] [ThreadPool]: On list_dev_main: /* {"app": "dbt", "dbt_version": "1.11.12", "profile_name": "edinet_growth_analysis", "target_name": "dev", "connection_name": "list_dev_main"} */
select
      'dev' as database,
      table_name as name,
      table_schema as schema,
      CASE table_type
        WHEN 'BASE TABLE' THEN 'table'
        WHEN 'VIEW' THEN 'view'
        WHEN 'LOCAL TEMPORARY' THEN 'table'
        END as type
    from system.information_schema.tables
    where lower(table_schema) = 'main'
    and lower(table_catalog) = 'dev'
  
[0m22:49:21.662172 [debug] [ThreadPool]: SQL status: OK in 0.002 seconds
[0m22:49:21.663174 [debug] [ThreadPool]: On list_dev_main: ROLLBACK
[0m22:49:21.664174 [debug] [ThreadPool]: Failed to rollback 'list_dev_main'
[0m22:49:21.664174 [debug] [ThreadPool]: On list_dev_main: Close
[0m22:49:21.665175 [debug] [MainThread]: Sending event: {'category': 'dbt', 'action': 'runnable_timing', 'label': '81ab8aa8-be26-415b-86ee-368cdaffd820', 'context': [<snowplow_tracker.self_describing_json.SelfDescribingJson object at 0x000001F162ED3650>]}
[0m22:49:21.665175 [debug] [MainThread]: Using duckdb connection "master"
[0m22:49:21.665175 [debug] [MainThread]: On master: BEGIN
[0m22:49:21.666173 [debug] [MainThread]: Opening a new connection, currently in state init
[0m22:49:21.666173 [debug] [MainThread]: SQL status: OK in 0.000 seconds
[0m22:49:21.666173 [debug] [MainThread]: On master: COMMIT
[0m22:49:21.666173 [debug] [MainThread]: Using duckdb connection "master"
[0m22:49:21.666173 [debug] [MainThread]: On master: COMMIT
[0m22:49:21.667709 [debug] [MainThread]: SQL status: OK in 0.000 seconds
[0m22:49:21.667709 [debug] [MainThread]: On master: Close
[0m22:49:21.670718 [debug] [Thread-1 (]: Began running node seed.edinet_growth_analysis.net_value_clients
[0m22:49:21.670718 [info ] [Thread-1 (]: 1 of 1 START seed file main.net_value_clients .................................. [RUN]
[0m22:49:21.671842 [debug] [Thread-1 (]: Acquiring new duckdb connection 'seed.edinet_growth_analysis.net_value_clients'
[0m22:49:21.671842 [debug] [Thread-1 (]: Began compiling node seed.edinet_growth_analysis.net_value_clients
[0m22:49:21.672741 [debug] [Thread-1 (]: Began executing node seed.edinet_growth_analysis.net_value_clients
[0m22:49:21.688939 [debug] [Thread-1 (]: Using duckdb connection "seed.edinet_growth_analysis.net_value_clients"
[0m22:49:21.688939 [debug] [Thread-1 (]: On seed.edinet_growth_analysis.net_value_clients: BEGIN
[0m22:49:21.689939 [debug] [Thread-1 (]: Opening a new connection, currently in state init
[0m22:49:21.689939 [debug] [Thread-1 (]: SQL status: OK in 0.001 seconds
[0m22:49:21.690944 [debug] [Thread-1 (]: Using duckdb connection "seed.edinet_growth_analysis.net_value_clients"
[0m22:49:21.690944 [debug] [Thread-1 (]: On seed.edinet_growth_analysis.net_value_clients: /* {"app": "dbt", "dbt_version": "1.11.12", "profile_name": "edinet_growth_analysis", "target_name": "dev", "node_id": "seed.edinet_growth_analysis.net_value_clients"} */
truncate table "dev"."main"."net_value_clients"
[0m22:49:21.691945 [debug] [Thread-1 (]: SQL status: OK in 0.000 seconds
[0m22:49:21.697946 [debug] [Thread-1 (]: Using duckdb connection "seed.edinet_growth_analysis.net_value_clients"
[0m22:49:21.698450 [debug] [Thread-1 (]: On seed.edinet_growth_analysis.net_value_clients: 
          COPY "dev"."main"."net_value_clients" FROM 'C:\Users\nekoa\project_2026\kayleet_scherbel_project_2026\edinet_growth_analysis\seeds\net_value_clients.csv' (FORMAT CSV, HEADER TRUE, DELIMITER ',')
        ...
[0m22:49:21.701466 [debug] [Thread-1 (]: SQL status: OK in 0.003 seconds
[0m22:49:21.705463 [debug] [Thread-1 (]: Writing runtime SQL for node "seed.edinet_growth_analysis.net_value_clients"
[0m22:49:21.713981 [debug] [Thread-1 (]: On seed.edinet_growth_analysis.net_value_clients: COMMIT
[0m22:49:21.713981 [debug] [Thread-1 (]: Using duckdb connection "seed.edinet_growth_analysis.net_value_clients"
[0m22:49:21.713981 [debug] [Thread-1 (]: On seed.edinet_growth_analysis.net_value_clients: COMMIT
[0m22:49:21.718545 [debug] [Thread-1 (]: SQL status: OK in 0.004 seconds
[0m22:49:21.719538 [debug] [Thread-1 (]: On seed.edinet_growth_analysis.net_value_clients: Close
[0m22:49:21.720543 [debug] [Thread-1 (]: Sending event: {'category': 'dbt', 'action': 'run_model', 'label': '81ab8aa8-be26-415b-86ee-368cdaffd820', 'context': [<snowplow_tracker.self_describing_json.SelfDescribingJson object at 0x000001F15DE5DD90>]}
[0m22:49:21.721545 [info ] [Thread-1 (]: 1 of 1 OK loaded seed file main.net_value_clients .............................. [[32mINSERT 45[0m in 0.05s]
[0m22:49:21.722544 [debug] [Thread-1 (]: Finished running node seed.edinet_growth_analysis.net_value_clients
[0m22:49:21.722544 [debug] [MainThread]: Using duckdb connection "master"
[0m22:49:21.723543 [debug] [MainThread]: On master: BEGIN
[0m22:49:21.723543 [debug] [MainThread]: Opening a new connection, currently in state closed
[0m22:49:21.723543 [debug] [MainThread]: SQL status: OK in 0.000 seconds
[0m22:49:21.724546 [debug] [MainThread]: On master: COMMIT
[0m22:49:21.724546 [debug] [MainThread]: Using duckdb connection "master"
[0m22:49:21.724546 [debug] [MainThread]: On master: COMMIT
[0m22:49:21.724546 [debug] [MainThread]: SQL status: OK in 0.000 seconds
[0m22:49:21.724546 [debug] [MainThread]: On master: Close
[0m22:49:21.726073 [debug] [MainThread]: Connection 'master' was properly closed.
[0m22:49:21.726073 [debug] [MainThread]: Connection 'create_dev_main' was properly closed.
[0m22:49:21.726073 [debug] [MainThread]: Connection 'list_dev_main' was properly closed.
[0m22:49:21.726618 [debug] [MainThread]: Connection 'seed.edinet_growth_analysis.net_value_clients' was properly closed.
[0m22:49:21.726618 [info ] [MainThread]: 
[0m22:49:21.726618 [info ] [MainThread]: Finished running 1 seed in 0 hours 0 minutes and 0.14 seconds (0.14s).
[0m22:49:21.728132 [debug] [MainThread]: Command end result
[0m22:49:21.743669 [debug] [MainThread]: Wrote artifact WritableManifest to C:\Users\nekoa\project_2026\kayleet_scherbel_project_2026\edinet_growth_analysis\target\manifest.json
[0m22:49:21.745672 [debug] [MainThread]: Wrote artifact SemanticManifest to C:\Users\nekoa\project_2026\kayleet_scherbel_project_2026\edinet_growth_analysis\target\semantic_manifest.json
[0m22:49:21.749200 [debug] [MainThread]: Wrote artifact RunExecutionResult to C:\Users\nekoa\project_2026\kayleet_scherbel_project_2026\edinet_growth_analysis\target\run_results.json
[0m22:49:21.750199 [info ] [MainThread]: 
[0m22:49:21.750199 [info ] [MainThread]: [32mCompleted successfully[0m
[0m22:49:21.751201 [info ] [MainThread]: 
[0m22:49:21.751201 [info ] [MainThread]: Done. PASS=1 WARN=0 ERROR=0 SKIP=0 NO-OP=0 TOTAL=1
[0m22:49:21.752201 [debug] [MainThread]: Command `dbt seed` succeeded at 22:49:21.751201 after 1.53 seconds
[0m22:49:21.752201 [debug] [MainThread]: Sending event: {'category': 'dbt', 'action': 'invocation', 'label': 'end', 'context': [<snowplow_tracker.self_describing_json.SelfDescribingJson object at 0x000001F15DDE5130>, <snowplow_tracker.self_describing_json.SelfDescribingJson object at 0x000001F160F52ED0>, <snowplow_tracker.self_describing_json.SelfDescribingJson object at 0x000001F160F52570>]}
[0m22:49:21.752201 [debug] [MainThread]: Flushing usage events
[0m22:49:22.726821 [debug] [MainThread]: An error was encountered while trying to flush usage events
[0m22:49:26.896381 [debug] [MainThread]: Sending event: {'category': 'dbt', 'action': 'invocation', 'label': 'start', 'context': [<snowplow_tracker.self_describing_json.SelfDescribingJson object at 0x0000021F4E7E69F0>, <snowplow_tracker.self_describing_json.SelfDescribingJson object at 0x0000021F4E7C81D0>, <snowplow_tracker.self_describing_json.SelfDescribingJson object at 0x0000021F4E48E510>]}


============================== 22:49:26.898888 | 74d7dd3b-83d9-4dfb-833c-e2e930955fe6 ==============================
[0m22:49:26.898888 [info ] [MainThread]: Running with dbt=1.11.12
[0m22:49:26.899894 [debug] [MainThread]: running dbt with arguments {'version_check': 'True', 'no_print': 'None', 'static_parser': 'True', 'target_path': 'None', 'warn_error_options': 'WarnErrorOptionsV2(error=[], warn=[], silence=[])', 'printer_width': '80', 'write_json': 'True', 'empty': 'False', 'log_cache_events': 'False', 'introspect': 'True', 'cache_selected_only': 'False', 'log_format': 'default', 'debug': 'False', 'fail_fast': 'False', 'profiles_dir': 'C:\\Users\\nekoa\\.dbt', 'send_anonymous_usage_stats': 'True', 'quiet': 'False', 'warn_error': 'None', 'partial_parse': 'True', 'use_colors': 'True', 'invocation_command': 'dbt run', 'indirect_selection': 'eager', 'use_experimental_parser': 'False', 'log_path': 'C:\\Users\\nekoa\\project_2026\\kayleet_scherbel_project_2026\\edinet_growth_analysis\\logs'}
[0m22:49:27.047332 [debug] [MainThread]: Sending event: {'category': 'dbt', 'action': 'project_id', 'label': '74d7dd3b-83d9-4dfb-833c-e2e930955fe6', 'context': [<snowplow_tracker.self_describing_json.SelfDescribingJson object at 0x0000021F502D6C30>]}
[0m22:49:27.087513 [debug] [MainThread]: Sending event: {'category': 'dbt', 'action': 'adapter_info', 'label': '74d7dd3b-83d9-4dfb-833c-e2e930955fe6', 'context': [<snowplow_tracker.self_describing_json.SelfDescribingJson object at 0x0000021F4ECE4440>]}
[0m22:49:27.090065 [info ] [MainThread]: Registered adapter: duckdb=1.10.1
[0m22:49:27.235809 [debug] [MainThread]: checksum: f368f5348cf42803b94ef7fb8257ecf3bf9a9a16dd9c8c51fe5172f2dbeb457f, vars: {}, profile: , target: , version: 1.11.12
[0m22:49:27.323081 [debug] [MainThread]: Partial parsing enabled: 0 files deleted, 0 files added, 0 files changed.
[0m22:49:27.323081 [debug] [MainThread]: Nothing changed, skipping partial parsing.
[0m22:49:27.324344 [debug] [MainThread]: Partial parsing enabled, no changes found, skipping parsing
[0m22:49:27.352853 [debug] [MainThread]: Sending event: {'category': 'dbt', 'action': 'load_project', 'label': '74d7dd3b-83d9-4dfb-833c-e2e930955fe6', 'context': [<snowplow_tracker.self_describing_json.SelfDescribingJson object at 0x0000021F50753860>]}
[0m22:49:27.405283 [debug] [MainThread]: Wrote artifact WritableManifest to C:\Users\nekoa\project_2026\kayleet_scherbel_project_2026\edinet_growth_analysis\target\manifest.json
[0m22:49:27.406285 [debug] [MainThread]: Wrote artifact SemanticManifest to C:\Users\nekoa\project_2026\kayleet_scherbel_project_2026\edinet_growth_analysis\target\semantic_manifest.json
[0m22:49:27.413905 [debug] [MainThread]: Sending event: {'category': 'dbt', 'action': 'resource_counts', 'label': '74d7dd3b-83d9-4dfb-833c-e2e930955fe6', 'context': [<snowplow_tracker.self_describing_json.SelfDescribingJson object at 0x0000021F508F5700>]}
[0m22:49:27.413905 [info ] [MainThread]: Found 3 models, 1 seed, 4 data tests, 485 macros
[0m22:49:27.414910 [debug] [MainThread]: Sending event: {'category': 'dbt', 'action': 'runnable_timing', 'label': '74d7dd3b-83d9-4dfb-833c-e2e930955fe6', 'context': [<snowplow_tracker.self_describing_json.SelfDescribingJson object at 0x0000021F50ADF0E0>]}
[0m22:49:27.415910 [info ] [MainThread]: 
[0m22:49:27.415910 [info ] [MainThread]: Concurrency: 1 threads (target='dev')
[0m22:49:27.416910 [info ] [MainThread]: 
[0m22:49:27.416910 [debug] [MainThread]: Acquiring new duckdb connection 'master'
[0m22:49:27.420421 [debug] [ThreadPool]: Acquiring new duckdb connection 'list_dev'
[0m22:49:27.461016 [debug] [ThreadPool]: Using duckdb connection "list_dev"
[0m22:49:27.461016 [debug] [ThreadPool]: On list_dev: /* {"app": "dbt", "dbt_version": "1.11.12", "profile_name": "edinet_growth_analysis", "target_name": "dev", "connection_name": "list_dev"} */

    
    select schema_name
    from system.information_schema.schemata
    
    where lower(catalog_name) = '"dev"'
    
  
  
[0m22:49:27.462015 [debug] [ThreadPool]: Opening a new connection, currently in state init
[0m22:49:27.473187 [debug] [ThreadPool]: SQL status: OK in 0.011 seconds
[0m22:49:27.474187 [debug] [ThreadPool]: On list_dev: Close
[0m22:49:27.474187 [debug] [ThreadPool]: Re-using an available connection from the pool (formerly list_dev, now create_dev_main)
[0m22:49:27.475188 [debug] [ThreadPool]: Creating schema "database: "dev"
schema: "main"
"
[0m22:49:27.478758 [debug] [ThreadPool]: Using duckdb connection "create_dev_main"
[0m22:49:27.479775 [debug] [ThreadPool]: On create_dev_main: /* {"app": "dbt", "dbt_version": "1.11.12", "profile_name": "edinet_growth_analysis", "target_name": "dev", "connection_name": "create_dev_main"} */

    
        select type from duckdb_databases()
        where lower(database_name)='dev'
        and type='sqlite'
    
  
[0m22:49:27.479775 [debug] [ThreadPool]: Opening a new connection, currently in state closed
[0m22:49:27.480771 [debug] [ThreadPool]: SQL status: OK in 0.001 seconds
[0m22:49:27.481773 [debug] [ThreadPool]: Using duckdb connection "create_dev_main"
[0m22:49:27.481773 [debug] [ThreadPool]: On create_dev_main: BEGIN
[0m22:49:27.481773 [debug] [ThreadPool]: SQL status: OK in 0.000 seconds
[0m22:49:27.481773 [debug] [ThreadPool]: Using duckdb connection "create_dev_main"
[0m22:49:27.482772 [debug] [ThreadPool]: On create_dev_main: /* {"app": "dbt", "dbt_version": "1.11.12", "profile_name": "edinet_growth_analysis", "target_name": "dev", "connection_name": "create_dev_main"} */

    
    
        create schema if not exists "dev"."main"
    
[0m22:49:27.482772 [debug] [ThreadPool]: SQL status: OK in 0.000 seconds
[0m22:49:27.483790 [debug] [ThreadPool]: On create_dev_main: COMMIT
[0m22:49:27.483790 [debug] [ThreadPool]: Using duckdb connection "create_dev_main"
[0m22:49:27.483790 [debug] [ThreadPool]: On create_dev_main: COMMIT
[0m22:49:27.483790 [debug] [ThreadPool]: SQL status: OK in 0.000 seconds
[0m22:49:27.484771 [debug] [ThreadPool]: On create_dev_main: Close
[0m22:49:27.485772 [debug] [ThreadPool]: Acquiring new duckdb connection 'list_dev_main'
[0m22:49:27.489278 [debug] [ThreadPool]: Using duckdb connection "list_dev_main"
[0m22:49:27.489278 [debug] [ThreadPool]: On list_dev_main: BEGIN
[0m22:49:27.489278 [debug] [ThreadPool]: Opening a new connection, currently in state init
[0m22:49:27.490284 [debug] [ThreadPool]: SQL status: OK in 0.001 seconds
[0m22:49:27.490284 [debug] [ThreadPool]: Using duckdb connection "list_dev_main"
[0m22:49:27.490284 [debug] [ThreadPool]: On list_dev_main: /* {"app": "dbt", "dbt_version": "1.11.12", "profile_name": "edinet_growth_analysis", "target_name": "dev", "connection_name": "list_dev_main"} */
select
      'dev' as database,
      table_name as name,
      table_schema as schema,
      CASE table_type
        WHEN 'BASE TABLE' THEN 'table'
        WHEN 'VIEW' THEN 'view'
        WHEN 'LOCAL TEMPORARY' THEN 'table'
        END as type
    from system.information_schema.tables
    where lower(table_schema) = 'main'
    and lower(table_catalog) = 'dev'
  
[0m22:49:27.493293 [debug] [ThreadPool]: SQL status: OK in 0.002 seconds
[0m22:49:27.494294 [debug] [ThreadPool]: On list_dev_main: ROLLBACK
[0m22:49:27.494294 [debug] [ThreadPool]: Failed to rollback 'list_dev_main'
[0m22:49:27.495294 [debug] [ThreadPool]: On list_dev_main: Close
[0m22:49:27.496291 [debug] [MainThread]: Sending event: {'category': 'dbt', 'action': 'runnable_timing', 'label': '74d7dd3b-83d9-4dfb-833c-e2e930955fe6', 'context': [<snowplow_tracker.self_describing_json.SelfDescribingJson object at 0x0000021F4BCFE900>]}
[0m22:49:27.496291 [debug] [MainThread]: Using duckdb connection "master"
[0m22:49:27.497291 [debug] [MainThread]: On master: BEGIN
[0m22:49:27.497291 [debug] [MainThread]: Opening a new connection, currently in state init
[0m22:49:27.497291 [debug] [MainThread]: SQL status: OK in 0.000 seconds
[0m22:49:27.497291 [debug] [MainThread]: On master: COMMIT
[0m22:49:27.497291 [debug] [MainThread]: Using duckdb connection "master"
[0m22:49:27.497291 [debug] [MainThread]: On master: COMMIT
[0m22:49:27.498795 [debug] [MainThread]: SQL status: OK in 0.000 seconds
[0m22:49:27.498795 [debug] [MainThread]: On master: Close
[0m22:49:27.500801 [debug] [Thread-1 (]: Began running node model.edinet_growth_analysis.growth_rate_overEqual40
[0m22:49:27.501801 [info ] [Thread-1 (]: 1 of 3 START sql external model main.growth_rate_overEqual40 ................... [RUN]
[0m22:49:27.501801 [debug] [Thread-1 (]: Acquiring new duckdb connection 'model.edinet_growth_analysis.growth_rate_overEqual40'
[0m22:49:27.502802 [debug] [Thread-1 (]: Began compiling node model.edinet_growth_analysis.growth_rate_overEqual40
[0m22:49:27.506801 [debug] [Thread-1 (]: Writing injected SQL for node "model.edinet_growth_analysis.growth_rate_overEqual40"
[0m22:49:27.508808 [debug] [Thread-1 (]: Began executing node model.edinet_growth_analysis.growth_rate_overEqual40
[0m22:49:27.546371 [debug] [Thread-1 (]: Using duckdb connection "model.edinet_growth_analysis.growth_rate_overEqual40"
[0m22:49:27.546371 [debug] [Thread-1 (]: On model.edinet_growth_analysis.growth_rate_overEqual40: BEGIN
[0m22:49:27.547371 [debug] [Thread-1 (]: Opening a new connection, currently in state init
[0m22:49:27.547371 [debug] [Thread-1 (]: SQL status: OK in 0.001 seconds
[0m22:49:27.547371 [debug] [Thread-1 (]: Using duckdb connection "model.edinet_growth_analysis.growth_rate_overEqual40"
[0m22:49:27.548875 [debug] [Thread-1 (]: On model.edinet_growth_analysis.growth_rate_overEqual40: /* {"app": "dbt", "dbt_version": "1.11.12", "profile_name": "edinet_growth_analysis", "target_name": "dev", "node_id": "model.edinet_growth_analysis.growth_rate_overEqual40"} */

  
    
    

    create  table
      "dev"."main"."growth_rate_overEqual40__dbt_tmp"
  
    as (
      

WITH clients AS (
    PIVOT "dev"."main"."net_value_clients"
    ON relative_year
    USING first(net_sales_yen)
),
clients_growth_rate AS (
    SELECT company, ROUND((((CurrentYear/Prior4Year)-1)*100), 2) as growth_rate_2022to2026 
    FROM clients
    WHERE growth_rate_2022to2026 >= 40
)
SELECT * FROM clients_growth_rate
    );
  
  
[0m22:49:27.555901 [debug] [Thread-1 (]: SQL status: OK in 0.007 seconds
[0m22:49:27.556901 [debug] [Thread-1 (]: Using duckdb connection "model.edinet_growth_analysis.growth_rate_overEqual40"
[0m22:49:27.556901 [debug] [Thread-1 (]: On model.edinet_growth_analysis.growth_rate_overEqual40: /* {"app": "dbt", "dbt_version": "1.11.12", "profile_name": "edinet_growth_analysis", "target_name": "dev", "node_id": "model.edinet_growth_analysis.growth_rate_overEqual40"} */

    select count(*) as row_count from "dev"."main"."growth_rate_overEqual40__dbt_tmp"
  
[0m22:49:27.557903 [debug] [Thread-1 (]: SQL status: OK in 0.000 seconds
[0m22:49:27.559409 [debug] [Thread-1 (]: Writing runtime sql for node "model.edinet_growth_analysis.growth_rate_overEqual40"
[0m22:49:27.560415 [debug] [Thread-1 (]: Using duckdb connection "model.edinet_growth_analysis.growth_rate_overEqual40"
[0m22:49:27.560415 [debug] [Thread-1 (]: On model.edinet_growth_analysis.growth_rate_overEqual40: /* {"app": "dbt", "dbt_version": "1.11.12", "profile_name": "edinet_growth_analysis", "target_name": "dev", "node_id": "model.edinet_growth_analysis.growth_rate_overEqual40"} */

[0m22:49:27.561421 [debug] [Thread-1 (]: SQL status: OK in 0.000 seconds
[0m22:49:27.563422 [debug] [Thread-1 (]: Using duckdb connection "model.edinet_growth_analysis.growth_rate_overEqual40"
[0m22:49:27.563422 [debug] [Thread-1 (]: On model.edinet_growth_analysis.growth_rate_overEqual40: /* {"app": "dbt", "dbt_version": "1.11.12", "profile_name": "edinet_growth_analysis", "target_name": "dev", "node_id": "model.edinet_growth_analysis.growth_rate_overEqual40"} */
copy "dev"."main"."growth_rate_overEqual40__dbt_tmp" to './output/growth_rate_overEqual40.csv' (format csv, header 1)
[0m22:49:27.567423 [debug] [Thread-1 (]: SQL status: OK in 0.003 seconds
[0m22:49:27.567423 [debug] [Thread-1 (]: Writing runtime sql for node "model.edinet_growth_analysis.growth_rate_overEqual40"
[0m22:49:27.568930 [debug] [Thread-1 (]: Using duckdb connection "model.edinet_growth_analysis.growth_rate_overEqual40"
[0m22:49:27.570108 [debug] [Thread-1 (]: On model.edinet_growth_analysis.growth_rate_overEqual40: /* {"app": "dbt", "dbt_version": "1.11.12", "profile_name": "edinet_growth_analysis", "target_name": "dev", "node_id": "model.edinet_growth_analysis.growth_rate_overEqual40"} */

    create or replace view "dev"."main"."growth_rate_overEqual40__dbt_int" as (
      select * from read_csv('./output/growth_rate_overEqual40.csv', auto_detect=True)
      -- if relation is empty, filter by all columns having null values
      
    );
    
[0m22:49:27.575250 [debug] [Thread-1 (]: SQL status: OK in 0.005 seconds
[0m22:49:27.579763 [debug] [Thread-1 (]: Using duckdb connection "model.edinet_growth_analysis.growth_rate_overEqual40"
[0m22:49:27.579763 [debug] [Thread-1 (]: On model.edinet_growth_analysis.growth_rate_overEqual40: /* {"app": "dbt", "dbt_version": "1.11.12", "profile_name": "edinet_growth_analysis", "target_name": "dev", "node_id": "model.edinet_growth_analysis.growth_rate_overEqual40"} */
alter table "dev"."main"."growth_rate_overEqual40" rename to "growth_rate_overEqual40__dbt_backup"
[0m22:49:27.580764 [debug] [Thread-1 (]: SQL status: OK in 0.000 seconds
[0m22:49:27.582763 [debug] [Thread-1 (]: Using duckdb connection "model.edinet_growth_analysis.growth_rate_overEqual40"
[0m22:49:27.582763 [debug] [Thread-1 (]: On model.edinet_growth_analysis.growth_rate_overEqual40: /* {"app": "dbt", "dbt_version": "1.11.12", "profile_name": "edinet_growth_analysis", "target_name": "dev", "node_id": "model.edinet_growth_analysis.growth_rate_overEqual40"} */
alter view "dev"."main"."growth_rate_overEqual40__dbt_int" rename to "growth_rate_overEqual40"
[0m22:49:27.583762 [debug] [Thread-1 (]: SQL status: OK in 0.000 seconds
[0m22:49:27.592331 [debug] [Thread-1 (]: On model.edinet_growth_analysis.growth_rate_overEqual40: COMMIT
[0m22:49:27.592331 [debug] [Thread-1 (]: Using duckdb connection "model.edinet_growth_analysis.growth_rate_overEqual40"
[0m22:49:27.592331 [debug] [Thread-1 (]: On model.edinet_growth_analysis.growth_rate_overEqual40: COMMIT
[0m22:49:27.596600 [debug] [Thread-1 (]: SQL status: OK in 0.003 seconds
[0m22:49:27.600101 [debug] [Thread-1 (]: Using duckdb connection "model.edinet_growth_analysis.growth_rate_overEqual40"
[0m22:49:27.600101 [debug] [Thread-1 (]: On model.edinet_growth_analysis.growth_rate_overEqual40: /* {"app": "dbt", "dbt_version": "1.11.12", "profile_name": "edinet_growth_analysis", "target_name": "dev", "node_id": "model.edinet_growth_analysis.growth_rate_overEqual40"} */

      drop table if exists "dev"."main"."growth_rate_overEqual40__dbt_backup" cascade
    
[0m22:49:27.603114 [debug] [Thread-1 (]: SQL status: OK in 0.002 seconds
[0m22:49:27.605100 [debug] [Thread-1 (]: Using duckdb connection "model.edinet_growth_analysis.growth_rate_overEqual40"
[0m22:49:27.605100 [debug] [Thread-1 (]: On model.edinet_growth_analysis.growth_rate_overEqual40: /* {"app": "dbt", "dbt_version": "1.11.12", "profile_name": "edinet_growth_analysis", "target_name": "dev", "node_id": "model.edinet_growth_analysis.growth_rate_overEqual40"} */

      drop table if exists "dev"."main"."growth_rate_overEqual40__dbt_tmp" cascade
    
[0m22:49:27.607099 [debug] [Thread-1 (]: SQL status: OK in 0.002 seconds
[0m22:49:27.609610 [debug] [Thread-1 (]: On model.edinet_growth_analysis.growth_rate_overEqual40: Close
[0m22:49:27.610609 [debug] [Thread-1 (]: Sending event: {'category': 'dbt', 'action': 'run_model', 'label': '74d7dd3b-83d9-4dfb-833c-e2e930955fe6', 'context': [<snowplow_tracker.self_describing_json.SelfDescribingJson object at 0x0000021F4BC1DE20>]}
[0m22:49:27.611615 [info ] [Thread-1 (]: 1 of 3 OK created sql external model main.growth_rate_overEqual40 .............. [[32mOK[0m in 0.11s]
[0m22:49:27.612615 [debug] [Thread-1 (]: Finished running node model.edinet_growth_analysis.growth_rate_overEqual40
[0m22:49:27.612615 [debug] [Thread-1 (]: Began running node model.edinet_growth_analysis.my_first_dbt_model
[0m22:49:27.613614 [info ] [Thread-1 (]: 2 of 3 START sql table model main.my_first_dbt_model ........................... [RUN]
[0m22:49:27.613614 [debug] [Thread-1 (]: Re-using an available connection from the pool (formerly model.edinet_growth_analysis.growth_rate_overEqual40, now model.edinet_growth_analysis.my_first_dbt_model)
[0m22:49:27.613614 [debug] [Thread-1 (]: Began compiling node model.edinet_growth_analysis.my_first_dbt_model
[0m22:49:27.615630 [debug] [Thread-1 (]: Writing injected SQL for node "model.edinet_growth_analysis.my_first_dbt_model"
[0m22:49:27.616616 [debug] [Thread-1 (]: Began executing node model.edinet_growth_analysis.my_first_dbt_model
[0m22:49:27.623128 [debug] [Thread-1 (]: Writing runtime sql for node "model.edinet_growth_analysis.my_first_dbt_model"
[0m22:49:27.624128 [debug] [Thread-1 (]: Using duckdb connection "model.edinet_growth_analysis.my_first_dbt_model"
[0m22:49:27.624128 [debug] [Thread-1 (]: On model.edinet_growth_analysis.my_first_dbt_model: BEGIN
[0m22:49:27.625129 [debug] [Thread-1 (]: Opening a new connection, currently in state closed
[0m22:49:27.625129 [debug] [Thread-1 (]: SQL status: OK in 0.000 seconds
[0m22:49:27.625129 [debug] [Thread-1 (]: Using duckdb connection "model.edinet_growth_analysis.my_first_dbt_model"
[0m22:49:27.626129 [debug] [Thread-1 (]: On model.edinet_growth_analysis.my_first_dbt_model: /* {"app": "dbt", "dbt_version": "1.11.12", "profile_name": "edinet_growth_analysis", "target_name": "dev", "node_id": "model.edinet_growth_analysis.my_first_dbt_model"} */

  
    
    

    create  table
      "dev"."main"."my_first_dbt_model__dbt_tmp"
  
    as (
      /*
    Welcome to your first dbt model!
    Did you know that you can also configure models directly within SQL files?
    This will override configurations stated in dbt_project.yml

    Try changing "table" to "view" below
*/



with source_data as (

    select 1 as id
    union all
    select null as id

)

select *
from source_data

/*
    Uncomment the line below to remove records with null `id` values
*/

-- where id is not null
    );
  
  
[0m22:49:27.626129 [debug] [Thread-1 (]: SQL status: OK in 0.000 seconds
[0m22:49:27.629641 [debug] [Thread-1 (]: Using duckdb connection "model.edinet_growth_analysis.my_first_dbt_model"
[0m22:49:27.630642 [debug] [Thread-1 (]: On model.edinet_growth_analysis.my_first_dbt_model: /* {"app": "dbt", "dbt_version": "1.11.12", "profile_name": "edinet_growth_analysis", "target_name": "dev", "node_id": "model.edinet_growth_analysis.my_first_dbt_model"} */

    SELECT index_name
    FROM duckdb_indexes()
    WHERE schema_name = 'main'
      AND table_name = 'my_first_dbt_model'
  
[0m22:49:27.630642 [debug] [Thread-1 (]: SQL status: OK in 0.000 seconds
[0m22:49:27.631648 [debug] [Thread-1 (]: Using duckdb connection "model.edinet_growth_analysis.my_first_dbt_model"
[0m22:49:27.632647 [debug] [Thread-1 (]: On model.edinet_growth_analysis.my_first_dbt_model: /* {"app": "dbt", "dbt_version": "1.11.12", "profile_name": "edinet_growth_analysis", "target_name": "dev", "node_id": "model.edinet_growth_analysis.my_first_dbt_model"} */

    SELECT COUNT(*) as remaining_indexes
    FROM duckdb_indexes()
    WHERE schema_name = 'main'
      AND table_name = 'my_first_dbt_model'
  
[0m22:49:27.632647 [debug] [Thread-1 (]: SQL status: OK in 0.000 seconds
[0m22:49:27.634648 [debug] [Thread-1 (]: Using duckdb connection "model.edinet_growth_analysis.my_first_dbt_model"
[0m22:49:27.635648 [debug] [Thread-1 (]: On model.edinet_growth_analysis.my_first_dbt_model: /* {"app": "dbt", "dbt_version": "1.11.12", "profile_name": "edinet_growth_analysis", "target_name": "dev", "node_id": "model.edinet_growth_analysis.my_first_dbt_model"} */
alter table "dev"."main"."my_first_dbt_model" rename to "my_first_dbt_model__dbt_backup"
[0m22:49:27.635648 [debug] [Thread-1 (]: SQL status: OK in 0.000 seconds
[0m22:49:27.637649 [debug] [Thread-1 (]: Using duckdb connection "model.edinet_growth_analysis.my_first_dbt_model"
[0m22:49:27.637649 [debug] [Thread-1 (]: On model.edinet_growth_analysis.my_first_dbt_model: /* {"app": "dbt", "dbt_version": "1.11.12", "profile_name": "edinet_growth_analysis", "target_name": "dev", "node_id": "model.edinet_growth_analysis.my_first_dbt_model"} */
alter table "dev"."main"."my_first_dbt_model__dbt_tmp" rename to "my_first_dbt_model"
[0m22:49:27.638649 [debug] [Thread-1 (]: SQL status: OK in 0.000 seconds
[0m22:49:27.641166 [debug] [Thread-1 (]: On model.edinet_growth_analysis.my_first_dbt_model: COMMIT
[0m22:49:27.642166 [debug] [Thread-1 (]: Using duckdb connection "model.edinet_growth_analysis.my_first_dbt_model"
[0m22:49:27.642166 [debug] [Thread-1 (]: On model.edinet_growth_analysis.my_first_dbt_model: COMMIT
[0m22:49:27.644190 [debug] [Thread-1 (]: SQL status: OK in 0.002 seconds
[0m22:49:27.646167 [debug] [Thread-1 (]: Using duckdb connection "model.edinet_growth_analysis.my_first_dbt_model"
[0m22:49:27.646167 [debug] [Thread-1 (]: On model.edinet_growth_analysis.my_first_dbt_model: /* {"app": "dbt", "dbt_version": "1.11.12", "profile_name": "edinet_growth_analysis", "target_name": "dev", "node_id": "model.edinet_growth_analysis.my_first_dbt_model"} */

      drop table if exists "dev"."main"."my_first_dbt_model__dbt_backup" cascade
    
[0m22:49:27.648704 [debug] [Thread-1 (]: SQL status: OK in 0.002 seconds
[0m22:49:27.649722 [debug] [Thread-1 (]: On model.edinet_growth_analysis.my_first_dbt_model: Close
[0m22:49:27.650723 [debug] [Thread-1 (]: Sending event: {'category': 'dbt', 'action': 'run_model', 'label': '74d7dd3b-83d9-4dfb-833c-e2e930955fe6', 'context': [<snowplow_tracker.self_describing_json.SelfDescribingJson object at 0x0000021F50E17140>]}
[0m22:49:27.650723 [info ] [Thread-1 (]: 2 of 3 OK created sql table model main.my_first_dbt_model ...................... [[32mOK[0m in 0.04s]
[0m22:49:27.651730 [debug] [Thread-1 (]: Finished running node model.edinet_growth_analysis.my_first_dbt_model
[0m22:49:27.652727 [debug] [Thread-1 (]: Began running node model.edinet_growth_analysis.my_second_dbt_model
[0m22:49:27.652727 [info ] [Thread-1 (]: 3 of 3 START sql table model main.my_second_dbt_model .......................... [RUN]
[0m22:49:27.653728 [debug] [Thread-1 (]: Re-using an available connection from the pool (formerly model.edinet_growth_analysis.my_first_dbt_model, now model.edinet_growth_analysis.my_second_dbt_model)
[0m22:49:27.653728 [debug] [Thread-1 (]: Began compiling node model.edinet_growth_analysis.my_second_dbt_model
[0m22:49:27.656730 [debug] [Thread-1 (]: Writing injected SQL for node "model.edinet_growth_analysis.my_second_dbt_model"
[0m22:49:27.656730 [debug] [Thread-1 (]: Began executing node model.edinet_growth_analysis.my_second_dbt_model
[0m22:49:27.691452 [debug] [Thread-1 (]: Writing runtime sql for node "model.edinet_growth_analysis.my_second_dbt_model"
[0m22:49:27.692421 [debug] [Thread-1 (]: Using duckdb connection "model.edinet_growth_analysis.my_second_dbt_model"
[0m22:49:27.692421 [debug] [Thread-1 (]: On model.edinet_growth_analysis.my_second_dbt_model: BEGIN
[0m22:49:27.692421 [debug] [Thread-1 (]: Opening a new connection, currently in state closed
[0m22:49:27.693422 [debug] [Thread-1 (]: SQL status: OK in 0.000 seconds
[0m22:49:27.693422 [debug] [Thread-1 (]: Using duckdb connection "model.edinet_growth_analysis.my_second_dbt_model"
[0m22:49:27.693422 [debug] [Thread-1 (]: On model.edinet_growth_analysis.my_second_dbt_model: /* {"app": "dbt", "dbt_version": "1.11.12", "profile_name": "edinet_growth_analysis", "target_name": "dev", "node_id": "model.edinet_growth_analysis.my_second_dbt_model"} */

  
    
    

    create  table
      "dev"."main"."my_second_dbt_model__dbt_tmp"
  
    as (
      -- Use the `ref` function to select from other models

select *
from "dev"."main"."my_first_dbt_model"
where id = 1
    );
  
  
[0m22:49:27.694422 [debug] [Thread-1 (]: SQL status: OK in 0.000 seconds
[0m22:49:27.695423 [debug] [Thread-1 (]: Using duckdb connection "model.edinet_growth_analysis.my_second_dbt_model"
[0m22:49:27.695423 [debug] [Thread-1 (]: On model.edinet_growth_analysis.my_second_dbt_model: /* {"app": "dbt", "dbt_version": "1.11.12", "profile_name": "edinet_growth_analysis", "target_name": "dev", "node_id": "model.edinet_growth_analysis.my_second_dbt_model"} */

    SELECT index_name
    FROM duckdb_indexes()
    WHERE schema_name = 'main'
      AND table_name = 'my_second_dbt_model'
  
[0m22:49:27.696422 [debug] [Thread-1 (]: SQL status: OK in 0.000 seconds
[0m22:49:27.696422 [debug] [Thread-1 (]: Using duckdb connection "model.edinet_growth_analysis.my_second_dbt_model"
[0m22:49:27.697423 [debug] [Thread-1 (]: On model.edinet_growth_analysis.my_second_dbt_model: /* {"app": "dbt", "dbt_version": "1.11.12", "profile_name": "edinet_growth_analysis", "target_name": "dev", "node_id": "model.edinet_growth_analysis.my_second_dbt_model"} */

    SELECT COUNT(*) as remaining_indexes
    FROM duckdb_indexes()
    WHERE schema_name = 'main'
      AND table_name = 'my_second_dbt_model'
  
[0m22:49:27.697423 [debug] [Thread-1 (]: SQL status: OK in 0.000 seconds
[0m22:49:27.699936 [debug] [Thread-1 (]: Using duckdb connection "model.edinet_growth_analysis.my_second_dbt_model"
[0m22:49:27.699936 [debug] [Thread-1 (]: On model.edinet_growth_analysis.my_second_dbt_model: /* {"app": "dbt", "dbt_version": "1.11.12", "profile_name": "edinet_growth_analysis", "target_name": "dev", "node_id": "model.edinet_growth_analysis.my_second_dbt_model"} */
alter table "dev"."main"."my_second_dbt_model" rename to "my_second_dbt_model__dbt_backup"
[0m22:49:27.700935 [debug] [Thread-1 (]: SQL status: OK in 0.000 seconds
[0m22:49:27.701941 [debug] [Thread-1 (]: Using duckdb connection "model.edinet_growth_analysis.my_second_dbt_model"
[0m22:49:27.701941 [debug] [Thread-1 (]: On model.edinet_growth_analysis.my_second_dbt_model: /* {"app": "dbt", "dbt_version": "1.11.12", "profile_name": "edinet_growth_analysis", "target_name": "dev", "node_id": "model.edinet_growth_analysis.my_second_dbt_model"} */
alter table "dev"."main"."my_second_dbt_model__dbt_tmp" rename to "my_second_dbt_model"
[0m22:49:27.702941 [debug] [Thread-1 (]: SQL status: OK in 0.000 seconds
[0m22:49:27.703942 [debug] [Thread-1 (]: On model.edinet_growth_analysis.my_second_dbt_model: COMMIT
[0m22:49:27.703942 [debug] [Thread-1 (]: Using duckdb connection "model.edinet_growth_analysis.my_second_dbt_model"
[0m22:49:27.704945 [debug] [Thread-1 (]: On model.edinet_growth_analysis.my_second_dbt_model: COMMIT
[0m22:49:27.709041 [debug] [Thread-1 (]: SQL status: OK in 0.004 seconds
[0m22:49:27.710550 [debug] [Thread-1 (]: Using duckdb connection "model.edinet_growth_analysis.my_second_dbt_model"
[0m22:49:27.710550 [debug] [Thread-1 (]: On model.edinet_growth_analysis.my_second_dbt_model: /* {"app": "dbt", "dbt_version": "1.11.12", "profile_name": "edinet_growth_analysis", "target_name": "dev", "node_id": "model.edinet_growth_analysis.my_second_dbt_model"} */

      drop table if exists "dev"."main"."my_second_dbt_model__dbt_backup" cascade
    
[0m22:49:27.713571 [debug] [Thread-1 (]: SQL status: OK in 0.002 seconds
[0m22:49:27.714557 [debug] [Thread-1 (]: On model.edinet_growth_analysis.my_second_dbt_model: Close
[0m22:49:27.714557 [debug] [Thread-1 (]: Sending event: {'category': 'dbt', 'action': 'run_model', 'label': '74d7dd3b-83d9-4dfb-833c-e2e930955fe6', 'context': [<snowplow_tracker.self_describing_json.SelfDescribingJson object at 0x0000021F50F00320>]}
[0m22:49:27.714557 [info ] [Thread-1 (]: 3 of 3 OK created sql table model main.my_second_dbt_model ..................... [[32mOK[0m in 0.06s]
[0m22:49:27.715557 [debug] [Thread-1 (]: Finished running node model.edinet_growth_analysis.my_second_dbt_model
[0m22:49:27.716555 [debug] [MainThread]: Using duckdb connection "master"
[0m22:49:27.716555 [debug] [MainThread]: On master: BEGIN
[0m22:49:27.716555 [debug] [MainThread]: Opening a new connection, currently in state closed
[0m22:49:27.717589 [debug] [MainThread]: SQL status: OK in 0.000 seconds
[0m22:49:27.717589 [debug] [MainThread]: On master: COMMIT
[0m22:49:27.717589 [debug] [MainThread]: Using duckdb connection "master"
[0m22:49:27.717589 [debug] [MainThread]: On master: COMMIT
[0m22:49:27.717589 [debug] [MainThread]: SQL status: OK in 0.000 seconds
[0m22:49:27.719099 [debug] [MainThread]: On master: Close
[0m22:49:27.719099 [debug] [MainThread]: Connection 'master' was properly closed.
[0m22:49:27.719099 [debug] [MainThread]: Connection 'create_dev_main' was properly closed.
[0m22:49:27.720106 [debug] [MainThread]: Connection 'list_dev_main' was properly closed.
[0m22:49:27.720106 [debug] [MainThread]: Connection 'model.edinet_growth_analysis.my_second_dbt_model' was properly closed.
[0m22:49:27.720106 [info ] [MainThread]: 
[0m22:49:27.721108 [info ] [MainThread]: Finished running 1 external model, 2 table models in 0 hours 0 minutes and 0.30 seconds (0.30s).
[0m22:49:27.722105 [debug] [MainThread]: Command end result
[0m22:49:27.738619 [debug] [MainThread]: Wrote artifact WritableManifest to C:\Users\nekoa\project_2026\kayleet_scherbel_project_2026\edinet_growth_analysis\target\manifest.json
[0m22:49:27.740128 [debug] [MainThread]: Wrote artifact SemanticManifest to C:\Users\nekoa\project_2026\kayleet_scherbel_project_2026\edinet_growth_analysis\target\semantic_manifest.json
[0m22:49:27.744134 [debug] [MainThread]: Wrote artifact RunExecutionResult to C:\Users\nekoa\project_2026\kayleet_scherbel_project_2026\edinet_growth_analysis\target\run_results.json
[0m22:49:27.744134 [info ] [MainThread]: 
[0m22:49:27.744134 [info ] [MainThread]: [32mCompleted successfully[0m
[0m22:49:27.745135 [info ] [MainThread]: 
[0m22:49:27.745135 [info ] [MainThread]: Done. PASS=3 WARN=0 ERROR=0 SKIP=0 NO-OP=0 TOTAL=3
[0m22:49:27.746134 [debug] [MainThread]: Command `dbt run` succeeded at 22:49:27.746134 after 0.95 seconds
[0m22:49:27.746134 [debug] [MainThread]: Sending event: {'category': 'dbt', 'action': 'invocation', 'label': 'end', 'context': [<snowplow_tracker.self_describing_json.SelfDescribingJson object at 0x0000021F4E7C81D0>, <snowplow_tracker.self_describing_json.SelfDescribingJson object at 0x0000021F4E1564E0>, <snowplow_tracker.self_describing_json.SelfDescribingJson object at 0x0000021F4DC15550>]}
[0m22:49:27.747135 [debug] [MainThread]: Flushing usage events
[0m22:49:28.721097 [debug] [MainThread]: An error was encountered while trying to flush usage events
[0m23:01:49.786862 [debug] [MainThread]: Sending event: {'category': 'dbt', 'action': 'invocation', 'label': 'start', 'context': [<snowplow_tracker.self_describing_json.SelfDescribingJson object at 0x000002280FC5FAA0>, <snowplow_tracker.self_describing_json.SelfDescribingJson object at 0x0000022810026B70>, <snowplow_tracker.self_describing_json.SelfDescribingJson object at 0x0000022810026AB0>]}


============================== 23:01:49.789437 | 9489be43-a6b0-4e89-a7ab-47b858401e49 ==============================
[0m23:01:49.789437 [info ] [MainThread]: Running with dbt=1.11.12
[0m23:01:49.789437 [debug] [MainThread]: running dbt with arguments {'version_check': 'True', 'no_print': 'None', 'static_parser': 'True', 'target_path': 'None', 'warn_error_options': 'WarnErrorOptionsV2(error=[], warn=[], silence=[])', 'printer_width': '80', 'write_json': 'True', 'introspect': 'True', 'log_cache_events': 'False', 'empty': 'None', 'cache_selected_only': 'False', 'fail_fast': 'False', 'debug': 'False', 'log_format': 'default', 'partial_parse': 'True', 'send_anonymous_usage_stats': 'True', 'quiet': 'False', 'warn_error': 'None', 'profiles_dir': 'C:\\Users\\nekoa\\.dbt', 'indirect_selection': 'eager', 'invocation_command': 'dbt clean', 'use_colors': 'True', 'use_experimental_parser': 'False', 'log_path': 'C:\\Users\\nekoa\\project_2026\\kayleet_scherbel_project_2026\\edinet_growth_analysis\\logs'}
[0m23:01:49.791973 [warn ] [MainThread]: [[33mWARNING[0m][CustomKeyInConfigDeprecation]: Deprecated functionality
Custom key `net_sales_yen` found in `config` at path
`+config.column_types.net_sales_yen` in file `C:\Users\nekoa\project_2026\kaylee
t_scherbel_project_2026\edinet_growth_analysis\dbt_project.yml`. Custom config
keys should move into the `config.meta`.
[0m23:01:49.792973 [debug] [MainThread]: Sending event: {'category': 'dbt', 'action': 'deprecation', 'label': '9489be43-a6b0-4e89-a7ab-47b858401e49', 'property_': 'warn', 'context': [<snowplow_tracker.self_describing_json.SelfDescribingJson object at 0x0000022811730CB0>]}
[0m23:01:49.872130 [debug] [MainThread]: Sending event: {'category': 'dbt', 'action': 'project_id', 'label': '9489be43-a6b0-4e89-a7ab-47b858401e49', 'context': [<snowplow_tracker.self_describing_json.SelfDescribingJson object at 0x000002280FE638C0>]}
[0m23:01:49.887573 [warn ] [MainThread]: [[33mWARNING[0m][DeprecationsSummary]: Deprecated functionality
Summary of encountered deprecations:
- CustomKeyInConfigDeprecation: 1 occurrence
To see all deprecation instances instead of just the first occurrence of each,
run command again with the `--show-all-deprecations` flag. You may also need to
run with `--no-partial-parse` as some deprecations are only encountered during
parsing.
[0m23:01:49.887573 [debug] [MainThread]: Command `dbt clean` succeeded at 23:01:49.887573 after 0.33 seconds
[0m23:01:49.887573 [debug] [MainThread]: Sending event: {'category': 'dbt', 'action': 'invocation', 'label': 'end', 'context': [<snowplow_tracker.self_describing_json.SelfDescribingJson object at 0x0000022810026AB0>, <snowplow_tracker.self_describing_json.SelfDescribingJson object at 0x00000228105041D0>, <snowplow_tracker.self_describing_json.SelfDescribingJson object at 0x000002280FB9CDA0>]}
[0m23:01:49.888588 [debug] [MainThread]: Flushing usage events
[0m23:01:50.889817 [debug] [MainThread]: An error was encountered while trying to flush usage events
[0m23:04:34.967664 [debug] [MainThread]: Sending event: {'category': 'dbt', 'action': 'invocation', 'label': 'start', 'context': [<snowplow_tracker.self_describing_json.SelfDescribingJson object at 0x000001F5038C0B90>, <snowplow_tracker.self_describing_json.SelfDescribingJson object at 0x000001F5038F1310>, <snowplow_tracker.self_describing_json.SelfDescribingJson object at 0x000001F503748230>]}


============================== 23:04:34.970668 | 75ac3e51-14c7-4cdb-afe3-cc5cff9d8c9b ==============================
[0m23:04:34.970668 [info ] [MainThread]: Running with dbt=1.11.12
[0m23:04:34.971667 [debug] [MainThread]: running dbt with arguments {'version_check': 'True', 'no_print': 'None', 'static_parser': 'True', 'target_path': 'None', 'warn_error_options': 'WarnErrorOptionsV2(error=[], warn=[], silence=[])', 'printer_width': '80', 'write_json': 'True', 'introspect': 'True', 'log_cache_events': 'False', 'empty': 'None', 'cache_selected_only': 'False', 'log_format': 'default', 'debug': 'False', 'fail_fast': 'False', 'partial_parse': 'True', 'send_anonymous_usage_stats': 'True', 'quiet': 'False', 'warn_error': 'None', 'profiles_dir': 'C:\\Users\\nekoa\\.dbt', 'indirect_selection': 'eager', 'invocation_command': 'dbt seed', 'use_colors': 'True', 'use_experimental_parser': 'False', 'log_path': 'C:\\Users\\nekoa\\project_2026\\kayleet_scherbel_project_2026\\edinet_growth_analysis\\logs'}
[0m23:04:35.118423 [debug] [MainThread]: Sending event: {'category': 'dbt', 'action': 'project_id', 'label': '75ac3e51-14c7-4cdb-afe3-cc5cff9d8c9b', 'context': [<snowplow_tracker.self_describing_json.SelfDescribingJson object at 0x000001F504ED8BC0>]}
[0m23:04:35.159102 [debug] [MainThread]: Sending event: {'category': 'dbt', 'action': 'adapter_info', 'label': '75ac3e51-14c7-4cdb-afe3-cc5cff9d8c9b', 'context': [<snowplow_tracker.self_describing_json.SelfDescribingJson object at 0x000001F505831FD0>]}
[0m23:04:35.161087 [info ] [MainThread]: Registered adapter: duckdb=1.10.1
[0m23:04:35.302847 [debug] [MainThread]: checksum: f368f5348cf42803b94ef7fb8257ecf3bf9a9a16dd9c8c51fe5172f2dbeb457f, vars: {}, profile: , target: , version: 1.11.12
[0m23:04:35.304352 [info ] [MainThread]: Unable to do partial parsing because saved manifest not found. Starting full parse.
[0m23:04:35.305359 [debug] [MainThread]: Sending event: {'category': 'dbt', 'action': 'partial_parser', 'label': '75ac3e51-14c7-4cdb-afe3-cc5cff9d8c9b', 'context': [<snowplow_tracker.self_describing_json.SelfDescribingJson object at 0x000001F505830E00>]}
[0m23:04:36.056292 [warn ] [MainThread]: [[33mWARNING[0m]: Did not find matching node for patch with name 'my_first_dbt_model' in the 'models' section of file 'models\schema.yml'
[0m23:04:36.057797 [warn ] [MainThread]: [[33mWARNING[0m]: Did not find matching node for patch with name 'my_second_dbt_model' in the 'models' section of file 'models\schema.yml'
[0m23:04:36.059800 [warn ] [MainThread]: [[33mWARNING[0m]: Did not find matching node for patch with name 'growth_rate_overEqual40_model' in the 'models' section of file 'models\schema.yml'
[0m23:04:36.142546 [warn ] [MainThread]: [[33mWARNING[0m]: Test 'test.edinet_growth_analysis.unique_my_first_dbt_model_id.16e066b321' (models\schema.yml) depends on a node named 'my_first_dbt_model' in package '' which was not found
[0m23:04:36.143546 [warn ] [MainThread]: [[33mWARNING[0m]: Test 'test.edinet_growth_analysis.not_null_my_first_dbt_model_id.5fb22c2710' (models\schema.yml) depends on a node named 'my_first_dbt_model' in package '' which was not found
[0m23:04:36.144546 [warn ] [MainThread]: [[33mWARNING[0m]: Test 'test.edinet_growth_analysis.unique_my_second_dbt_model_id.57a0f8c493' (models\schema.yml) depends on a node named 'my_second_dbt_model' in package '' which was not found
[0m23:04:36.145097 [warn ] [MainThread]: [[33mWARNING[0m]: Test 'test.edinet_growth_analysis.not_null_my_second_dbt_model_id.151b76d778' (models\schema.yml) depends on a node named 'my_second_dbt_model' in package '' which was not found
[0m23:04:36.145097 [warn ] [MainThread]: [[33mWARNING[0m]: Test 'test.edinet_growth_analysis.unique_growth_rate_overEqual40_model_company.1402e98093' (models\schema.yml) depends on a node named 'growth_rate_overEqual40_model' in package '' which was not found
[0m23:04:36.146089 [warn ] [MainThread]: [[33mWARNING[0m]: Test 'test.edinet_growth_analysis.not_null_growth_rate_overEqual40_model_company.494ba846e1' (models\schema.yml) depends on a node named 'growth_rate_overEqual40_model' in package '' which was not found
[0m23:04:36.196491 [debug] [MainThread]: Sending event: {'category': 'dbt', 'action': 'load_project', 'label': '75ac3e51-14c7-4cdb-afe3-cc5cff9d8c9b', 'context': [<snowplow_tracker.self_describing_json.SelfDescribingJson object at 0x000001F505D943E0>]}
[0m23:04:36.248104 [debug] [MainThread]: Wrote artifact WritableManifest to C:\Users\nekoa\project_2026\kayleet_scherbel_project_2026\edinet_growth_analysis\target\manifest.json
[0m23:04:36.250106 [debug] [MainThread]: Wrote artifact SemanticManifest to C:\Users\nekoa\project_2026\kayleet_scherbel_project_2026\edinet_growth_analysis\target\semantic_manifest.json
[0m23:04:36.257618 [debug] [MainThread]: Sending event: {'category': 'dbt', 'action': 'resource_counts', 'label': '75ac3e51-14c7-4cdb-afe3-cc5cff9d8c9b', 'context': [<snowplow_tracker.self_describing_json.SelfDescribingJson object at 0x000001F505F6B530>]}
[0m23:04:36.257618 [info ] [MainThread]: Found 1 model, 1 seed, 485 macros
[0m23:04:36.258715 [debug] [MainThread]: Sending event: {'category': 'dbt', 'action': 'runnable_timing', 'label': '75ac3e51-14c7-4cdb-afe3-cc5cff9d8c9b', 'context': [<snowplow_tracker.self_describing_json.SelfDescribingJson object at 0x000001F505D98E00>]}
[0m23:04:36.259720 [info ] [MainThread]: 
[0m23:04:36.259720 [info ] [MainThread]: Concurrency: 1 threads (target='dev')
[0m23:04:36.260719 [info ] [MainThread]: 
[0m23:04:36.261716 [debug] [MainThread]: Acquiring new duckdb connection 'master'
[0m23:04:36.262715 [debug] [ThreadPool]: Acquiring new duckdb connection 'list_dev'
[0m23:04:36.300427 [debug] [ThreadPool]: Using duckdb connection "list_dev"
[0m23:04:36.300427 [debug] [ThreadPool]: On list_dev: /* {"app": "dbt", "dbt_version": "1.11.12", "profile_name": "edinet_growth_analysis", "target_name": "dev", "connection_name": "list_dev"} */

    
    select schema_name
    from system.information_schema.schemata
    
    where lower(catalog_name) = '"dev"'
    
  
  
[0m23:04:36.300427 [debug] [ThreadPool]: Opening a new connection, currently in state init
[0m23:04:36.311962 [debug] [ThreadPool]: SQL status: OK in 0.011 seconds
[0m23:04:36.312962 [debug] [ThreadPool]: On list_dev: Close
[0m23:04:36.313963 [debug] [ThreadPool]: Re-using an available connection from the pool (formerly list_dev, now create_dev_main)
[0m23:04:36.313963 [debug] [ThreadPool]: Creating schema "database: "dev"
schema: "main"
"
[0m23:04:36.318505 [debug] [ThreadPool]: Using duckdb connection "create_dev_main"
[0m23:04:36.318505 [debug] [ThreadPool]: On create_dev_main: /* {"app": "dbt", "dbt_version": "1.11.12", "profile_name": "edinet_growth_analysis", "target_name": "dev", "connection_name": "create_dev_main"} */

    
        select type from duckdb_databases()
        where lower(database_name)='dev'
        and type='sqlite'
    
  
[0m23:04:36.318505 [debug] [ThreadPool]: Opening a new connection, currently in state closed
[0m23:04:36.319491 [debug] [ThreadPool]: SQL status: OK in 0.001 seconds
[0m23:04:36.320490 [debug] [ThreadPool]: Using duckdb connection "create_dev_main"
[0m23:04:36.320490 [debug] [ThreadPool]: On create_dev_main: BEGIN
[0m23:04:36.320490 [debug] [ThreadPool]: SQL status: OK in 0.000 seconds
[0m23:04:36.321491 [debug] [ThreadPool]: Using duckdb connection "create_dev_main"
[0m23:04:36.321491 [debug] [ThreadPool]: On create_dev_main: /* {"app": "dbt", "dbt_version": "1.11.12", "profile_name": "edinet_growth_analysis", "target_name": "dev", "connection_name": "create_dev_main"} */

    
    
        create schema if not exists "dev"."main"
    
[0m23:04:36.321491 [debug] [ThreadPool]: SQL status: OK in 0.000 seconds
[0m23:04:36.322491 [debug] [ThreadPool]: On create_dev_main: COMMIT
[0m23:04:36.322491 [debug] [ThreadPool]: Using duckdb connection "create_dev_main"
[0m23:04:36.322491 [debug] [ThreadPool]: On create_dev_main: COMMIT
[0m23:04:36.323512 [debug] [ThreadPool]: SQL status: OK in 0.000 seconds
[0m23:04:36.323512 [debug] [ThreadPool]: On create_dev_main: Close
[0m23:04:36.327007 [debug] [ThreadPool]: Acquiring new duckdb connection 'list_dev_main'
[0m23:04:36.330022 [debug] [ThreadPool]: Using duckdb connection "list_dev_main"
[0m23:04:36.330022 [debug] [ThreadPool]: On list_dev_main: BEGIN
[0m23:04:36.331006 [debug] [ThreadPool]: Opening a new connection, currently in state init
[0m23:04:36.331006 [debug] [ThreadPool]: SQL status: OK in 0.000 seconds
[0m23:04:36.331006 [debug] [ThreadPool]: Using duckdb connection "list_dev_main"
[0m23:04:36.332023 [debug] [ThreadPool]: On list_dev_main: /* {"app": "dbt", "dbt_version": "1.11.12", "profile_name": "edinet_growth_analysis", "target_name": "dev", "connection_name": "list_dev_main"} */
select
      'dev' as database,
      table_name as name,
      table_schema as schema,
      CASE table_type
        WHEN 'BASE TABLE' THEN 'table'
        WHEN 'VIEW' THEN 'view'
        WHEN 'LOCAL TEMPORARY' THEN 'table'
        END as type
    from system.information_schema.tables
    where lower(table_schema) = 'main'
    and lower(table_catalog) = 'dev'
  
[0m23:04:36.334540 [debug] [ThreadPool]: SQL status: OK in 0.002 seconds
[0m23:04:36.334540 [debug] [ThreadPool]: On list_dev_main: ROLLBACK
[0m23:04:36.335577 [debug] [ThreadPool]: Failed to rollback 'list_dev_main'
[0m23:04:36.335577 [debug] [ThreadPool]: On list_dev_main: Close
[0m23:04:36.336567 [debug] [MainThread]: Sending event: {'category': 'dbt', 'action': 'runnable_timing', 'label': '75ac3e51-14c7-4cdb-afe3-cc5cff9d8c9b', 'context': [<snowplow_tracker.self_describing_json.SelfDescribingJson object at 0x000001F505FF0980>]}
[0m23:04:36.337547 [debug] [MainThread]: Using duckdb connection "master"
[0m23:04:36.337547 [debug] [MainThread]: On master: BEGIN
[0m23:04:36.337547 [debug] [MainThread]: Opening a new connection, currently in state init
[0m23:04:36.337547 [debug] [MainThread]: SQL status: OK in 0.000 seconds
[0m23:04:36.338546 [debug] [MainThread]: On master: COMMIT
[0m23:04:36.338546 [debug] [MainThread]: Using duckdb connection "master"
[0m23:04:36.338546 [debug] [MainThread]: On master: COMMIT
[0m23:04:36.339546 [debug] [MainThread]: SQL status: OK in 0.000 seconds
[0m23:04:36.339546 [debug] [MainThread]: On master: Close
[0m23:04:36.340547 [debug] [Thread-1 (]: Began running node seed.edinet_growth_analysis.net_value_clients
[0m23:04:36.341677 [info ] [Thread-1 (]: 1 of 1 START seed file main.net_value_clients .................................. [RUN]
[0m23:04:36.341677 [debug] [Thread-1 (]: Acquiring new duckdb connection 'seed.edinet_growth_analysis.net_value_clients'
[0m23:04:36.342684 [debug] [Thread-1 (]: Began compiling node seed.edinet_growth_analysis.net_value_clients
[0m23:04:36.342684 [debug] [Thread-1 (]: Began executing node seed.edinet_growth_analysis.net_value_clients
[0m23:04:36.359292 [debug] [Thread-1 (]: Using duckdb connection "seed.edinet_growth_analysis.net_value_clients"
[0m23:04:36.359292 [debug] [Thread-1 (]: On seed.edinet_growth_analysis.net_value_clients: BEGIN
[0m23:04:36.359292 [debug] [Thread-1 (]: Opening a new connection, currently in state init
[0m23:04:36.360292 [debug] [Thread-1 (]: SQL status: OK in 0.001 seconds
[0m23:04:36.360292 [debug] [Thread-1 (]: Using duckdb connection "seed.edinet_growth_analysis.net_value_clients"
[0m23:04:36.360292 [debug] [Thread-1 (]: On seed.edinet_growth_analysis.net_value_clients: /* {"app": "dbt", "dbt_version": "1.11.12", "profile_name": "edinet_growth_analysis", "target_name": "dev", "node_id": "seed.edinet_growth_analysis.net_value_clients"} */
truncate table "dev"."main"."net_value_clients"
[0m23:04:36.361292 [debug] [Thread-1 (]: SQL status: OK in 0.001 seconds
[0m23:04:36.367808 [debug] [Thread-1 (]: Using duckdb connection "seed.edinet_growth_analysis.net_value_clients"
[0m23:04:36.368809 [debug] [Thread-1 (]: On seed.edinet_growth_analysis.net_value_clients: 
          COPY "dev"."main"."net_value_clients" FROM 'C:\Users\nekoa\project_2026\kayleet_scherbel_project_2026\edinet_growth_analysis\seeds\net_value_clients.csv' (FORMAT CSV, HEADER TRUE, DELIMITER ',')
        ...
[0m23:04:36.371809 [debug] [Thread-1 (]: SQL status: OK in 0.003 seconds
[0m23:04:36.375315 [debug] [Thread-1 (]: Writing runtime SQL for node "seed.edinet_growth_analysis.net_value_clients"
[0m23:04:36.383742 [debug] [Thread-1 (]: On seed.edinet_growth_analysis.net_value_clients: COMMIT
[0m23:04:36.383742 [debug] [Thread-1 (]: Using duckdb connection "seed.edinet_growth_analysis.net_value_clients"
[0m23:04:36.384743 [debug] [Thread-1 (]: On seed.edinet_growth_analysis.net_value_clients: COMMIT
[0m23:04:36.387778 [debug] [Thread-1 (]: SQL status: OK in 0.003 seconds
[0m23:04:36.388795 [debug] [Thread-1 (]: On seed.edinet_growth_analysis.net_value_clients: Close
[0m23:04:36.389794 [debug] [Thread-1 (]: Sending event: {'category': 'dbt', 'action': 'run_model', 'label': '75ac3e51-14c7-4cdb-afe3-cc5cff9d8c9b', 'context': [<snowplow_tracker.self_describing_json.SelfDescribingJson object at 0x000001F5031F1A00>]}
[0m23:04:36.390794 [info ] [Thread-1 (]: 1 of 1 OK loaded seed file main.net_value_clients .............................. [[32mINSERT 45[0m in 0.05s]
[0m23:04:36.390794 [debug] [Thread-1 (]: Finished running node seed.edinet_growth_analysis.net_value_clients
[0m23:04:36.391793 [debug] [MainThread]: Using duckdb connection "master"
[0m23:04:36.391793 [debug] [MainThread]: On master: BEGIN
[0m23:04:36.392793 [debug] [MainThread]: Opening a new connection, currently in state closed
[0m23:04:36.392793 [debug] [MainThread]: SQL status: OK in 0.001 seconds
[0m23:04:36.392793 [debug] [MainThread]: On master: COMMIT
[0m23:04:36.393794 [debug] [MainThread]: Using duckdb connection "master"
[0m23:04:36.393794 [debug] [MainThread]: On master: COMMIT
[0m23:04:36.393794 [debug] [MainThread]: SQL status: OK in 0.000 seconds
[0m23:04:36.394794 [debug] [MainThread]: On master: Close
[0m23:04:36.394794 [debug] [MainThread]: Connection 'master' was properly closed.
[0m23:04:36.394794 [debug] [MainThread]: Connection 'create_dev_main' was properly closed.
[0m23:04:36.394794 [debug] [MainThread]: Connection 'list_dev_main' was properly closed.
[0m23:04:36.395860 [debug] [MainThread]: Connection 'seed.edinet_growth_analysis.net_value_clients' was properly closed.
[0m23:04:36.395860 [info ] [MainThread]: 
[0m23:04:36.395860 [info ] [MainThread]: Finished running 1 seed in 0 hours 0 minutes and 0.13 seconds (0.13s).
[0m23:04:36.399867 [debug] [MainThread]: Command end result
[0m23:04:36.416433 [debug] [MainThread]: Wrote artifact WritableManifest to C:\Users\nekoa\project_2026\kayleet_scherbel_project_2026\edinet_growth_analysis\target\manifest.json
[0m23:04:36.418445 [debug] [MainThread]: Wrote artifact SemanticManifest to C:\Users\nekoa\project_2026\kayleet_scherbel_project_2026\edinet_growth_analysis\target\semantic_manifest.json
[0m23:04:36.421452 [debug] [MainThread]: Wrote artifact RunExecutionResult to C:\Users\nekoa\project_2026\kayleet_scherbel_project_2026\edinet_growth_analysis\target\run_results.json
[0m23:04:36.421452 [info ] [MainThread]: 
[0m23:04:36.422455 [info ] [MainThread]: [32mCompleted successfully[0m
[0m23:04:36.422455 [info ] [MainThread]: 
[0m23:04:36.423439 [info ] [MainThread]: Done. PASS=1 WARN=0 ERROR=0 SKIP=0 NO-OP=0 TOTAL=1
[0m23:04:36.423439 [debug] [MainThread]: Command `dbt seed` succeeded at 23:04:36.423439 after 1.60 seconds
[0m23:04:36.424585 [debug] [MainThread]: Sending event: {'category': 'dbt', 'action': 'invocation', 'label': 'end', 'context': [<snowplow_tracker.self_describing_json.SelfDescribingJson object at 0x000001F503D4E3F0>, <snowplow_tracker.self_describing_json.SelfDescribingJson object at 0x000001F503930260>, <snowplow_tracker.self_describing_json.SelfDescribingJson object at 0x000001F5039302F0>]}
[0m23:04:36.424585 [debug] [MainThread]: Flushing usage events
[0m23:04:37.388833 [debug] [MainThread]: An error was encountered while trying to flush usage events
[0m23:04:41.277600 [debug] [MainThread]: Sending event: {'category': 'dbt', 'action': 'invocation', 'label': 'start', 'context': [<snowplow_tracker.self_describing_json.SelfDescribingJson object at 0x000002B14C714C80>, <snowplow_tracker.self_describing_json.SelfDescribingJson object at 0x000002B14C741EE0>, <snowplow_tracker.self_describing_json.SelfDescribingJson object at 0x000002B14C9F9460>]}


============================== 23:04:41.279600 | 6fa490ae-ac0e-42f2-86d0-e6b4fd43d3d4 ==============================
[0m23:04:41.279600 [info ] [MainThread]: Running with dbt=1.11.12
[0m23:04:41.280599 [debug] [MainThread]: running dbt with arguments {'version_check': 'True', 'no_print': 'None', 'static_parser': 'True', 'target_path': 'None', 'warn_error_options': 'WarnErrorOptionsV2(error=[], warn=[], silence=[])', 'printer_width': '80', 'write_json': 'True', 'empty': 'False', 'log_cache_events': 'False', 'introspect': 'True', 'cache_selected_only': 'False', 'log_format': 'default', 'debug': 'False', 'fail_fast': 'False', 'partial_parse': 'True', 'send_anonymous_usage_stats': 'True', 'quiet': 'False', 'warn_error': 'None', 'profiles_dir': 'C:\\Users\\nekoa\\.dbt', 'indirect_selection': 'eager', 'invocation_command': 'dbt run', 'use_colors': 'True', 'use_experimental_parser': 'False', 'log_path': 'C:\\Users\\nekoa\\project_2026\\kayleet_scherbel_project_2026\\edinet_growth_analysis\\logs'}
[0m23:04:41.427540 [debug] [MainThread]: Sending event: {'category': 'dbt', 'action': 'project_id', 'label': '6fa490ae-ac0e-42f2-86d0-e6b4fd43d3d4', 'context': [<snowplow_tracker.self_describing_json.SelfDescribingJson object at 0x000002B14E62D970>]}
[0m23:04:41.467424 [debug] [MainThread]: Sending event: {'category': 'dbt', 'action': 'adapter_info', 'label': '6fa490ae-ac0e-42f2-86d0-e6b4fd43d3d4', 'context': [<snowplow_tracker.self_describing_json.SelfDescribingJson object at 0x000002B14D248770>]}
[0m23:04:41.468404 [info ] [MainThread]: Registered adapter: duckdb=1.10.1
[0m23:04:41.611394 [debug] [MainThread]: checksum: f368f5348cf42803b94ef7fb8257ecf3bf9a9a16dd9c8c51fe5172f2dbeb457f, vars: {}, profile: , target: , version: 1.11.12
[0m23:04:41.691709 [debug] [MainThread]: Partial parsing enabled: 0 files deleted, 0 files added, 0 files changed.
[0m23:04:41.691709 [debug] [MainThread]: Nothing changed, skipping partial parsing.
[0m23:04:41.691709 [debug] [MainThread]: Partial parsing enabled, no changes found, skipping parsing
[0m23:04:41.719319 [debug] [MainThread]: Sending event: {'category': 'dbt', 'action': 'load_project', 'label': '6fa490ae-ac0e-42f2-86d0-e6b4fd43d3d4', 'context': [<snowplow_tracker.self_describing_json.SelfDescribingJson object at 0x000002B14E62F320>]}
[0m23:04:41.772459 [debug] [MainThread]: Wrote artifact WritableManifest to C:\Users\nekoa\project_2026\kayleet_scherbel_project_2026\edinet_growth_analysis\target\manifest.json
[0m23:04:41.773460 [debug] [MainThread]: Wrote artifact SemanticManifest to C:\Users\nekoa\project_2026\kayleet_scherbel_project_2026\edinet_growth_analysis\target\semantic_manifest.json
[0m23:04:41.779980 [debug] [MainThread]: Sending event: {'category': 'dbt', 'action': 'resource_counts', 'label': '6fa490ae-ac0e-42f2-86d0-e6b4fd43d3d4', 'context': [<snowplow_tracker.self_describing_json.SelfDescribingJson object at 0x000002B14F051340>]}
[0m23:04:41.780978 [info ] [MainThread]: Found 1 model, 1 seed, 485 macros
[0m23:04:41.780978 [debug] [MainThread]: Sending event: {'category': 'dbt', 'action': 'runnable_timing', 'label': '6fa490ae-ac0e-42f2-86d0-e6b4fd43d3d4', 'context': [<snowplow_tracker.self_describing_json.SelfDescribingJson object at 0x000002B14F088080>]}
[0m23:04:41.782997 [info ] [MainThread]: 
[0m23:04:41.783366 [info ] [MainThread]: Concurrency: 1 threads (target='dev')
[0m23:04:41.783366 [info ] [MainThread]: 
[0m23:04:41.783366 [debug] [MainThread]: Acquiring new duckdb connection 'master'
[0m23:04:41.784382 [debug] [ThreadPool]: Acquiring new duckdb connection 'list_dev'
[0m23:04:41.826816 [debug] [ThreadPool]: Using duckdb connection "list_dev"
[0m23:04:41.827822 [debug] [ThreadPool]: On list_dev: /* {"app": "dbt", "dbt_version": "1.11.12", "profile_name": "edinet_growth_analysis", "target_name": "dev", "connection_name": "list_dev"} */

    
    select schema_name
    from system.information_schema.schemata
    
    where lower(catalog_name) = '"dev"'
    
  
  
[0m23:04:41.827822 [debug] [ThreadPool]: Opening a new connection, currently in state init
[0m23:04:41.840379 [debug] [ThreadPool]: SQL status: OK in 0.012 seconds
[0m23:04:41.841380 [debug] [ThreadPool]: On list_dev: Close
[0m23:04:41.841380 [debug] [ThreadPool]: Re-using an available connection from the pool (formerly list_dev, now create_dev_main)
[0m23:04:41.842433 [debug] [ThreadPool]: Creating schema "database: "dev"
schema: "main"
"
[0m23:04:41.846546 [debug] [ThreadPool]: Using duckdb connection "create_dev_main"
[0m23:04:41.846546 [debug] [ThreadPool]: On create_dev_main: /* {"app": "dbt", "dbt_version": "1.11.12", "profile_name": "edinet_growth_analysis", "target_name": "dev", "connection_name": "create_dev_main"} */

    
        select type from duckdb_databases()
        where lower(database_name)='dev'
        and type='sqlite'
    
  
[0m23:04:41.846546 [debug] [ThreadPool]: Opening a new connection, currently in state closed
[0m23:04:41.847546 [debug] [ThreadPool]: SQL status: OK in 0.001 seconds
[0m23:04:41.848548 [debug] [ThreadPool]: Using duckdb connection "create_dev_main"
[0m23:04:41.848548 [debug] [ThreadPool]: On create_dev_main: BEGIN
[0m23:04:41.849545 [debug] [ThreadPool]: SQL status: OK in 0.000 seconds
[0m23:04:41.849545 [debug] [ThreadPool]: Using duckdb connection "create_dev_main"
[0m23:04:41.849545 [debug] [ThreadPool]: On create_dev_main: /* {"app": "dbt", "dbt_version": "1.11.12", "profile_name": "edinet_growth_analysis", "target_name": "dev", "connection_name": "create_dev_main"} */

    
    
        create schema if not exists "dev"."main"
    
[0m23:04:41.850546 [debug] [ThreadPool]: SQL status: OK in 0.000 seconds
[0m23:04:41.850546 [debug] [ThreadPool]: On create_dev_main: COMMIT
[0m23:04:41.851584 [debug] [ThreadPool]: Using duckdb connection "create_dev_main"
[0m23:04:41.851584 [debug] [ThreadPool]: On create_dev_main: COMMIT
[0m23:04:41.851584 [debug] [ThreadPool]: SQL status: OK in 0.000 seconds
[0m23:04:41.852546 [debug] [ThreadPool]: On create_dev_main: Close
[0m23:04:41.855547 [debug] [ThreadPool]: Acquiring new duckdb connection 'list_dev_main'
[0m23:04:41.858690 [debug] [ThreadPool]: Using duckdb connection "list_dev_main"
[0m23:04:41.858690 [debug] [ThreadPool]: On list_dev_main: BEGIN
[0m23:04:41.858690 [debug] [ThreadPool]: Opening a new connection, currently in state init
[0m23:04:41.859668 [debug] [ThreadPool]: SQL status: OK in 0.000 seconds
[0m23:04:41.859668 [debug] [ThreadPool]: Using duckdb connection "list_dev_main"
[0m23:04:41.859668 [debug] [ThreadPool]: On list_dev_main: /* {"app": "dbt", "dbt_version": "1.11.12", "profile_name": "edinet_growth_analysis", "target_name": "dev", "connection_name": "list_dev_main"} */
select
      'dev' as database,
      table_name as name,
      table_schema as schema,
      CASE table_type
        WHEN 'BASE TABLE' THEN 'table'
        WHEN 'VIEW' THEN 'view'
        WHEN 'LOCAL TEMPORARY' THEN 'table'
        END as type
    from system.information_schema.tables
    where lower(table_schema) = 'main'
    and lower(table_catalog) = 'dev'
  
[0m23:04:41.862669 [debug] [ThreadPool]: SQL status: OK in 0.002 seconds
[0m23:04:41.863671 [debug] [ThreadPool]: On list_dev_main: ROLLBACK
[0m23:04:41.863671 [debug] [ThreadPool]: Failed to rollback 'list_dev_main'
[0m23:04:41.863671 [debug] [ThreadPool]: On list_dev_main: Close
[0m23:04:41.865699 [debug] [MainThread]: Sending event: {'category': 'dbt', 'action': 'runnable_timing', 'label': '6fa490ae-ac0e-42f2-86d0-e6b4fd43d3d4', 'context': [<snowplow_tracker.self_describing_json.SelfDescribingJson object at 0x000002B14F088B30>]}
[0m23:04:41.865699 [debug] [MainThread]: Using duckdb connection "master"
[0m23:04:41.865699 [debug] [MainThread]: On master: BEGIN
[0m23:04:41.866703 [debug] [MainThread]: Opening a new connection, currently in state init
[0m23:04:41.866703 [debug] [MainThread]: SQL status: OK in 0.001 seconds
[0m23:04:41.866703 [debug] [MainThread]: On master: COMMIT
[0m23:04:41.867703 [debug] [MainThread]: Using duckdb connection "master"
[0m23:04:41.867703 [debug] [MainThread]: On master: COMMIT
[0m23:04:41.867703 [debug] [MainThread]: SQL status: OK in 0.000 seconds
[0m23:04:41.868702 [debug] [MainThread]: On master: Close
[0m23:04:41.869702 [debug] [Thread-1 (]: Began running node model.edinet_growth_analysis.growth_rate_overEqual40
[0m23:04:41.871018 [info ] [Thread-1 (]: 1 of 1 START sql external model main.growth_rate_overEqual40 ................... [RUN]
[0m23:04:41.871018 [debug] [Thread-1 (]: Acquiring new duckdb connection 'model.edinet_growth_analysis.growth_rate_overEqual40'
[0m23:04:41.871018 [debug] [Thread-1 (]: Began compiling node model.edinet_growth_analysis.growth_rate_overEqual40
[0m23:04:41.876534 [debug] [Thread-1 (]: Writing injected SQL for node "model.edinet_growth_analysis.growth_rate_overEqual40"
[0m23:04:41.877535 [debug] [Thread-1 (]: Began executing node model.edinet_growth_analysis.growth_rate_overEqual40
[0m23:04:41.911991 [debug] [Thread-1 (]: Using duckdb connection "model.edinet_growth_analysis.growth_rate_overEqual40"
[0m23:04:41.912990 [debug] [Thread-1 (]: On model.edinet_growth_analysis.growth_rate_overEqual40: BEGIN
[0m23:04:41.912990 [debug] [Thread-1 (]: Opening a new connection, currently in state init
[0m23:04:41.913990 [debug] [Thread-1 (]: SQL status: OK in 0.001 seconds
[0m23:04:41.913990 [debug] [Thread-1 (]: Using duckdb connection "model.edinet_growth_analysis.growth_rate_overEqual40"
[0m23:04:41.913990 [debug] [Thread-1 (]: On model.edinet_growth_analysis.growth_rate_overEqual40: /* {"app": "dbt", "dbt_version": "1.11.12", "profile_name": "edinet_growth_analysis", "target_name": "dev", "node_id": "model.edinet_growth_analysis.growth_rate_overEqual40"} */

  
    
    

    create  table
      "dev"."main"."growth_rate_overEqual40__dbt_tmp"
  
    as (
      

WITH clients AS (
    PIVOT "dev"."main"."net_value_clients"
    ON relative_year
    USING first(net_sales_yen)
),
clients_growth_rate AS (
    SELECT company, ROUND((((CurrentYear/Prior4Year)-1)*100), 2) as growth_rate_2022to2026 
    FROM clients
    WHERE growth_rate_2022to2026 >= 40
)
SELECT * FROM clients_growth_rate
    );
  
  
[0m23:04:41.919500 [debug] [Thread-1 (]: SQL status: OK in 0.005 seconds
[0m23:04:41.920500 [debug] [Thread-1 (]: Using duckdb connection "model.edinet_growth_analysis.growth_rate_overEqual40"
[0m23:04:41.920500 [debug] [Thread-1 (]: On model.edinet_growth_analysis.growth_rate_overEqual40: /* {"app": "dbt", "dbt_version": "1.11.12", "profile_name": "edinet_growth_analysis", "target_name": "dev", "node_id": "model.edinet_growth_analysis.growth_rate_overEqual40"} */

    select count(*) as row_count from "dev"."main"."growth_rate_overEqual40__dbt_tmp"
  
[0m23:04:41.921501 [debug] [Thread-1 (]: SQL status: OK in 0.000 seconds
[0m23:04:41.922501 [debug] [Thread-1 (]: Writing runtime sql for node "model.edinet_growth_analysis.growth_rate_overEqual40"
[0m23:04:41.923500 [debug] [Thread-1 (]: Using duckdb connection "model.edinet_growth_analysis.growth_rate_overEqual40"
[0m23:04:41.923500 [debug] [Thread-1 (]: On model.edinet_growth_analysis.growth_rate_overEqual40: /* {"app": "dbt", "dbt_version": "1.11.12", "profile_name": "edinet_growth_analysis", "target_name": "dev", "node_id": "model.edinet_growth_analysis.growth_rate_overEqual40"} */

[0m23:04:41.923500 [debug] [Thread-1 (]: SQL status: OK in 0.000 seconds
[0m23:04:41.925501 [debug] [Thread-1 (]: Using duckdb connection "model.edinet_growth_analysis.growth_rate_overEqual40"
[0m23:04:41.926006 [debug] [Thread-1 (]: On model.edinet_growth_analysis.growth_rate_overEqual40: /* {"app": "dbt", "dbt_version": "1.11.12", "profile_name": "edinet_growth_analysis", "target_name": "dev", "node_id": "model.edinet_growth_analysis.growth_rate_overEqual40"} */
copy "dev"."main"."growth_rate_overEqual40__dbt_tmp" to './output/growth_rate_overEqual40.csv' (format csv, header 1)
[0m23:04:41.929761 [debug] [Thread-1 (]: DuckDB adapter: duckdb error: IO Error: Could not move file: アクセスが拒否されました。

[0m23:04:41.930766 [debug] [Thread-1 (]: DuckDB adapter: Error running SQL: /* {"app": "dbt", "dbt_version": "1.11.12", "profile_name": "edinet_growth_analysis", "target_name": "dev", "node_id": "model.edinet_growth_analysis.growth_rate_overEqual40"} */
copy "dev"."main"."growth_rate_overEqual40__dbt_tmp" to './output/growth_rate_overEqual40.csv' (format csv, header 1)
[0m23:04:41.930766 [debug] [Thread-1 (]: DuckDB adapter: Rolling back transaction.
[0m23:04:41.930766 [debug] [Thread-1 (]: On model.edinet_growth_analysis.growth_rate_overEqual40: ROLLBACK
[0m23:04:41.931766 [debug] [Thread-1 (]: Failed to rollback 'model.edinet_growth_analysis.growth_rate_overEqual40'
[0m23:04:41.932767 [debug] [Thread-1 (]: On model.edinet_growth_analysis.growth_rate_overEqual40: Close
[0m23:04:41.935272 [debug] [Thread-1 (]: Runtime Error in model growth_rate_overEqual40 (models\growth_rate_overEqual40.sql)
  IO Error: Could not move file: アクセスが拒否されました。
  
[0m23:04:41.936280 [debug] [Thread-1 (]: Sending event: {'category': 'dbt', 'action': 'run_model', 'label': '6fa490ae-ac0e-42f2-86d0-e6b4fd43d3d4', 'context': [<snowplow_tracker.self_describing_json.SelfDescribingJson object at 0x000002B14CDB3020>]}
[0m23:04:41.937279 [error] [Thread-1 (]: 1 of 1 ERROR creating sql external model main.growth_rate_overEqual40 .......... [[31mERROR[0m in 0.06s]
[0m23:04:41.937279 [debug] [Thread-1 (]: Finished running node model.edinet_growth_analysis.growth_rate_overEqual40
[0m23:04:41.938285 [debug] [Thread-4 (]: Marking all children of 'model.edinet_growth_analysis.growth_rate_overEqual40' to be skipped because of status 'error'.  Reason: Runtime Error in model growth_rate_overEqual40 (models\growth_rate_overEqual40.sql)
  IO Error: Could not move file: アクセスが拒否されました。
  .
[0m23:04:41.939284 [debug] [MainThread]: Using duckdb connection "master"
[0m23:04:41.939284 [debug] [MainThread]: On master: BEGIN
[0m23:04:41.939284 [debug] [MainThread]: Opening a new connection, currently in state closed
[0m23:04:41.940285 [debug] [MainThread]: SQL status: OK in 0.000 seconds
[0m23:04:41.940285 [debug] [MainThread]: On master: COMMIT
[0m23:04:41.940285 [debug] [MainThread]: Using duckdb connection "master"
[0m23:04:41.941285 [debug] [MainThread]: On master: COMMIT
[0m23:04:41.941285 [debug] [MainThread]: SQL status: OK in 0.000 seconds
[0m23:04:41.941285 [debug] [MainThread]: On master: Close
[0m23:04:41.942312 [debug] [MainThread]: Connection 'master' was properly closed.
[0m23:04:41.942312 [debug] [MainThread]: Connection 'create_dev_main' was properly closed.
[0m23:04:41.942312 [debug] [MainThread]: Connection 'list_dev_main' was properly closed.
[0m23:04:41.942312 [debug] [MainThread]: Connection 'model.edinet_growth_analysis.growth_rate_overEqual40' was properly closed.
[0m23:04:41.943284 [info ] [MainThread]: 
[0m23:04:41.943284 [info ] [MainThread]: Finished running 1 external model in 0 hours 0 minutes and 0.16 seconds (0.16s).
[0m23:04:41.943284 [debug] [MainThread]: Command end result
[0m23:04:41.958969 [debug] [MainThread]: Wrote artifact WritableManifest to C:\Users\nekoa\project_2026\kayleet_scherbel_project_2026\edinet_growth_analysis\target\manifest.json
[0m23:04:41.960972 [debug] [MainThread]: Wrote artifact SemanticManifest to C:\Users\nekoa\project_2026\kayleet_scherbel_project_2026\edinet_growth_analysis\target\semantic_manifest.json
[0m23:04:41.963972 [debug] [MainThread]: Wrote artifact RunExecutionResult to C:\Users\nekoa\project_2026\kayleet_scherbel_project_2026\edinet_growth_analysis\target\run_results.json
[0m23:04:41.963972 [info ] [MainThread]: 
[0m23:04:41.965481 [info ] [MainThread]: [31mCompleted with 1 error, 0 partial successes, and 0 warnings:[0m
[0m23:04:41.965481 [info ] [MainThread]: 
[0m23:04:41.966485 [error] [MainThread]: [31mFailure in model growth_rate_overEqual40 (models\growth_rate_overEqual40.sql)[0m
[0m23:04:41.966485 [error] [MainThread]:   Runtime Error in model growth_rate_overEqual40 (models\growth_rate_overEqual40.sql)
  IO Error: Could not move file: アクセスが拒否されました。
  
[0m23:04:41.967488 [info ] [MainThread]: 
[0m23:04:41.967488 [info ] [MainThread]:   compiled code at target\compiled\edinet_growth_analysis\models\growth_rate_overEqual40.sql
[0m23:04:41.967488 [info ] [MainThread]: 
[0m23:04:41.968487 [info ] [MainThread]: Done. PASS=0 WARN=0 ERROR=1 SKIP=0 NO-OP=0 TOTAL=1
[0m23:04:41.968487 [debug] [MainThread]: Command `dbt run` failed at 23:04:41.968487 after 0.79 seconds
[0m23:04:41.969487 [debug] [MainThread]: Sending event: {'category': 'dbt', 'action': 'invocation', 'label': 'end', 'context': [<snowplow_tracker.self_describing_json.SelfDescribingJson object at 0x000002B14CF9A600>, <snowplow_tracker.self_describing_json.SelfDescribingJson object at 0x000002B14D277FB0>, <snowplow_tracker.self_describing_json.SelfDescribingJson object at 0x000002B14D276ED0>]}
[0m23:04:41.969487 [debug] [MainThread]: Flushing usage events
[0m23:04:42.950108 [debug] [MainThread]: An error was encountered while trying to flush usage events
[0m23:06:00.719504 [debug] [MainThread]: Sending event: {'category': 'dbt', 'action': 'invocation', 'label': 'start', 'context': [<snowplow_tracker.self_describing_json.SelfDescribingJson object at 0x000001BB4FDF3980>, <snowplow_tracker.self_describing_json.SelfDescribingJson object at 0x000001BB4F1382F0>, <snowplow_tracker.self_describing_json.SelfDescribingJson object at 0x000001BB4F17B1A0>]}


============================== 23:06:00.722506 | f7074f48-afb6-4756-aaee-75370924ef24 ==============================
[0m23:06:00.722506 [info ] [MainThread]: Running with dbt=1.11.12
[0m23:06:00.722506 [debug] [MainThread]: running dbt with arguments {'version_check': 'True', 'no_print': 'None', 'static_parser': 'True', 'target_path': 'None', 'warn_error_options': 'WarnErrorOptionsV2(error=[], warn=[], silence=[])', 'printer_width': '80', 'write_json': 'True', 'introspect': 'True', 'log_cache_events': 'False', 'empty': 'None', 'cache_selected_only': 'False', 'log_format': 'default', 'debug': 'False', 'fail_fast': 'False', 'profiles_dir': 'C:\\Users\\nekoa\\.dbt', 'send_anonymous_usage_stats': 'True', 'quiet': 'False', 'warn_error': 'None', 'partial_parse': 'True', 'use_colors': 'True', 'invocation_command': 'dbt clean', 'indirect_selection': 'eager', 'use_experimental_parser': 'False', 'log_path': 'C:\\Users\\nekoa\\project_2026\\kayleet_scherbel_project_2026\\edinet_growth_analysis\\logs'}
[0m23:06:00.724505 [warn ] [MainThread]: [[33mWARNING[0m][CustomKeyInConfigDeprecation]: Deprecated functionality
Custom key `edinet_growth_analysis` found in `config` at path
`edinet_growth_analysis` in file `C:\Users\nekoa\project_2026\kayleet_scherbel_p
roject_2026\edinet_growth_analysis\dbt_project.yml`. Custom config keys should
move into the `config.meta`.
[0m23:06:00.725504 [debug] [MainThread]: Sending event: {'category': 'dbt', 'action': 'deprecation', 'label': 'f7074f48-afb6-4756-aaee-75370924ef24', 'property_': 'warn', 'context': [<snowplow_tracker.self_describing_json.SelfDescribingJson object at 0x000001BB4FA38CB0>]}
[0m23:06:00.805665 [debug] [MainThread]: Sending event: {'category': 'dbt', 'action': 'project_id', 'label': 'f7074f48-afb6-4756-aaee-75370924ef24', 'context': [<snowplow_tracker.self_describing_json.SelfDescribingJson object at 0x000001BB515628D0>]}
[0m23:06:00.819875 [warn ] [MainThread]: [[33mWARNING[0m][DeprecationsSummary]: Deprecated functionality
Summary of encountered deprecations:
- CustomKeyInConfigDeprecation: 2 occurrences
To see all deprecation instances instead of just the first occurrence of each,
run command again with the `--show-all-deprecations` flag. You may also need to
run with `--no-partial-parse` as some deprecations are only encountered during
parsing.
[0m23:06:00.820874 [debug] [MainThread]: Command `dbt clean` succeeded at 23:06:00.820874 after 0.23 seconds
[0m23:06:00.820874 [debug] [MainThread]: Sending event: {'category': 'dbt', 'action': 'invocation', 'label': 'end', 'context': [<snowplow_tracker.self_describing_json.SelfDescribingJson object at 0x000001BB501D63F0>, <snowplow_tracker.self_describing_json.SelfDescribingJson object at 0x000001BB51469D60>, <snowplow_tracker.self_describing_json.SelfDescribingJson object at 0x000001BB514689B0>]}
[0m23:06:00.820874 [debug] [MainThread]: Flushing usage events
[0m23:06:01.865527 [debug] [MainThread]: An error was encountered while trying to flush usage events
[0m23:06:05.944790 [debug] [MainThread]: Sending event: {'category': 'dbt', 'action': 'invocation', 'label': 'start', 'context': [<snowplow_tracker.self_describing_json.SelfDescribingJson object at 0x00000255B37B9190>, <snowplow_tracker.self_describing_json.SelfDescribingJson object at 0x00000255B1D159D0>, <snowplow_tracker.self_describing_json.SelfDescribingJson object at 0x00000255B3C70E60>]}


============================== 23:06:05.947297 | 84489779-b06f-4a34-9fde-c0fb4f1a1d50 ==============================
[0m23:06:05.947297 [info ] [MainThread]: Running with dbt=1.11.12
[0m23:06:05.948302 [debug] [MainThread]: running dbt with arguments {'static_parser': 'True', 'no_print': 'None', 'version_check': 'True', 'target_path': 'None', 'warn_error_options': 'WarnErrorOptionsV2(error=[], warn=[], silence=[])', 'printer_width': '80', 'write_json': 'True', 'introspect': 'True', 'log_cache_events': 'False', 'empty': 'None', 'cache_selected_only': 'False', 'fail_fast': 'False', 'debug': 'False', 'log_format': 'default', 'profiles_dir': 'C:\\Users\\nekoa\\.dbt', 'send_anonymous_usage_stats': 'True', 'quiet': 'False', 'warn_error': 'None', 'partial_parse': 'True', 'indirect_selection': 'eager', 'use_colors': 'True', 'invocation_command': 'dbt seed', 'use_experimental_parser': 'False', 'log_path': 'C:\\Users\\nekoa\\project_2026\\kayleet_scherbel_project_2026\\edinet_growth_analysis\\logs'}
[0m23:06:06.095991 [debug] [MainThread]: Sending event: {'category': 'dbt', 'action': 'project_id', 'label': '84489779-b06f-4a34-9fde-c0fb4f1a1d50', 'context': [<snowplow_tracker.self_describing_json.SelfDescribingJson object at 0x00000255B165ED80>]}
[0m23:06:06.138582 [debug] [MainThread]: Sending event: {'category': 'dbt', 'action': 'adapter_info', 'label': '84489779-b06f-4a34-9fde-c0fb4f1a1d50', 'context': [<snowplow_tracker.self_describing_json.SelfDescribingJson object at 0x00000255B59034D0>]}
[0m23:06:06.139582 [info ] [MainThread]: Registered adapter: duckdb=1.10.1
[0m23:06:06.284942 [debug] [MainThread]: checksum: f368f5348cf42803b94ef7fb8257ecf3bf9a9a16dd9c8c51fe5172f2dbeb457f, vars: {}, profile: , target: , version: 1.11.12
[0m23:06:06.284942 [info ] [MainThread]: Unable to do partial parsing because saved manifest not found. Starting full parse.
[0m23:06:06.285943 [debug] [MainThread]: Sending event: {'category': 'dbt', 'action': 'partial_parser', 'label': '84489779-b06f-4a34-9fde-c0fb4f1a1d50', 'context': [<snowplow_tracker.self_describing_json.SelfDescribingJson object at 0x00000255B18007D0>]}
[0m23:06:07.036510 [warn ] [MainThread]: [[33mWARNING[0m]: Did not find matching node for patch with name 'my_first_dbt_model' in the 'models' section of file 'models\schema.yml'
[0m23:06:07.038046 [warn ] [MainThread]: [[33mWARNING[0m]: Did not find matching node for patch with name 'my_second_dbt_model' in the 'models' section of file 'models\schema.yml'
[0m23:06:07.039046 [warn ] [MainThread]: [[33mWARNING[0m]: Did not find matching node for patch with name 'growth_rate_overEqual40_model' in the 'models' section of file 'models\schema.yml'
[0m23:06:07.124807 [warn ] [MainThread]: [[33mWARNING[0m]: Test 'test.edinet_growth_analysis.unique_my_first_dbt_model_id.16e066b321' (models\schema.yml) depends on a node named 'my_first_dbt_model' in package '' which was not found
[0m23:06:07.125805 [warn ] [MainThread]: [[33mWARNING[0m]: Test 'test.edinet_growth_analysis.not_null_my_first_dbt_model_id.5fb22c2710' (models\schema.yml) depends on a node named 'my_first_dbt_model' in package '' which was not found
[0m23:06:07.125805 [warn ] [MainThread]: [[33mWARNING[0m]: Test 'test.edinet_growth_analysis.unique_my_second_dbt_model_id.57a0f8c493' (models\schema.yml) depends on a node named 'my_second_dbt_model' in package '' which was not found
[0m23:06:07.125805 [warn ] [MainThread]: [[33mWARNING[0m]: Test 'test.edinet_growth_analysis.not_null_my_second_dbt_model_id.151b76d778' (models\schema.yml) depends on a node named 'my_second_dbt_model' in package '' which was not found
[0m23:06:07.125805 [warn ] [MainThread]: [[33mWARNING[0m]: Test 'test.edinet_growth_analysis.unique_growth_rate_overEqual40_model_company.1402e98093' (models\schema.yml) depends on a node named 'growth_rate_overEqual40_model' in package '' which was not found
[0m23:06:07.125805 [warn ] [MainThread]: [[33mWARNING[0m]: Test 'test.edinet_growth_analysis.not_null_growth_rate_overEqual40_model_company.494ba846e1' (models\schema.yml) depends on a node named 'growth_rate_overEqual40_model' in package '' which was not found
[0m23:06:07.177688 [debug] [MainThread]: Sending event: {'category': 'dbt', 'action': 'load_project', 'label': '84489779-b06f-4a34-9fde-c0fb4f1a1d50', 'context': [<snowplow_tracker.self_describing_json.SelfDescribingJson object at 0x00000255B6875B20>]}
[0m23:06:07.229002 [debug] [MainThread]: Wrote artifact WritableManifest to C:\Users\nekoa\project_2026\kayleet_scherbel_project_2026\edinet_growth_analysis\target\manifest.json
[0m23:06:07.233424 [debug] [MainThread]: Wrote artifact SemanticManifest to C:\Users\nekoa\project_2026\kayleet_scherbel_project_2026\edinet_growth_analysis\target\semantic_manifest.json
[0m23:06:07.240401 [debug] [MainThread]: Sending event: {'category': 'dbt', 'action': 'resource_counts', 'label': '84489779-b06f-4a34-9fde-c0fb4f1a1d50', 'context': [<snowplow_tracker.self_describing_json.SelfDescribingJson object at 0x00000255B68CF650>]}
[0m23:06:07.240401 [info ] [MainThread]: Found 1 model, 1 seed, 485 macros
[0m23:06:07.240401 [debug] [MainThread]: Sending event: {'category': 'dbt', 'action': 'runnable_timing', 'label': '84489779-b06f-4a34-9fde-c0fb4f1a1d50', 'context': [<snowplow_tracker.self_describing_json.SelfDescribingJson object at 0x00000255B68E87D0>]}
[0m23:06:07.242405 [info ] [MainThread]: 
[0m23:06:07.242405 [info ] [MainThread]: Concurrency: 1 threads (target='dev')
[0m23:06:07.242405 [info ] [MainThread]: 
[0m23:06:07.242405 [debug] [MainThread]: Acquiring new duckdb connection 'master'
[0m23:06:07.243851 [debug] [ThreadPool]: Acquiring new duckdb connection 'list_dev'
[0m23:06:07.284495 [debug] [ThreadPool]: Using duckdb connection "list_dev"
[0m23:06:07.284495 [debug] [ThreadPool]: On list_dev: /* {"app": "dbt", "dbt_version": "1.11.12", "profile_name": "edinet_growth_analysis", "target_name": "dev", "connection_name": "list_dev"} */

    
    select schema_name
    from system.information_schema.schemata
    
    where lower(catalog_name) = '"dev"'
    
  
  
[0m23:06:07.285496 [debug] [ThreadPool]: Opening a new connection, currently in state init
[0m23:06:07.296538 [debug] [ThreadPool]: SQL status: OK in 0.011 seconds
[0m23:06:07.297539 [debug] [ThreadPool]: On list_dev: Close
[0m23:06:07.298873 [debug] [ThreadPool]: Re-using an available connection from the pool (formerly list_dev, now create_dev_main)
[0m23:06:07.298873 [debug] [ThreadPool]: Creating schema "database: "dev"
schema: "main"
"
[0m23:06:07.302420 [debug] [ThreadPool]: Using duckdb connection "create_dev_main"
[0m23:06:07.303416 [debug] [ThreadPool]: On create_dev_main: /* {"app": "dbt", "dbt_version": "1.11.12", "profile_name": "edinet_growth_analysis", "target_name": "dev", "connection_name": "create_dev_main"} */

    
        select type from duckdb_databases()
        where lower(database_name)='dev'
        and type='sqlite'
    
  
[0m23:06:07.303416 [debug] [ThreadPool]: Opening a new connection, currently in state closed
[0m23:06:07.304401 [debug] [ThreadPool]: SQL status: OK in 0.001 seconds
[0m23:06:07.305403 [debug] [ThreadPool]: Using duckdb connection "create_dev_main"
[0m23:06:07.305403 [debug] [ThreadPool]: On create_dev_main: BEGIN
[0m23:06:07.305403 [debug] [ThreadPool]: SQL status: OK in 0.000 seconds
[0m23:06:07.306401 [debug] [ThreadPool]: Using duckdb connection "create_dev_main"
[0m23:06:07.306401 [debug] [ThreadPool]: On create_dev_main: /* {"app": "dbt", "dbt_version": "1.11.12", "profile_name": "edinet_growth_analysis", "target_name": "dev", "connection_name": "create_dev_main"} */

    
    
        create schema if not exists "dev"."main"
    
[0m23:06:07.306401 [debug] [ThreadPool]: SQL status: OK in 0.000 seconds
[0m23:06:07.307908 [debug] [ThreadPool]: On create_dev_main: COMMIT
[0m23:06:07.307908 [debug] [ThreadPool]: Using duckdb connection "create_dev_main"
[0m23:06:07.307908 [debug] [ThreadPool]: On create_dev_main: COMMIT
[0m23:06:07.307908 [debug] [ThreadPool]: SQL status: OK in 0.000 seconds
[0m23:06:07.308914 [debug] [ThreadPool]: On create_dev_main: Close
[0m23:06:07.311920 [debug] [ThreadPool]: Acquiring new duckdb connection 'list_dev_main'
[0m23:06:07.314933 [debug] [ThreadPool]: Using duckdb connection "list_dev_main"
[0m23:06:07.314933 [debug] [ThreadPool]: On list_dev_main: BEGIN
[0m23:06:07.315940 [debug] [ThreadPool]: Opening a new connection, currently in state init
[0m23:06:07.315940 [debug] [ThreadPool]: SQL status: OK in 0.000 seconds
[0m23:06:07.315940 [debug] [ThreadPool]: Using duckdb connection "list_dev_main"
[0m23:06:07.315940 [debug] [ThreadPool]: On list_dev_main: /* {"app": "dbt", "dbt_version": "1.11.12", "profile_name": "edinet_growth_analysis", "target_name": "dev", "connection_name": "list_dev_main"} */
select
      'dev' as database,
      table_name as name,
      table_schema as schema,
      CASE table_type
        WHEN 'BASE TABLE' THEN 'table'
        WHEN 'VIEW' THEN 'view'
        WHEN 'LOCAL TEMPORARY' THEN 'table'
        END as type
    from system.information_schema.tables
    where lower(table_schema) = 'main'
    and lower(table_catalog) = 'dev'
  
[0m23:06:07.318957 [debug] [ThreadPool]: SQL status: OK in 0.002 seconds
[0m23:06:07.319963 [debug] [ThreadPool]: On list_dev_main: ROLLBACK
[0m23:06:07.320963 [debug] [ThreadPool]: Failed to rollback 'list_dev_main'
[0m23:06:07.320963 [debug] [ThreadPool]: On list_dev_main: Close
[0m23:06:07.321964 [debug] [MainThread]: Sending event: {'category': 'dbt', 'action': 'runnable_timing', 'label': '84489779-b06f-4a34-9fde-c0fb4f1a1d50', 'context': [<snowplow_tracker.self_describing_json.SelfDescribingJson object at 0x00000255B5C1E1E0>]}
[0m23:06:07.321964 [debug] [MainThread]: Using duckdb connection "master"
[0m23:06:07.322964 [debug] [MainThread]: On master: BEGIN
[0m23:06:07.322964 [debug] [MainThread]: Opening a new connection, currently in state init
[0m23:06:07.322964 [debug] [MainThread]: SQL status: OK in 0.000 seconds
[0m23:06:07.322964 [debug] [MainThread]: On master: COMMIT
[0m23:06:07.323964 [debug] [MainThread]: Using duckdb connection "master"
[0m23:06:07.323964 [debug] [MainThread]: On master: COMMIT
[0m23:06:07.323964 [debug] [MainThread]: SQL status: OK in 0.000 seconds
[0m23:06:07.324962 [debug] [MainThread]: On master: Close
[0m23:06:07.327009 [debug] [Thread-1 (]: Began running node seed.edinet_growth_analysis.net_value_clients
[0m23:06:07.327514 [info ] [Thread-1 (]: 1 of 1 START seed file main.net_value_clients .................................. [RUN]
[0m23:06:07.327514 [debug] [Thread-1 (]: Acquiring new duckdb connection 'seed.edinet_growth_analysis.net_value_clients'
[0m23:06:07.327514 [debug] [Thread-1 (]: Began compiling node seed.edinet_growth_analysis.net_value_clients
[0m23:06:07.328522 [debug] [Thread-1 (]: Began executing node seed.edinet_growth_analysis.net_value_clients
[0m23:06:07.345046 [debug] [Thread-1 (]: Using duckdb connection "seed.edinet_growth_analysis.net_value_clients"
[0m23:06:07.346047 [debug] [Thread-1 (]: On seed.edinet_growth_analysis.net_value_clients: BEGIN
[0m23:06:07.346047 [debug] [Thread-1 (]: Opening a new connection, currently in state init
[0m23:06:07.346047 [debug] [Thread-1 (]: SQL status: OK in 0.001 seconds
[0m23:06:07.347552 [debug] [Thread-1 (]: Using duckdb connection "seed.edinet_growth_analysis.net_value_clients"
[0m23:06:07.347825 [debug] [Thread-1 (]: On seed.edinet_growth_analysis.net_value_clients: /* {"app": "dbt", "dbt_version": "1.11.12", "profile_name": "edinet_growth_analysis", "target_name": "dev", "node_id": "seed.edinet_growth_analysis.net_value_clients"} */
truncate table "dev"."main"."net_value_clients"
[0m23:06:07.347825 [debug] [Thread-1 (]: SQL status: OK in 0.000 seconds
[0m23:06:07.354853 [debug] [Thread-1 (]: Using duckdb connection "seed.edinet_growth_analysis.net_value_clients"
[0m23:06:07.354853 [debug] [Thread-1 (]: On seed.edinet_growth_analysis.net_value_clients: 
          COPY "dev"."main"."net_value_clients" FROM 'C:\Users\nekoa\project_2026\kayleet_scherbel_project_2026\edinet_growth_analysis\seeds\net_value_clients.csv' (FORMAT CSV, HEADER TRUE, DELIMITER ',')
        ...
[0m23:06:07.358389 [debug] [Thread-1 (]: SQL status: OK in 0.003 seconds
[0m23:06:07.361410 [debug] [Thread-1 (]: Writing runtime SQL for node "seed.edinet_growth_analysis.net_value_clients"
[0m23:06:07.369404 [debug] [Thread-1 (]: On seed.edinet_growth_analysis.net_value_clients: COMMIT
[0m23:06:07.370401 [debug] [Thread-1 (]: Using duckdb connection "seed.edinet_growth_analysis.net_value_clients"
[0m23:06:07.370401 [debug] [Thread-1 (]: On seed.edinet_growth_analysis.net_value_clients: COMMIT
[0m23:06:07.375385 [debug] [Thread-1 (]: SQL status: OK in 0.005 seconds
[0m23:06:07.377386 [debug] [Thread-1 (]: On seed.edinet_growth_analysis.net_value_clients: Close
[0m23:06:07.378606 [debug] [Thread-1 (]: Sending event: {'category': 'dbt', 'action': 'run_model', 'label': '84489779-b06f-4a34-9fde-c0fb4f1a1d50', 'context': [<snowplow_tracker.self_describing_json.SelfDescribingJson object at 0x00000255B165DFA0>]}
[0m23:06:07.378606 [info ] [Thread-1 (]: 1 of 1 OK loaded seed file main.net_value_clients .............................. [[32mINSERT 45[0m in 0.05s]
[0m23:06:07.379620 [debug] [Thread-1 (]: Finished running node seed.edinet_growth_analysis.net_value_clients
[0m23:06:07.380275 [debug] [MainThread]: Using duckdb connection "master"
[0m23:06:07.380275 [debug] [MainThread]: On master: BEGIN
[0m23:06:07.381289 [debug] [MainThread]: Opening a new connection, currently in state closed
[0m23:06:07.381289 [debug] [MainThread]: SQL status: OK in 0.000 seconds
[0m23:06:07.381289 [debug] [MainThread]: On master: COMMIT
[0m23:06:07.382287 [debug] [MainThread]: Using duckdb connection "master"
[0m23:06:07.382287 [debug] [MainThread]: On master: COMMIT
[0m23:06:07.382287 [debug] [MainThread]: SQL status: OK in 0.000 seconds
[0m23:06:07.383288 [debug] [MainThread]: On master: Close
[0m23:06:07.383288 [debug] [MainThread]: Connection 'master' was properly closed.
[0m23:06:07.383288 [debug] [MainThread]: Connection 'create_dev_main' was properly closed.
[0m23:06:07.383288 [debug] [MainThread]: Connection 'list_dev_main' was properly closed.
[0m23:06:07.384288 [debug] [MainThread]: Connection 'seed.edinet_growth_analysis.net_value_clients' was properly closed.
[0m23:06:07.384288 [info ] [MainThread]: 
[0m23:06:07.384288 [info ] [MainThread]: Finished running 1 seed in 0 hours 0 minutes and 0.14 seconds (0.14s).
[0m23:06:07.385288 [debug] [MainThread]: Command end result
[0m23:06:07.401380 [debug] [MainThread]: Wrote artifact WritableManifest to C:\Users\nekoa\project_2026\kayleet_scherbel_project_2026\edinet_growth_analysis\target\manifest.json
[0m23:06:07.402379 [debug] [MainThread]: Wrote artifact SemanticManifest to C:\Users\nekoa\project_2026\kayleet_scherbel_project_2026\edinet_growth_analysis\target\semantic_manifest.json
[0m23:06:07.406694 [debug] [MainThread]: Wrote artifact RunExecutionResult to C:\Users\nekoa\project_2026\kayleet_scherbel_project_2026\edinet_growth_analysis\target\run_results.json
[0m23:06:07.406694 [info ] [MainThread]: 
[0m23:06:07.407679 [info ] [MainThread]: [32mCompleted successfully[0m
[0m23:06:07.408184 [info ] [MainThread]: 
[0m23:06:07.408184 [info ] [MainThread]: Done. PASS=1 WARN=0 ERROR=0 SKIP=0 NO-OP=0 TOTAL=1
[0m23:06:07.409192 [debug] [MainThread]: Command `dbt seed` succeeded at 23:06:07.409192 after 1.57 seconds
[0m23:06:07.409192 [debug] [MainThread]: Sending event: {'category': 'dbt', 'action': 'invocation', 'label': 'end', 'context': [<snowplow_tracker.self_describing_json.SelfDescribingJson object at 0x00000255B433BDD0>, <snowplow_tracker.self_describing_json.SelfDescribingJson object at 0x00000255B43A63F0>, <snowplow_tracker.self_describing_json.SelfDescribingJson object at 0x00000255B661E8D0>]}
[0m23:06:07.409192 [debug] [MainThread]: Flushing usage events
[0m23:06:08.365820 [debug] [MainThread]: An error was encountered while trying to flush usage events
[0m23:06:12.280754 [debug] [MainThread]: Sending event: {'category': 'dbt', 'action': 'invocation', 'label': 'start', 'context': [<snowplow_tracker.self_describing_json.SelfDescribingJson object at 0x0000022A5930CBF0>, <snowplow_tracker.self_describing_json.SelfDescribingJson object at 0x0000022A59205370>, <snowplow_tracker.self_describing_json.SelfDescribingJson object at 0x0000022A59B19580>]}


============================== 23:06:12.282774 | 8d448fe8-d10d-438b-a6f2-a11d21999e7e ==============================
[0m23:06:12.282774 [info ] [MainThread]: Running with dbt=1.11.12
[0m23:06:12.283759 [debug] [MainThread]: running dbt with arguments {'static_parser': 'True', 'no_print': 'None', 'version_check': 'True', 'warn_error_options': 'WarnErrorOptionsV2(error=[], warn=[], silence=[])', 'target_path': 'None', 'printer_width': '80', 'write_json': 'True', 'empty': 'False', 'log_cache_events': 'False', 'introspect': 'True', 'cache_selected_only': 'False', 'log_format': 'default', 'debug': 'False', 'fail_fast': 'False', 'profiles_dir': 'C:\\Users\\nekoa\\.dbt', 'send_anonymous_usage_stats': 'True', 'quiet': 'False', 'warn_error': 'None', 'partial_parse': 'True', 'use_colors': 'True', 'indirect_selection': 'eager', 'invocation_command': 'dbt run', 'use_experimental_parser': 'False', 'log_path': 'C:\\Users\\nekoa\\project_2026\\kayleet_scherbel_project_2026\\edinet_growth_analysis\\logs'}
[0m23:06:12.429991 [debug] [MainThread]: Sending event: {'category': 'dbt', 'action': 'project_id', 'label': '8d448fe8-d10d-438b-a6f2-a11d21999e7e', 'context': [<snowplow_tracker.self_describing_json.SelfDescribingJson object at 0x0000022A571AED20>]}
[0m23:06:12.473741 [debug] [MainThread]: Sending event: {'category': 'dbt', 'action': 'adapter_info', 'label': '8d448fe8-d10d-438b-a6f2-a11d21999e7e', 'context': [<snowplow_tracker.self_describing_json.SelfDescribingJson object at 0x0000022A5B72DF70>]}
[0m23:06:12.474740 [info ] [MainThread]: Registered adapter: duckdb=1.10.1
[0m23:06:12.620045 [debug] [MainThread]: checksum: f368f5348cf42803b94ef7fb8257ecf3bf9a9a16dd9c8c51fe5172f2dbeb457f, vars: {}, profile: , target: , version: 1.11.12
[0m23:06:12.698962 [debug] [MainThread]: Partial parsing enabled: 0 files deleted, 0 files added, 0 files changed.
[0m23:06:12.698962 [debug] [MainThread]: Nothing changed, skipping partial parsing.
[0m23:06:12.698962 [debug] [MainThread]: Partial parsing enabled, no changes found, skipping parsing
[0m23:06:12.727562 [debug] [MainThread]: Sending event: {'category': 'dbt', 'action': 'load_project', 'label': '8d448fe8-d10d-438b-a6f2-a11d21999e7e', 'context': [<snowplow_tracker.self_describing_json.SelfDescribingJson object at 0x0000022A5BE70590>]}
[0m23:06:12.777215 [debug] [MainThread]: Wrote artifact WritableManifest to C:\Users\nekoa\project_2026\kayleet_scherbel_project_2026\edinet_growth_analysis\target\manifest.json
[0m23:06:12.778722 [debug] [MainThread]: Wrote artifact SemanticManifest to C:\Users\nekoa\project_2026\kayleet_scherbel_project_2026\edinet_growth_analysis\target\semantic_manifest.json
[0m23:06:12.785729 [debug] [MainThread]: Sending event: {'category': 'dbt', 'action': 'resource_counts', 'label': '8d448fe8-d10d-438b-a6f2-a11d21999e7e', 'context': [<snowplow_tracker.self_describing_json.SelfDescribingJson object at 0x0000022A5C0A1130>]}
[0m23:06:12.785729 [info ] [MainThread]: Found 1 model, 1 seed, 485 macros
[0m23:06:12.786914 [debug] [MainThread]: Sending event: {'category': 'dbt', 'action': 'runnable_timing', 'label': '8d448fe8-d10d-438b-a6f2-a11d21999e7e', 'context': [<snowplow_tracker.self_describing_json.SelfDescribingJson object at 0x0000022A5C0DEB70>]}
[0m23:06:12.786914 [info ] [MainThread]: 
[0m23:06:12.788638 [info ] [MainThread]: Concurrency: 1 threads (target='dev')
[0m23:06:12.789722 [info ] [MainThread]: 
[0m23:06:12.790654 [debug] [MainThread]: Acquiring new duckdb connection 'master'
[0m23:06:12.790654 [debug] [ThreadPool]: Acquiring new duckdb connection 'list_dev'
[0m23:06:12.831577 [debug] [ThreadPool]: Using duckdb connection "list_dev"
[0m23:06:12.831577 [debug] [ThreadPool]: On list_dev: /* {"app": "dbt", "dbt_version": "1.11.12", "profile_name": "edinet_growth_analysis", "target_name": "dev", "connection_name": "list_dev"} */

    
    select schema_name
    from system.information_schema.schemata
    
    where lower(catalog_name) = '"dev"'
    
  
  
[0m23:06:12.831577 [debug] [ThreadPool]: Opening a new connection, currently in state init
[0m23:06:12.842130 [debug] [ThreadPool]: SQL status: OK in 0.011 seconds
[0m23:06:12.843127 [debug] [ThreadPool]: On list_dev: Close
[0m23:06:12.844127 [debug] [ThreadPool]: Re-using an available connection from the pool (formerly list_dev, now create_dev_main)
[0m23:06:12.844127 [debug] [ThreadPool]: Creating schema "database: "dev"
schema: "main"
"
[0m23:06:12.848128 [debug] [ThreadPool]: Using duckdb connection "create_dev_main"
[0m23:06:12.849228 [debug] [ThreadPool]: On create_dev_main: /* {"app": "dbt", "dbt_version": "1.11.12", "profile_name": "edinet_growth_analysis", "target_name": "dev", "connection_name": "create_dev_main"} */

    
        select type from duckdb_databases()
        where lower(database_name)='dev'
        and type='sqlite'
    
  
[0m23:06:12.849228 [debug] [ThreadPool]: Opening a new connection, currently in state closed
[0m23:06:12.850249 [debug] [ThreadPool]: SQL status: OK in 0.001 seconds
[0m23:06:12.850249 [debug] [ThreadPool]: Using duckdb connection "create_dev_main"
[0m23:06:12.851247 [debug] [ThreadPool]: On create_dev_main: BEGIN
[0m23:06:12.851247 [debug] [ThreadPool]: SQL status: OK in 0.000 seconds
[0m23:06:12.852227 [debug] [ThreadPool]: Using duckdb connection "create_dev_main"
[0m23:06:12.852227 [debug] [ThreadPool]: On create_dev_main: /* {"app": "dbt", "dbt_version": "1.11.12", "profile_name": "edinet_growth_analysis", "target_name": "dev", "connection_name": "create_dev_main"} */

    
    
        create schema if not exists "dev"."main"
    
[0m23:06:12.852227 [debug] [ThreadPool]: SQL status: OK in 0.000 seconds
[0m23:06:12.853227 [debug] [ThreadPool]: On create_dev_main: COMMIT
[0m23:06:12.853227 [debug] [ThreadPool]: Using duckdb connection "create_dev_main"
[0m23:06:12.854228 [debug] [ThreadPool]: On create_dev_main: COMMIT
[0m23:06:12.854228 [debug] [ThreadPool]: SQL status: OK in 0.000 seconds
[0m23:06:12.854228 [debug] [ThreadPool]: On create_dev_main: Close
[0m23:06:12.857589 [debug] [ThreadPool]: Acquiring new duckdb connection 'list_dev_main'
[0m23:06:12.861011 [debug] [ThreadPool]: Using duckdb connection "list_dev_main"
[0m23:06:12.861011 [debug] [ThreadPool]: On list_dev_main: BEGIN
[0m23:06:12.861999 [debug] [ThreadPool]: Opening a new connection, currently in state init
[0m23:06:12.861999 [debug] [ThreadPool]: SQL status: OK in 0.000 seconds
[0m23:06:12.861999 [debug] [ThreadPool]: Using duckdb connection "list_dev_main"
[0m23:06:12.862996 [debug] [ThreadPool]: On list_dev_main: /* {"app": "dbt", "dbt_version": "1.11.12", "profile_name": "edinet_growth_analysis", "target_name": "dev", "connection_name": "list_dev_main"} */
select
      'dev' as database,
      table_name as name,
      table_schema as schema,
      CASE table_type
        WHEN 'BASE TABLE' THEN 'table'
        WHEN 'VIEW' THEN 'view'
        WHEN 'LOCAL TEMPORARY' THEN 'table'
        END as type
    from system.information_schema.tables
    where lower(table_schema) = 'main'
    and lower(table_catalog) = 'dev'
  
[0m23:06:12.864997 [debug] [ThreadPool]: SQL status: OK in 0.002 seconds
[0m23:06:12.865997 [debug] [ThreadPool]: On list_dev_main: ROLLBACK
[0m23:06:12.866998 [debug] [ThreadPool]: Failed to rollback 'list_dev_main'
[0m23:06:12.866998 [debug] [ThreadPool]: On list_dev_main: Close
[0m23:06:12.866998 [debug] [MainThread]: Sending event: {'category': 'dbt', 'action': 'runnable_timing', 'label': '8d448fe8-d10d-438b-a6f2-a11d21999e7e', 'context': [<snowplow_tracker.self_describing_json.SelfDescribingJson object at 0x0000022A5B486E10>]}
[0m23:06:12.868503 [debug] [MainThread]: Using duckdb connection "master"
[0m23:06:12.868503 [debug] [MainThread]: On master: BEGIN
[0m23:06:12.868503 [debug] [MainThread]: Opening a new connection, currently in state init
[0m23:06:12.869507 [debug] [MainThread]: SQL status: OK in 0.001 seconds
[0m23:06:12.869507 [debug] [MainThread]: On master: COMMIT
[0m23:06:12.870509 [debug] [MainThread]: Using duckdb connection "master"
[0m23:06:12.870509 [debug] [MainThread]: On master: COMMIT
[0m23:06:12.870509 [debug] [MainThread]: SQL status: OK in 0.000 seconds
[0m23:06:12.870509 [debug] [MainThread]: On master: Close
[0m23:06:12.872678 [debug] [Thread-1 (]: Began running node model.edinet_growth_analysis.growth_rate_overEqual40
[0m23:06:12.873695 [info ] [Thread-1 (]: 1 of 1 START sql external model main.growth_rate_overEqual40 ................... [RUN]
[0m23:06:12.873695 [debug] [Thread-1 (]: Acquiring new duckdb connection 'model.edinet_growth_analysis.growth_rate_overEqual40'
[0m23:06:12.873695 [debug] [Thread-1 (]: Began compiling node model.edinet_growth_analysis.growth_rate_overEqual40
[0m23:06:12.878199 [debug] [Thread-1 (]: Writing injected SQL for node "model.edinet_growth_analysis.growth_rate_overEqual40"
[0m23:06:12.880205 [debug] [Thread-1 (]: Began executing node model.edinet_growth_analysis.growth_rate_overEqual40
[0m23:06:12.913815 [debug] [Thread-1 (]: Using duckdb connection "model.edinet_growth_analysis.growth_rate_overEqual40"
[0m23:06:12.913815 [debug] [Thread-1 (]: On model.edinet_growth_analysis.growth_rate_overEqual40: BEGIN
[0m23:06:12.914801 [debug] [Thread-1 (]: Opening a new connection, currently in state init
[0m23:06:12.914801 [debug] [Thread-1 (]: SQL status: OK in 0.001 seconds
[0m23:06:12.915800 [debug] [Thread-1 (]: Using duckdb connection "model.edinet_growth_analysis.growth_rate_overEqual40"
[0m23:06:12.915800 [debug] [Thread-1 (]: On model.edinet_growth_analysis.growth_rate_overEqual40: /* {"app": "dbt", "dbt_version": "1.11.12", "profile_name": "edinet_growth_analysis", "target_name": "dev", "node_id": "model.edinet_growth_analysis.growth_rate_overEqual40"} */

  
    
    

    create  table
      "dev"."main"."growth_rate_overEqual40__dbt_tmp"
  
    as (
      

WITH clients AS (
    PIVOT "dev"."main"."net_value_clients"
    ON relative_year
    USING first(net_sales_yen)
),
clients_growth_rate AS (
    SELECT company, ROUND((((CurrentYear/Prior4Year)-1)*100), 2) as growth_rate_2022to2026 
    FROM clients
    WHERE growth_rate_2022to2026 >= 40
)
SELECT * FROM clients_growth_rate
    );
  
  
[0m23:06:12.923310 [debug] [Thread-1 (]: SQL status: OK in 0.008 seconds
[0m23:06:12.924312 [debug] [Thread-1 (]: Using duckdb connection "model.edinet_growth_analysis.growth_rate_overEqual40"
[0m23:06:12.925312 [debug] [Thread-1 (]: On model.edinet_growth_analysis.growth_rate_overEqual40: /* {"app": "dbt", "dbt_version": "1.11.12", "profile_name": "edinet_growth_analysis", "target_name": "dev", "node_id": "model.edinet_growth_analysis.growth_rate_overEqual40"} */

    select count(*) as row_count from "dev"."main"."growth_rate_overEqual40__dbt_tmp"
  
[0m23:06:12.925312 [debug] [Thread-1 (]: SQL status: OK in 0.000 seconds
[0m23:06:12.926817 [debug] [Thread-1 (]: Writing runtime sql for node "model.edinet_growth_analysis.growth_rate_overEqual40"
[0m23:06:12.926817 [debug] [Thread-1 (]: Using duckdb connection "model.edinet_growth_analysis.growth_rate_overEqual40"
[0m23:06:12.926817 [debug] [Thread-1 (]: On model.edinet_growth_analysis.growth_rate_overEqual40: /* {"app": "dbt", "dbt_version": "1.11.12", "profile_name": "edinet_growth_analysis", "target_name": "dev", "node_id": "model.edinet_growth_analysis.growth_rate_overEqual40"} */

[0m23:06:12.926817 [debug] [Thread-1 (]: SQL status: OK in 0.000 seconds
[0m23:06:12.929423 [debug] [Thread-1 (]: Using duckdb connection "model.edinet_growth_analysis.growth_rate_overEqual40"
[0m23:06:12.929423 [debug] [Thread-1 (]: On model.edinet_growth_analysis.growth_rate_overEqual40: /* {"app": "dbt", "dbt_version": "1.11.12", "profile_name": "edinet_growth_analysis", "target_name": "dev", "node_id": "model.edinet_growth_analysis.growth_rate_overEqual40"} */
copy "dev"."main"."growth_rate_overEqual40__dbt_tmp" to './output/growth_rate_overEqual40.csv' (format csv, header 1)
[0m23:06:12.930420 [debug] [Thread-1 (]: SQL status: OK in 0.001 seconds
[0m23:06:12.931424 [debug] [Thread-1 (]: Writing runtime sql for node "model.edinet_growth_analysis.growth_rate_overEqual40"
[0m23:06:12.932449 [debug] [Thread-1 (]: Using duckdb connection "model.edinet_growth_analysis.growth_rate_overEqual40"
[0m23:06:12.932449 [debug] [Thread-1 (]: On model.edinet_growth_analysis.growth_rate_overEqual40: /* {"app": "dbt", "dbt_version": "1.11.12", "profile_name": "edinet_growth_analysis", "target_name": "dev", "node_id": "model.edinet_growth_analysis.growth_rate_overEqual40"} */

    create or replace view "dev"."main"."growth_rate_overEqual40__dbt_int" as (
      select * from read_csv('./output/growth_rate_overEqual40.csv', auto_detect=True)
      -- if relation is empty, filter by all columns having null values
      
    );
    
[0m23:06:12.936422 [debug] [Thread-1 (]: SQL status: OK in 0.003 seconds
[0m23:06:12.939934 [debug] [Thread-1 (]: Using duckdb connection "model.edinet_growth_analysis.growth_rate_overEqual40"
[0m23:06:12.939934 [debug] [Thread-1 (]: On model.edinet_growth_analysis.growth_rate_overEqual40: /* {"app": "dbt", "dbt_version": "1.11.12", "profile_name": "edinet_growth_analysis", "target_name": "dev", "node_id": "model.edinet_growth_analysis.growth_rate_overEqual40"} */
alter view "dev"."main"."growth_rate_overEqual40" rename to "growth_rate_overEqual40__dbt_backup"
[0m23:06:12.940939 [debug] [Thread-1 (]: SQL status: OK in 0.000 seconds
[0m23:06:12.943588 [debug] [Thread-1 (]: Using duckdb connection "model.edinet_growth_analysis.growth_rate_overEqual40"
[0m23:06:12.943588 [debug] [Thread-1 (]: On model.edinet_growth_analysis.growth_rate_overEqual40: /* {"app": "dbt", "dbt_version": "1.11.12", "profile_name": "edinet_growth_analysis", "target_name": "dev", "node_id": "model.edinet_growth_analysis.growth_rate_overEqual40"} */
alter view "dev"."main"."growth_rate_overEqual40__dbt_int" rename to "growth_rate_overEqual40"
[0m23:06:12.944587 [debug] [Thread-1 (]: SQL status: OK in 0.000 seconds
[0m23:06:12.952159 [debug] [Thread-1 (]: On model.edinet_growth_analysis.growth_rate_overEqual40: COMMIT
[0m23:06:12.952159 [debug] [Thread-1 (]: Using duckdb connection "model.edinet_growth_analysis.growth_rate_overEqual40"
[0m23:06:12.953178 [debug] [Thread-1 (]: On model.edinet_growth_analysis.growth_rate_overEqual40: COMMIT
[0m23:06:12.956482 [debug] [Thread-1 (]: SQL status: OK in 0.003 seconds
[0m23:06:12.958987 [debug] [Thread-1 (]: Using duckdb connection "model.edinet_growth_analysis.growth_rate_overEqual40"
[0m23:06:12.960043 [debug] [Thread-1 (]: On model.edinet_growth_analysis.growth_rate_overEqual40: /* {"app": "dbt", "dbt_version": "1.11.12", "profile_name": "edinet_growth_analysis", "target_name": "dev", "node_id": "model.edinet_growth_analysis.growth_rate_overEqual40"} */

      drop view if exists "dev"."main"."growth_rate_overEqual40__dbt_backup" cascade
    
[0m23:06:12.962117 [debug] [Thread-1 (]: SQL status: OK in 0.002 seconds
[0m23:06:12.963993 [debug] [Thread-1 (]: Using duckdb connection "model.edinet_growth_analysis.growth_rate_overEqual40"
[0m23:06:12.963993 [debug] [Thread-1 (]: On model.edinet_growth_analysis.growth_rate_overEqual40: /* {"app": "dbt", "dbt_version": "1.11.12", "profile_name": "edinet_growth_analysis", "target_name": "dev", "node_id": "model.edinet_growth_analysis.growth_rate_overEqual40"} */

      drop table if exists "dev"."main"."growth_rate_overEqual40__dbt_tmp" cascade
    
[0m23:06:12.967016 [debug] [Thread-1 (]: SQL status: OK in 0.002 seconds
[0m23:06:12.968527 [debug] [Thread-1 (]: On model.edinet_growth_analysis.growth_rate_overEqual40: Close
[0m23:06:12.969538 [debug] [Thread-1 (]: Sending event: {'category': 'dbt', 'action': 'run_model', 'label': '8d448fe8-d10d-438b-a6f2-a11d21999e7e', 'context': [<snowplow_tracker.self_describing_json.SelfDescribingJson object at 0x0000022A571ADDC0>]}
[0m23:06:12.969538 [info ] [Thread-1 (]: 1 of 1 OK created sql external model main.growth_rate_overEqual40 .............. [[32mOK[0m in 0.09s]
[0m23:06:12.970544 [debug] [Thread-1 (]: Finished running node model.edinet_growth_analysis.growth_rate_overEqual40
[0m23:06:12.971542 [debug] [MainThread]: Using duckdb connection "master"
[0m23:06:12.971542 [debug] [MainThread]: On master: BEGIN
[0m23:06:12.972542 [debug] [MainThread]: Opening a new connection, currently in state closed
[0m23:06:12.972542 [debug] [MainThread]: SQL status: OK in 0.001 seconds
[0m23:06:12.972542 [debug] [MainThread]: On master: COMMIT
[0m23:06:12.973543 [debug] [MainThread]: Using duckdb connection "master"
[0m23:06:12.973543 [debug] [MainThread]: On master: COMMIT
[0m23:06:12.973543 [debug] [MainThread]: SQL status: OK in 0.000 seconds
[0m23:06:12.974543 [debug] [MainThread]: On master: Close
[0m23:06:12.974543 [debug] [MainThread]: Connection 'master' was properly closed.
[0m23:06:12.974543 [debug] [MainThread]: Connection 'create_dev_main' was properly closed.
[0m23:06:12.974543 [debug] [MainThread]: Connection 'list_dev_main' was properly closed.
[0m23:06:12.975543 [debug] [MainThread]: Connection 'model.edinet_growth_analysis.growth_rate_overEqual40' was properly closed.
[0m23:06:12.975543 [info ] [MainThread]: 
[0m23:06:12.975543 [info ] [MainThread]: Finished running 1 external model in 0 hours 0 minutes and 0.19 seconds (0.19s).
[0m23:06:12.976544 [debug] [MainThread]: Command end result
[0m23:06:13.023118 [debug] [MainThread]: Wrote artifact WritableManifest to C:\Users\nekoa\project_2026\kayleet_scherbel_project_2026\edinet_growth_analysis\target\manifest.json
[0m23:06:13.024116 [debug] [MainThread]: Wrote artifact SemanticManifest to C:\Users\nekoa\project_2026\kayleet_scherbel_project_2026\edinet_growth_analysis\target\semantic_manifest.json
[0m23:06:13.028623 [debug] [MainThread]: Wrote artifact RunExecutionResult to C:\Users\nekoa\project_2026\kayleet_scherbel_project_2026\edinet_growth_analysis\target\run_results.json
[0m23:06:13.028623 [info ] [MainThread]: 
[0m23:06:13.028623 [info ] [MainThread]: [32mCompleted successfully[0m
[0m23:06:13.030029 [info ] [MainThread]: 
[0m23:06:13.030335 [info ] [MainThread]: Done. PASS=1 WARN=0 ERROR=0 SKIP=0 NO-OP=0 TOTAL=1
[0m23:06:13.030335 [debug] [MainThread]: Command `dbt run` succeeded at 23:06:13.030335 after 0.85 seconds
[0m23:06:13.031378 [debug] [MainThread]: Sending event: {'category': 'dbt', 'action': 'invocation', 'label': 'end', 'context': [<snowplow_tracker.self_describing_json.SelfDescribingJson object at 0x0000022A59B19580>, <snowplow_tracker.self_describing_json.SelfDescribingJson object at 0x0000022A59232390>, <snowplow_tracker.self_describing_json.SelfDescribingJson object at 0x0000022A591BD0A0>]}
[0m23:06:13.031378 [debug] [MainThread]: Flushing usage events
[0m23:06:14.027575 [debug] [MainThread]: An error was encountered while trying to flush usage events
[0m14:47:51.312568 [debug] [MainThread]: Sending event: {'category': 'dbt', 'action': 'invocation', 'label': 'start', 'context': [<snowplow_tracker.self_describing_json.SelfDescribingJson object at 0x000002796B10BE90>, <snowplow_tracker.self_describing_json.SelfDescribingJson object at 0x000002796B04CB00>, <snowplow_tracker.self_describing_json.SelfDescribingJson object at 0x000002796AC8E030>]}


============================== 14:47:51.316583 | 928846cc-9a64-4635-9c41-923fef6483fa ==============================
[0m14:47:51.316583 [info ] [MainThread]: Running with dbt=1.11.12
[0m14:47:51.316583 [debug] [MainThread]: running dbt with arguments {'version_check': 'True', 'no_print': 'None', 'static_parser': 'True', 'target_path': 'None', 'warn_error_options': 'WarnErrorOptionsV2(error=[], warn=[], silence=[])', 'printer_width': '80', 'write_json': 'True', 'empty': 'None', 'log_cache_events': 'False', 'introspect': 'True', 'cache_selected_only': 'False', 'log_format': 'default', 'debug': 'False', 'fail_fast': 'False', 'partial_parse': 'True', 'send_anonymous_usage_stats': 'True', 'quiet': 'False', 'warn_error': 'None', 'profiles_dir': 'C:\\Users\\nekoa\\.dbt', 'indirect_selection': 'eager', 'invocation_command': 'dbt seed', 'use_colors': 'True', 'use_experimental_parser': 'False', 'log_path': 'C:\\Users\\nekoa\\project_2026\\kayleet_scherbel_project_2026\\edinet_growth_analysis\\logs'}
[0m14:47:51.553032 [debug] [MainThread]: Sending event: {'category': 'dbt', 'action': 'project_id', 'label': '928846cc-9a64-4635-9c41-923fef6483fa', 'context': [<snowplow_tracker.self_describing_json.SelfDescribingJson object at 0x000002796820EDB0>]}
[0m14:47:51.594280 [debug] [MainThread]: Sending event: {'category': 'dbt', 'action': 'adapter_info', 'label': '928846cc-9a64-4635-9c41-923fef6483fa', 'context': [<snowplow_tracker.self_describing_json.SelfDescribingJson object at 0x000002796B301520>]}
[0m14:47:51.597281 [info ] [MainThread]: Registered adapter: duckdb=1.10.1
[0m14:47:51.756546 [debug] [MainThread]: checksum: f368f5348cf42803b94ef7fb8257ecf3bf9a9a16dd9c8c51fe5172f2dbeb457f, vars: {}, profile: , target: , version: 1.11.12
[0m14:47:51.816545 [warn ] [MainThread]: [[33mWARNING[0m][DuplicateYAMLKeysDeprecation]: Deprecated functionality
Duplicate key 'seeds' in "<unicode string>", line 9, column 1 in file
`seeds\net_value_clients.yml`
[0m14:47:51.817545 [debug] [MainThread]: Sending event: {'category': 'dbt', 'action': 'deprecation', 'label': '928846cc-9a64-4635-9c41-923fef6483fa', 'property_': 'warn', 'context': [<snowplow_tracker.self_describing_json.SelfDescribingJson object at 0x000002796D07CA10>]}
[0m14:47:51.855545 [debug] [MainThread]: Partial parsing enabled: 0 files deleted, 1 files added, 1 files changed.
[0m14:47:51.856549 [debug] [MainThread]: Partial parsing: added file: edinet_growth_analysis://seeds\net_value_clients1.csv
[0m14:47:51.856549 [debug] [MainThread]: Partial parsing: updated file: edinet_growth_analysis://seeds\net_value_clients.yml
[0m14:47:52.014537 [debug] [MainThread]: Sending event: {'category': 'dbt', 'action': 'load_project', 'label': '928846cc-9a64-4635-9c41-923fef6483fa', 'context': [<snowplow_tracker.self_describing_json.SelfDescribingJson object at 0x000002796C7F4E90>]}
[0m14:47:52.061546 [debug] [MainThread]: Wrote artifact WritableManifest to C:\Users\nekoa\project_2026\kayleet_scherbel_project_2026\edinet_growth_analysis\target\manifest.json
[0m14:47:52.063546 [debug] [MainThread]: Wrote artifact SemanticManifest to C:\Users\nekoa\project_2026\kayleet_scherbel_project_2026\edinet_growth_analysis\target\semantic_manifest.json
[0m14:47:52.105546 [debug] [MainThread]: Sending event: {'category': 'dbt', 'action': 'resource_counts', 'label': '928846cc-9a64-4635-9c41-923fef6483fa', 'context': [<snowplow_tracker.self_describing_json.SelfDescribingJson object at 0x000002796D2F3950>]}
[0m14:47:52.105546 [info ] [MainThread]: Found 1 model, 2 seeds, 485 macros
[0m14:47:52.106545 [debug] [MainThread]: Sending event: {'category': 'dbt', 'action': 'runnable_timing', 'label': '928846cc-9a64-4635-9c41-923fef6483fa', 'context': [<snowplow_tracker.self_describing_json.SelfDescribingJson object at 0x000002796C7A0080>]}
[0m14:47:52.107533 [info ] [MainThread]: 
[0m14:47:52.109530 [info ] [MainThread]: Concurrency: 1 threads (target='dev')
[0m14:47:52.110554 [info ] [MainThread]: 
[0m14:47:52.111548 [debug] [MainThread]: Acquiring new duckdb connection 'master'
[0m14:47:52.115546 [debug] [ThreadPool]: Acquiring new duckdb connection 'list_dev'
[0m14:47:52.206545 [debug] [ThreadPool]: Using duckdb connection "list_dev"
[0m14:47:52.207546 [debug] [ThreadPool]: On list_dev: /* {"app": "dbt", "dbt_version": "1.11.12", "profile_name": "edinet_growth_analysis", "target_name": "dev", "connection_name": "list_dev"} */

    
    select schema_name
    from system.information_schema.schemata
    
    where lower(catalog_name) = '"dev"'
    
  
  
[0m14:47:52.207546 [debug] [ThreadPool]: Opening a new connection, currently in state init
[0m14:47:52.229545 [debug] [ThreadPool]: SQL status: OK in 0.022 seconds
[0m14:47:52.230546 [debug] [ThreadPool]: On list_dev: Close
[0m14:47:52.231545 [debug] [ThreadPool]: Re-using an available connection from the pool (formerly list_dev, now create_dev_main)
[0m14:47:52.231545 [debug] [ThreadPool]: Creating schema "database: "dev"
schema: "main"
"
[0m14:47:52.235544 [debug] [ThreadPool]: Using duckdb connection "create_dev_main"
[0m14:47:52.236539 [debug] [ThreadPool]: On create_dev_main: /* {"app": "dbt", "dbt_version": "1.11.12", "profile_name": "edinet_growth_analysis", "target_name": "dev", "connection_name": "create_dev_main"} */

    
        select type from duckdb_databases()
        where lower(database_name)='dev'
        and type='sqlite'
    
  
[0m14:47:52.236539 [debug] [ThreadPool]: Opening a new connection, currently in state closed
[0m14:47:52.237547 [debug] [ThreadPool]: SQL status: OK in 0.001 seconds
[0m14:47:52.238546 [debug] [ThreadPool]: Using duckdb connection "create_dev_main"
[0m14:47:52.238546 [debug] [ThreadPool]: On create_dev_main: BEGIN
[0m14:47:52.238546 [debug] [ThreadPool]: SQL status: OK in 0.000 seconds
[0m14:47:52.239545 [debug] [ThreadPool]: Using duckdb connection "create_dev_main"
[0m14:47:52.239545 [debug] [ThreadPool]: On create_dev_main: /* {"app": "dbt", "dbt_version": "1.11.12", "profile_name": "edinet_growth_analysis", "target_name": "dev", "connection_name": "create_dev_main"} */

    
    
        create schema if not exists "dev"."main"
    
[0m14:47:52.240546 [debug] [ThreadPool]: SQL status: OK in 0.001 seconds
[0m14:47:52.240546 [debug] [ThreadPool]: On create_dev_main: COMMIT
[0m14:47:52.241545 [debug] [ThreadPool]: Using duckdb connection "create_dev_main"
[0m14:47:52.241545 [debug] [ThreadPool]: On create_dev_main: COMMIT
[0m14:47:52.241545 [debug] [ThreadPool]: SQL status: OK in 0.000 seconds
[0m14:47:52.241545 [debug] [ThreadPool]: On create_dev_main: Close
[0m14:47:52.243548 [debug] [ThreadPool]: Acquiring new duckdb connection 'list_dev_main'
[0m14:47:52.246547 [debug] [ThreadPool]: Using duckdb connection "list_dev_main"
[0m14:47:52.247545 [debug] [ThreadPool]: On list_dev_main: BEGIN
[0m14:47:52.247545 [debug] [ThreadPool]: Opening a new connection, currently in state init
[0m14:47:52.247545 [debug] [ThreadPool]: SQL status: OK in 0.000 seconds
[0m14:47:52.248545 [debug] [ThreadPool]: Using duckdb connection "list_dev_main"
[0m14:47:52.248545 [debug] [ThreadPool]: On list_dev_main: /* {"app": "dbt", "dbt_version": "1.11.12", "profile_name": "edinet_growth_analysis", "target_name": "dev", "connection_name": "list_dev_main"} */
select
      'dev' as database,
      table_name as name,
      table_schema as schema,
      CASE table_type
        WHEN 'BASE TABLE' THEN 'table'
        WHEN 'VIEW' THEN 'view'
        WHEN 'LOCAL TEMPORARY' THEN 'table'
        END as type
    from system.information_schema.tables
    where lower(table_schema) = 'main'
    and lower(table_catalog) = 'dev'
  
[0m14:47:52.252531 [debug] [ThreadPool]: SQL status: OK in 0.004 seconds
[0m14:47:52.253558 [debug] [ThreadPool]: On list_dev_main: ROLLBACK
[0m14:47:52.254531 [debug] [ThreadPool]: Failed to rollback 'list_dev_main'
[0m14:47:52.254531 [debug] [ThreadPool]: On list_dev_main: Close
[0m14:47:52.255532 [debug] [MainThread]: Sending event: {'category': 'dbt', 'action': 'runnable_timing', 'label': '928846cc-9a64-4635-9c41-923fef6483fa', 'context': [<snowplow_tracker.self_describing_json.SelfDescribingJson object at 0x000002796D5AB200>]}
[0m14:47:52.256531 [debug] [MainThread]: Using duckdb connection "master"
[0m14:47:52.256531 [debug] [MainThread]: On master: BEGIN
[0m14:47:52.257530 [debug] [MainThread]: Opening a new connection, currently in state init
[0m14:47:52.257530 [debug] [MainThread]: SQL status: OK in 0.001 seconds
[0m14:47:52.258530 [debug] [MainThread]: On master: COMMIT
[0m14:47:52.258530 [debug] [MainThread]: Using duckdb connection "master"
[0m14:47:52.258530 [debug] [MainThread]: On master: COMMIT
[0m14:47:52.259531 [debug] [MainThread]: SQL status: OK in 0.000 seconds
[0m14:47:52.259531 [debug] [MainThread]: On master: Close
[0m14:47:52.265530 [debug] [Thread-1 (]: Began running node seed.edinet_growth_analysis.net_value_clients
[0m14:47:52.266532 [info ] [Thread-1 (]: 1 of 2 START seed file main.net_value_clients .................................. [RUN]
[0m14:47:52.266532 [debug] [Thread-1 (]: Acquiring new duckdb connection 'seed.edinet_growth_analysis.net_value_clients'
[0m14:47:52.267532 [debug] [Thread-1 (]: Began compiling node seed.edinet_growth_analysis.net_value_clients
[0m14:47:52.267532 [debug] [Thread-1 (]: Began executing node seed.edinet_growth_analysis.net_value_clients
[0m14:47:52.292530 [debug] [Thread-1 (]: Using duckdb connection "seed.edinet_growth_analysis.net_value_clients"
[0m14:47:52.292530 [debug] [Thread-1 (]: On seed.edinet_growth_analysis.net_value_clients: BEGIN
[0m14:47:52.292530 [debug] [Thread-1 (]: Opening a new connection, currently in state init
[0m14:47:52.293530 [debug] [Thread-1 (]: SQL status: OK in 0.001 seconds
[0m14:47:52.293530 [debug] [Thread-1 (]: Using duckdb connection "seed.edinet_growth_analysis.net_value_clients"
[0m14:47:52.294529 [debug] [Thread-1 (]: On seed.edinet_growth_analysis.net_value_clients: /* {"app": "dbt", "dbt_version": "1.11.12", "profile_name": "edinet_growth_analysis", "target_name": "dev", "node_id": "seed.edinet_growth_analysis.net_value_clients"} */
truncate table "dev"."main"."net_value_clients"
[0m14:47:52.296530 [debug] [Thread-1 (]: SQL status: OK in 0.002 seconds
[0m14:47:52.304546 [debug] [Thread-1 (]: Using duckdb connection "seed.edinet_growth_analysis.net_value_clients"
[0m14:47:52.304546 [debug] [Thread-1 (]: On seed.edinet_growth_analysis.net_value_clients: 
          COPY "dev"."main"."net_value_clients" FROM 'C:\Users\nekoa\project_2026\kayleet_scherbel_project_2026\edinet_growth_analysis\seeds\net_value_clients.csv' (FORMAT CSV, HEADER TRUE, DELIMITER ',')
        ...
[0m14:47:52.313530 [debug] [Thread-1 (]: SQL status: OK in 0.009 seconds
[0m14:47:52.317558 [debug] [Thread-1 (]: Writing runtime SQL for node "seed.edinet_growth_analysis.net_value_clients"
[0m14:47:52.325544 [debug] [Thread-1 (]: On seed.edinet_growth_analysis.net_value_clients: COMMIT
[0m14:47:52.325544 [debug] [Thread-1 (]: Using duckdb connection "seed.edinet_growth_analysis.net_value_clients"
[0m14:47:52.326545 [debug] [Thread-1 (]: On seed.edinet_growth_analysis.net_value_clients: COMMIT
[0m14:47:52.329544 [debug] [Thread-1 (]: SQL status: OK in 0.003 seconds
[0m14:47:52.330545 [debug] [Thread-1 (]: On seed.edinet_growth_analysis.net_value_clients: Close
[0m14:47:52.332558 [debug] [Thread-1 (]: Sending event: {'category': 'dbt', 'action': 'run_model', 'label': '928846cc-9a64-4635-9c41-923fef6483fa', 'context': [<snowplow_tracker.self_describing_json.SelfDescribingJson object at 0x000002796820DF40>]}
[0m14:47:52.332558 [info ] [Thread-1 (]: 1 of 2 OK loaded seed file main.net_value_clients .............................. [[32mINSERT 45[0m in 0.07s]
[0m14:47:52.333546 [debug] [Thread-1 (]: Finished running node seed.edinet_growth_analysis.net_value_clients
[0m14:47:52.333546 [debug] [Thread-1 (]: Began running node seed.edinet_growth_analysis.net_value_clients1
[0m14:47:52.334530 [info ] [Thread-1 (]: 2 of 2 START seed file main.net_value_clients1 ................................. [RUN]
[0m14:47:52.334530 [debug] [Thread-1 (]: Re-using an available connection from the pool (formerly seed.edinet_growth_analysis.net_value_clients, now seed.edinet_growth_analysis.net_value_clients1)
[0m14:47:52.334530 [debug] [Thread-1 (]: Began compiling node seed.edinet_growth_analysis.net_value_clients1
[0m14:47:52.335545 [debug] [Thread-1 (]: Began executing node seed.edinet_growth_analysis.net_value_clients1
[0m14:47:52.340550 [debug] [Thread-1 (]: Using duckdb connection "seed.edinet_growth_analysis.net_value_clients1"
[0m14:47:52.341531 [debug] [Thread-1 (]: On seed.edinet_growth_analysis.net_value_clients1: BEGIN
[0m14:47:52.341531 [debug] [Thread-1 (]: Opening a new connection, currently in state closed
[0m14:47:52.341531 [debug] [Thread-1 (]: SQL status: OK in 0.000 seconds
[0m14:47:52.342530 [debug] [Thread-1 (]: Using duckdb connection "seed.edinet_growth_analysis.net_value_clients1"
[0m14:47:52.342530 [debug] [Thread-1 (]: On seed.edinet_growth_analysis.net_value_clients1: /* {"app": "dbt", "dbt_version": "1.11.12", "profile_name": "edinet_growth_analysis", "target_name": "dev", "node_id": "seed.edinet_growth_analysis.net_value_clients1"} */

    create table "dev"."main"."net_value_clients1" ("company" text,"doc_id" text,"relative_year" text,"net_sales_yen" bigint)
  
[0m14:47:52.343553 [debug] [Thread-1 (]: SQL status: OK in 0.000 seconds
[0m14:47:52.344530 [debug] [Thread-1 (]: Using duckdb connection "seed.edinet_growth_analysis.net_value_clients1"
[0m14:47:52.344530 [debug] [Thread-1 (]: On seed.edinet_growth_analysis.net_value_clients1: 
          COPY "dev"."main"."net_value_clients1" FROM 'C:\Users\nekoa\project_2026\kayleet_scherbel_project_2026\edinet_growth_analysis\seeds\net_value_clients1.csv' (FORMAT CSV, HEADER TRUE, DELIMITER ',')
        ...
[0m14:47:52.345552 [debug] [Thread-1 (]: SQL status: OK in 0.001 seconds
[0m14:47:52.346551 [debug] [Thread-1 (]: Writing runtime SQL for node "seed.edinet_growth_analysis.net_value_clients1"
[0m14:47:52.349550 [debug] [Thread-1 (]: On seed.edinet_growth_analysis.net_value_clients1: COMMIT
[0m14:47:52.349550 [debug] [Thread-1 (]: Using duckdb connection "seed.edinet_growth_analysis.net_value_clients1"
[0m14:47:52.350550 [debug] [Thread-1 (]: On seed.edinet_growth_analysis.net_value_clients1: COMMIT
[0m14:47:52.352551 [debug] [Thread-1 (]: SQL status: OK in 0.002 seconds
[0m14:47:52.353551 [debug] [Thread-1 (]: On seed.edinet_growth_analysis.net_value_clients1: Close
[0m14:47:52.353551 [debug] [Thread-1 (]: Sending event: {'category': 'dbt', 'action': 'run_model', 'label': '928846cc-9a64-4635-9c41-923fef6483fa', 'context': [<snowplow_tracker.self_describing_json.SelfDescribingJson object at 0x000002796A771AF0>]}
[0m14:47:52.354550 [info ] [Thread-1 (]: 2 of 2 OK loaded seed file main.net_value_clients1 ............................. [[32mINSERT 5[0m in 0.02s]
[0m14:47:52.354550 [debug] [Thread-1 (]: Finished running node seed.edinet_growth_analysis.net_value_clients1
[0m14:47:52.355530 [debug] [MainThread]: Using duckdb connection "master"
[0m14:47:52.355530 [debug] [MainThread]: On master: BEGIN
[0m14:47:52.356550 [debug] [MainThread]: Opening a new connection, currently in state closed
[0m14:47:52.356550 [debug] [MainThread]: SQL status: OK in 0.000 seconds
[0m14:47:52.356550 [debug] [MainThread]: On master: COMMIT
[0m14:47:52.357530 [debug] [MainThread]: Using duckdb connection "master"
[0m14:47:52.357530 [debug] [MainThread]: On master: COMMIT
[0m14:47:52.357530 [debug] [MainThread]: SQL status: OK in 0.000 seconds
[0m14:47:52.358529 [debug] [MainThread]: On master: Close
[0m14:47:52.358529 [debug] [MainThread]: Connection 'master' was properly closed.
[0m14:47:52.358529 [debug] [MainThread]: Connection 'create_dev_main' was properly closed.
[0m14:47:52.358529 [debug] [MainThread]: Connection 'list_dev_main' was properly closed.
[0m14:47:52.359529 [debug] [MainThread]: Connection 'seed.edinet_growth_analysis.net_value_clients1' was properly closed.
[0m14:47:52.359529 [info ] [MainThread]: 
[0m14:47:52.359529 [info ] [MainThread]: Finished running 2 seeds in 0 hours 0 minutes and 0.25 seconds (0.25s).
[0m14:47:52.360545 [debug] [MainThread]: Command end result
[0m14:47:52.375544 [debug] [MainThread]: Wrote artifact WritableManifest to C:\Users\nekoa\project_2026\kayleet_scherbel_project_2026\edinet_growth_analysis\target\manifest.json
[0m14:47:52.377545 [debug] [MainThread]: Wrote artifact SemanticManifest to C:\Users\nekoa\project_2026\kayleet_scherbel_project_2026\edinet_growth_analysis\target\semantic_manifest.json
[0m14:47:52.382556 [debug] [MainThread]: Wrote artifact RunExecutionResult to C:\Users\nekoa\project_2026\kayleet_scherbel_project_2026\edinet_growth_analysis\target\run_results.json
[0m14:47:52.382556 [info ] [MainThread]: 
[0m14:47:52.383530 [info ] [MainThread]: [32mCompleted successfully[0m
[0m14:47:52.384546 [info ] [MainThread]: 
[0m14:47:52.385530 [info ] [MainThread]: Done. PASS=2 WARN=0 ERROR=0 SKIP=0 NO-OP=0 TOTAL=2
[0m14:47:52.386544 [warn ] [MainThread]: [[33mWARNING[0m][DeprecationsSummary]: Deprecated functionality
Summary of encountered deprecations:
- DuplicateYAMLKeysDeprecation: 1 occurrence
To see all deprecation instances instead of just the first occurrence of each,
run command again with the `--show-all-deprecations` flag. You may also need to
run with `--no-partial-parse` as some deprecations are only encountered during
parsing.
[0m14:47:52.388545 [debug] [MainThread]: Command `dbt seed` succeeded at 14:47:52.388545 after 1.29 seconds
[0m14:47:52.388545 [debug] [MainThread]: Sending event: {'category': 'dbt', 'action': 'invocation', 'label': 'end', 'context': [<snowplow_tracker.self_describing_json.SelfDescribingJson object at 0x000002796AE81FA0>, <snowplow_tracker.self_describing_json.SelfDescribingJson object at 0x000002796AE812E0>, <snowplow_tracker.self_describing_json.SelfDescribingJson object at 0x000002796AE81280>]}
[0m14:47:52.388545 [debug] [MainThread]: Flushing usage events
[0m14:47:53.437268 [debug] [MainThread]: An error was encountered while trying to flush usage events
[0m14:48:07.905311 [debug] [MainThread]: Sending event: {'category': 'dbt', 'action': 'invocation', 'label': 'start', 'context': [<snowplow_tracker.self_describing_json.SelfDescribingJson object at 0x0000026F18E28FB0>, <snowplow_tracker.self_describing_json.SelfDescribingJson object at 0x0000026F18830E00>, <snowplow_tracker.self_describing_json.SelfDescribingJson object at 0x0000026F15845C40>]}


============================== 14:48:07.907326 | 91e98d2e-a938-42f2-a171-72c6e5960d9b ==============================
[0m14:48:07.907326 [info ] [MainThread]: Running with dbt=1.11.12
[0m14:48:07.908326 [debug] [MainThread]: running dbt with arguments {'version_check': 'True', 'no_print': 'None', 'static_parser': 'True', 'warn_error_options': 'WarnErrorOptionsV2(error=[], warn=[], silence=[])', 'target_path': 'None', 'printer_width': '80', 'write_json': 'True', 'introspect': 'True', 'log_cache_events': 'False', 'empty': 'False', 'cache_selected_only': 'False', 'log_format': 'default', 'debug': 'False', 'fail_fast': 'False', 'profiles_dir': 'C:\\Users\\nekoa\\.dbt', 'send_anonymous_usage_stats': 'True', 'quiet': 'False', 'warn_error': 'None', 'partial_parse': 'True', 'invocation_command': 'dbt run', 'use_colors': 'True', 'indirect_selection': 'eager', 'use_experimental_parser': 'False', 'log_path': 'C:\\Users\\nekoa\\project_2026\\kayleet_scherbel_project_2026\\edinet_growth_analysis\\logs'}
[0m14:48:08.051313 [debug] [MainThread]: Sending event: {'category': 'dbt', 'action': 'project_id', 'label': '91e98d2e-a938-42f2-a171-72c6e5960d9b', 'context': [<snowplow_tracker.self_describing_json.SelfDescribingJson object at 0x0000026F1A78BBC0>]}
[0m14:48:08.091328 [debug] [MainThread]: Sending event: {'category': 'dbt', 'action': 'adapter_info', 'label': '91e98d2e-a938-42f2-a171-72c6e5960d9b', 'context': [<snowplow_tracker.self_describing_json.SelfDescribingJson object at 0x0000026F187E5730>]}
[0m14:48:08.093375 [info ] [MainThread]: Registered adapter: duckdb=1.10.1
[0m14:48:08.242327 [debug] [MainThread]: checksum: f368f5348cf42803b94ef7fb8257ecf3bf9a9a16dd9c8c51fe5172f2dbeb457f, vars: {}, profile: , target: , version: 1.11.12
[0m14:48:08.304360 [warn ] [MainThread]: [[33mWARNING[0m][DuplicateYAMLKeysDeprecation]: Deprecated functionality
Duplicate key 'seeds' in "<unicode string>", line 9, column 1 in file
`seeds\net_value_clients.yml`
[0m14:48:08.305395 [debug] [MainThread]: Sending event: {'category': 'dbt', 'action': 'deprecation', 'label': '91e98d2e-a938-42f2-a171-72c6e5960d9b', 'property_': 'warn', 'context': [<snowplow_tracker.self_describing_json.SelfDescribingJson object at 0x0000026F1A7CDEE0>]}
[0m14:48:08.324355 [debug] [MainThread]: Partial parsing enabled: 0 files deleted, 0 files added, 0 files changed.
[0m14:48:08.324355 [debug] [MainThread]: Nothing changed, skipping partial parsing.
[0m14:48:08.324355 [debug] [MainThread]: Partial parsing enabled, no changes found, skipping parsing
[0m14:48:08.346315 [debug] [MainThread]: Sending event: {'category': 'dbt', 'action': 'load_project', 'label': '91e98d2e-a938-42f2-a171-72c6e5960d9b', 'context': [<snowplow_tracker.self_describing_json.SelfDescribingJson object at 0x0000026F1A92E000>]}
[0m14:48:08.401316 [debug] [MainThread]: Wrote artifact WritableManifest to C:\Users\nekoa\project_2026\kayleet_scherbel_project_2026\edinet_growth_analysis\target\manifest.json
[0m14:48:08.403324 [debug] [MainThread]: Wrote artifact SemanticManifest to C:\Users\nekoa\project_2026\kayleet_scherbel_project_2026\edinet_growth_analysis\target\semantic_manifest.json
[0m14:48:08.409313 [debug] [MainThread]: Sending event: {'category': 'dbt', 'action': 'resource_counts', 'label': '91e98d2e-a938-42f2-a171-72c6e5960d9b', 'context': [<snowplow_tracker.self_describing_json.SelfDescribingJson object at 0x0000026F1B1C1AC0>]}
[0m14:48:08.410314 [info ] [MainThread]: Found 1 model, 2 seeds, 485 macros
[0m14:48:08.410314 [debug] [MainThread]: Sending event: {'category': 'dbt', 'action': 'runnable_timing', 'label': '91e98d2e-a938-42f2-a171-72c6e5960d9b', 'context': [<snowplow_tracker.self_describing_json.SelfDescribingJson object at 0x0000026F1B1E5FD0>]}
[0m14:48:08.411336 [info ] [MainThread]: 
[0m14:48:08.413310 [info ] [MainThread]: Concurrency: 1 threads (target='dev')
[0m14:48:08.414311 [info ] [MainThread]: 
[0m14:48:08.416327 [debug] [MainThread]: Acquiring new duckdb connection 'master'
[0m14:48:08.418326 [debug] [ThreadPool]: Acquiring new duckdb connection 'list_dev'
[0m14:48:08.456342 [debug] [ThreadPool]: Using duckdb connection "list_dev"
[0m14:48:08.456342 [debug] [ThreadPool]: On list_dev: /* {"app": "dbt", "dbt_version": "1.11.12", "profile_name": "edinet_growth_analysis", "target_name": "dev", "connection_name": "list_dev"} */

    
    select schema_name
    from system.information_schema.schemata
    
    where lower(catalog_name) = '"dev"'
    
  
  
[0m14:48:08.457353 [debug] [ThreadPool]: Opening a new connection, currently in state init
[0m14:48:08.467351 [debug] [ThreadPool]: SQL status: OK in 0.011 seconds
[0m14:48:08.468316 [debug] [ThreadPool]: On list_dev: Close
[0m14:48:08.469312 [debug] [ThreadPool]: Re-using an available connection from the pool (formerly list_dev, now create_dev_main)
[0m14:48:08.469312 [debug] [ThreadPool]: Creating schema "database: "dev"
schema: "main"
"
[0m14:48:08.473339 [debug] [ThreadPool]: Using duckdb connection "create_dev_main"
[0m14:48:08.474317 [debug] [ThreadPool]: On create_dev_main: /* {"app": "dbt", "dbt_version": "1.11.12", "profile_name": "edinet_growth_analysis", "target_name": "dev", "connection_name": "create_dev_main"} */

    
        select type from duckdb_databases()
        where lower(database_name)='dev'
        and type='sqlite'
    
  
[0m14:48:08.474317 [debug] [ThreadPool]: Opening a new connection, currently in state closed
[0m14:48:08.474317 [debug] [ThreadPool]: SQL status: OK in 0.001 seconds
[0m14:48:08.475424 [debug] [ThreadPool]: Using duckdb connection "create_dev_main"
[0m14:48:08.476371 [debug] [ThreadPool]: On create_dev_main: BEGIN
[0m14:48:08.476371 [debug] [ThreadPool]: SQL status: OK in 0.000 seconds
[0m14:48:08.476371 [debug] [ThreadPool]: Using duckdb connection "create_dev_main"
[0m14:48:08.477314 [debug] [ThreadPool]: On create_dev_main: /* {"app": "dbt", "dbt_version": "1.11.12", "profile_name": "edinet_growth_analysis", "target_name": "dev", "connection_name": "create_dev_main"} */

    
    
        create schema if not exists "dev"."main"
    
[0m14:48:08.477314 [debug] [ThreadPool]: SQL status: OK in 0.000 seconds
[0m14:48:08.478357 [debug] [ThreadPool]: On create_dev_main: COMMIT
[0m14:48:08.478357 [debug] [ThreadPool]: Using duckdb connection "create_dev_main"
[0m14:48:08.478357 [debug] [ThreadPool]: On create_dev_main: COMMIT
[0m14:48:08.478357 [debug] [ThreadPool]: SQL status: OK in 0.000 seconds
[0m14:48:08.479399 [debug] [ThreadPool]: On create_dev_main: Close
[0m14:48:08.482390 [debug] [ThreadPool]: Acquiring new duckdb connection 'list_dev_main'
[0m14:48:08.485314 [debug] [ThreadPool]: Using duckdb connection "list_dev_main"
[0m14:48:08.486373 [debug] [ThreadPool]: On list_dev_main: BEGIN
[0m14:48:08.486373 [debug] [ThreadPool]: Opening a new connection, currently in state init
[0m14:48:08.486373 [debug] [ThreadPool]: SQL status: OK in 0.000 seconds
[0m14:48:08.487316 [debug] [ThreadPool]: Using duckdb connection "list_dev_main"
[0m14:48:08.487316 [debug] [ThreadPool]: On list_dev_main: /* {"app": "dbt", "dbt_version": "1.11.12", "profile_name": "edinet_growth_analysis", "target_name": "dev", "connection_name": "list_dev_main"} */
select
      'dev' as database,
      table_name as name,
      table_schema as schema,
      CASE table_type
        WHEN 'BASE TABLE' THEN 'table'
        WHEN 'VIEW' THEN 'view'
        WHEN 'LOCAL TEMPORARY' THEN 'table'
        END as type
    from system.information_schema.tables
    where lower(table_schema) = 'main'
    and lower(table_catalog) = 'dev'
  
[0m14:48:08.489351 [debug] [ThreadPool]: SQL status: OK in 0.002 seconds
[0m14:48:08.490313 [debug] [ThreadPool]: On list_dev_main: ROLLBACK
[0m14:48:08.491381 [debug] [ThreadPool]: Failed to rollback 'list_dev_main'
[0m14:48:08.491381 [debug] [ThreadPool]: On list_dev_main: Close
[0m14:48:08.492332 [debug] [MainThread]: Sending event: {'category': 'dbt', 'action': 'runnable_timing', 'label': '91e98d2e-a938-42f2-a171-72c6e5960d9b', 'context': [<snowplow_tracker.self_describing_json.SelfDescribingJson object at 0x0000026F1B1DB110>]}
[0m14:48:08.492332 [debug] [MainThread]: Using duckdb connection "master"
[0m14:48:08.493344 [debug] [MainThread]: On master: BEGIN
[0m14:48:08.493344 [debug] [MainThread]: Opening a new connection, currently in state init
[0m14:48:08.493344 [debug] [MainThread]: SQL status: OK in 0.000 seconds
[0m14:48:08.494312 [debug] [MainThread]: On master: COMMIT
[0m14:48:08.494312 [debug] [MainThread]: Using duckdb connection "master"
[0m14:48:08.494312 [debug] [MainThread]: On master: COMMIT
[0m14:48:08.494312 [debug] [MainThread]: SQL status: OK in 0.000 seconds
[0m14:48:08.495362 [debug] [MainThread]: On master: Close
[0m14:48:08.502416 [debug] [Thread-1 (]: Began running node model.edinet_growth_analysis.growth_rate_overEqual40
[0m14:48:08.502416 [info ] [Thread-1 (]: 1 of 1 START sql external model main.growth_rate_overEqual40 ................... [RUN]
[0m14:48:08.504313 [debug] [Thread-1 (]: Acquiring new duckdb connection 'model.edinet_growth_analysis.growth_rate_overEqual40'
[0m14:48:08.504313 [debug] [Thread-1 (]: Began compiling node model.edinet_growth_analysis.growth_rate_overEqual40
[0m14:48:08.509312 [debug] [Thread-1 (]: Writing injected SQL for node "model.edinet_growth_analysis.growth_rate_overEqual40"
[0m14:48:08.510409 [debug] [Thread-1 (]: Began executing node model.edinet_growth_analysis.growth_rate_overEqual40
[0m14:48:08.543324 [debug] [Thread-1 (]: Using duckdb connection "model.edinet_growth_analysis.growth_rate_overEqual40"
[0m14:48:08.543324 [debug] [Thread-1 (]: On model.edinet_growth_analysis.growth_rate_overEqual40: BEGIN
[0m14:48:08.544403 [debug] [Thread-1 (]: Opening a new connection, currently in state init
[0m14:48:08.544403 [debug] [Thread-1 (]: SQL status: OK in 0.001 seconds
[0m14:48:08.545313 [debug] [Thread-1 (]: Using duckdb connection "model.edinet_growth_analysis.growth_rate_overEqual40"
[0m14:48:08.545313 [debug] [Thread-1 (]: On model.edinet_growth_analysis.growth_rate_overEqual40: /* {"app": "dbt", "dbt_version": "1.11.12", "profile_name": "edinet_growth_analysis", "target_name": "dev", "node_id": "model.edinet_growth_analysis.growth_rate_overEqual40"} */

  
    
    

    create  table
      "dev"."main"."growth_rate_overEqual40__dbt_tmp"
  
    as (
      

WITH clients AS (
    PIVOT "dev"."main"."net_value_clients"
    ON relative_year
    USING first(net_sales_yen)
),
clients_growth_rate AS (
    SELECT company, ROUND((((CurrentYear/Prior4Year)-1)*100), 2) as growth_rate_2022to2026 
    FROM clients
    WHERE growth_rate_2022to2026 >= 40
)
SELECT * FROM clients_growth_rate
    );
  
  
[0m14:48:08.561311 [debug] [Thread-1 (]: SQL status: OK in 0.016 seconds
[0m14:48:08.562327 [debug] [Thread-1 (]: Using duckdb connection "model.edinet_growth_analysis.growth_rate_overEqual40"
[0m14:48:08.562327 [debug] [Thread-1 (]: On model.edinet_growth_analysis.growth_rate_overEqual40: /* {"app": "dbt", "dbt_version": "1.11.12", "profile_name": "edinet_growth_analysis", "target_name": "dev", "node_id": "model.edinet_growth_analysis.growth_rate_overEqual40"} */

    select count(*) as row_count from "dev"."main"."growth_rate_overEqual40__dbt_tmp"
  
[0m14:48:08.563326 [debug] [Thread-1 (]: SQL status: OK in 0.000 seconds
[0m14:48:08.564327 [debug] [Thread-1 (]: Writing runtime sql for node "model.edinet_growth_analysis.growth_rate_overEqual40"
[0m14:48:08.565326 [debug] [Thread-1 (]: Using duckdb connection "model.edinet_growth_analysis.growth_rate_overEqual40"
[0m14:48:08.565326 [debug] [Thread-1 (]: On model.edinet_growth_analysis.growth_rate_overEqual40: /* {"app": "dbt", "dbt_version": "1.11.12", "profile_name": "edinet_growth_analysis", "target_name": "dev", "node_id": "model.edinet_growth_analysis.growth_rate_overEqual40"} */

[0m14:48:08.565326 [debug] [Thread-1 (]: SQL status: OK in 0.000 seconds
[0m14:48:08.567310 [debug] [Thread-1 (]: Using duckdb connection "model.edinet_growth_analysis.growth_rate_overEqual40"
[0m14:48:08.567310 [debug] [Thread-1 (]: On model.edinet_growth_analysis.growth_rate_overEqual40: /* {"app": "dbt", "dbt_version": "1.11.12", "profile_name": "edinet_growth_analysis", "target_name": "dev", "node_id": "model.edinet_growth_analysis.growth_rate_overEqual40"} */
copy "dev"."main"."growth_rate_overEqual40__dbt_tmp" to './output/growth_rate_overEqual40.csv' (format csv, header 1)
[0m14:48:08.569310 [debug] [Thread-1 (]: SQL status: OK in 0.002 seconds
[0m14:48:08.570343 [debug] [Thread-1 (]: Writing runtime sql for node "model.edinet_growth_analysis.growth_rate_overEqual40"
[0m14:48:08.571335 [debug] [Thread-1 (]: Using duckdb connection "model.edinet_growth_analysis.growth_rate_overEqual40"
[0m14:48:08.571335 [debug] [Thread-1 (]: On model.edinet_growth_analysis.growth_rate_overEqual40: /* {"app": "dbt", "dbt_version": "1.11.12", "profile_name": "edinet_growth_analysis", "target_name": "dev", "node_id": "model.edinet_growth_analysis.growth_rate_overEqual40"} */

    create or replace view "dev"."main"."growth_rate_overEqual40__dbt_int" as (
      select * from read_csv('./output/growth_rate_overEqual40.csv', auto_detect=True)
      -- if relation is empty, filter by all columns having null values
      
    );
    
[0m14:48:08.574326 [debug] [Thread-1 (]: SQL status: OK in 0.003 seconds
[0m14:48:08.578326 [debug] [Thread-1 (]: Using duckdb connection "model.edinet_growth_analysis.growth_rate_overEqual40"
[0m14:48:08.578326 [debug] [Thread-1 (]: On model.edinet_growth_analysis.growth_rate_overEqual40: /* {"app": "dbt", "dbt_version": "1.11.12", "profile_name": "edinet_growth_analysis", "target_name": "dev", "node_id": "model.edinet_growth_analysis.growth_rate_overEqual40"} */
alter view "dev"."main"."growth_rate_overEqual40" rename to "growth_rate_overEqual40__dbt_backup"
[0m14:48:08.579325 [debug] [Thread-1 (]: SQL status: OK in 0.000 seconds
[0m14:48:08.581326 [debug] [Thread-1 (]: Using duckdb connection "model.edinet_growth_analysis.growth_rate_overEqual40"
[0m14:48:08.581326 [debug] [Thread-1 (]: On model.edinet_growth_analysis.growth_rate_overEqual40: /* {"app": "dbt", "dbt_version": "1.11.12", "profile_name": "edinet_growth_analysis", "target_name": "dev", "node_id": "model.edinet_growth_analysis.growth_rate_overEqual40"} */
alter view "dev"."main"."growth_rate_overEqual40__dbt_int" rename to "growth_rate_overEqual40"
[0m14:48:08.582326 [debug] [Thread-1 (]: SQL status: OK in 0.000 seconds
[0m14:48:08.590384 [debug] [Thread-1 (]: On model.edinet_growth_analysis.growth_rate_overEqual40: COMMIT
[0m14:48:08.590384 [debug] [Thread-1 (]: Using duckdb connection "model.edinet_growth_analysis.growth_rate_overEqual40"
[0m14:48:08.591358 [debug] [Thread-1 (]: On model.edinet_growth_analysis.growth_rate_overEqual40: COMMIT
[0m14:48:08.615354 [debug] [Thread-1 (]: SQL status: OK in 0.024 seconds
[0m14:48:08.618319 [debug] [Thread-1 (]: Using duckdb connection "model.edinet_growth_analysis.growth_rate_overEqual40"
[0m14:48:08.618319 [debug] [Thread-1 (]: On model.edinet_growth_analysis.growth_rate_overEqual40: /* {"app": "dbt", "dbt_version": "1.11.12", "profile_name": "edinet_growth_analysis", "target_name": "dev", "node_id": "model.edinet_growth_analysis.growth_rate_overEqual40"} */

      drop view if exists "dev"."main"."growth_rate_overEqual40__dbt_backup" cascade
    
[0m14:48:08.621402 [debug] [Thread-1 (]: SQL status: OK in 0.002 seconds
[0m14:48:08.623368 [debug] [Thread-1 (]: Using duckdb connection "model.edinet_growth_analysis.growth_rate_overEqual40"
[0m14:48:08.623368 [debug] [Thread-1 (]: On model.edinet_growth_analysis.growth_rate_overEqual40: /* {"app": "dbt", "dbt_version": "1.11.12", "profile_name": "edinet_growth_analysis", "target_name": "dev", "node_id": "model.edinet_growth_analysis.growth_rate_overEqual40"} */

      drop table if exists "dev"."main"."growth_rate_overEqual40__dbt_tmp" cascade
    
[0m14:48:08.626391 [debug] [Thread-1 (]: SQL status: OK in 0.002 seconds
[0m14:48:08.627401 [debug] [Thread-1 (]: On model.edinet_growth_analysis.growth_rate_overEqual40: Close
[0m14:48:08.629339 [debug] [Thread-1 (]: Sending event: {'category': 'dbt', 'action': 'run_model', 'label': '91e98d2e-a938-42f2-a171-72c6e5960d9b', 'context': [<snowplow_tracker.self_describing_json.SelfDescribingJson object at 0x0000026F1B52CFE0>]}
[0m14:48:08.629339 [info ] [Thread-1 (]: 1 of 1 OK created sql external model main.growth_rate_overEqual40 .............. [[32mOK[0m in 0.12s]
[0m14:48:08.630312 [debug] [Thread-1 (]: Finished running node model.edinet_growth_analysis.growth_rate_overEqual40
[0m14:48:08.631313 [debug] [MainThread]: Using duckdb connection "master"
[0m14:48:08.631313 [debug] [MainThread]: On master: BEGIN
[0m14:48:08.631313 [debug] [MainThread]: Opening a new connection, currently in state closed
[0m14:48:08.632356 [debug] [MainThread]: SQL status: OK in 0.000 seconds
[0m14:48:08.632356 [debug] [MainThread]: On master: COMMIT
[0m14:48:08.632356 [debug] [MainThread]: Using duckdb connection "master"
[0m14:48:08.633314 [debug] [MainThread]: On master: COMMIT
[0m14:48:08.633314 [debug] [MainThread]: SQL status: OK in 0.000 seconds
[0m14:48:08.633314 [debug] [MainThread]: On master: Close
[0m14:48:08.634340 [debug] [MainThread]: Connection 'master' was properly closed.
[0m14:48:08.634340 [debug] [MainThread]: Connection 'create_dev_main' was properly closed.
[0m14:48:08.634340 [debug] [MainThread]: Connection 'list_dev_main' was properly closed.
[0m14:48:08.634340 [debug] [MainThread]: Connection 'model.edinet_growth_analysis.growth_rate_overEqual40' was properly closed.
[0m14:48:08.635311 [info ] [MainThread]: 
[0m14:48:08.636327 [info ] [MainThread]: Finished running 1 external model in 0 hours 0 minutes and 0.22 seconds (0.22s).
[0m14:48:08.637327 [debug] [MainThread]: Command end result
[0m14:48:08.687311 [debug] [MainThread]: Wrote artifact WritableManifest to C:\Users\nekoa\project_2026\kayleet_scherbel_project_2026\edinet_growth_analysis\target\manifest.json
[0m14:48:08.689312 [debug] [MainThread]: Wrote artifact SemanticManifest to C:\Users\nekoa\project_2026\kayleet_scherbel_project_2026\edinet_growth_analysis\target\semantic_manifest.json
[0m14:48:08.692332 [debug] [MainThread]: Wrote artifact RunExecutionResult to C:\Users\nekoa\project_2026\kayleet_scherbel_project_2026\edinet_growth_analysis\target\run_results.json
[0m14:48:08.693333 [info ] [MainThread]: 
[0m14:48:08.694315 [info ] [MainThread]: [32mCompleted successfully[0m
[0m14:48:08.694315 [info ] [MainThread]: 
[0m14:48:08.696378 [info ] [MainThread]: Done. PASS=1 WARN=0 ERROR=0 SKIP=0 NO-OP=0 TOTAL=1
[0m14:48:08.698390 [warn ] [MainThread]: [[33mWARNING[0m][DeprecationsSummary]: Deprecated functionality
Summary of encountered deprecations:
- DuplicateYAMLKeysDeprecation: 1 occurrence
To see all deprecation instances instead of just the first occurrence of each,
run command again with the `--show-all-deprecations` flag. You may also need to
run with `--no-partial-parse` as some deprecations are only encountered during
parsing.
[0m14:48:08.700390 [debug] [MainThread]: Command `dbt run` succeeded at 14:48:08.700390 after 0.91 seconds
[0m14:48:08.701368 [debug] [MainThread]: Sending event: {'category': 'dbt', 'action': 'invocation', 'label': 'end', 'context': [<snowplow_tracker.self_describing_json.SelfDescribingJson object at 0x0000026F1521E570>, <snowplow_tracker.self_describing_json.SelfDescribingJson object at 0x0000026F18276CF0>, <snowplow_tracker.self_describing_json.SelfDescribingJson object at 0x0000026F18275850>]}
[0m14:48:08.701368 [debug] [MainThread]: Flushing usage events
[0m14:48:09.699321 [debug] [MainThread]: An error was encountered while trying to flush usage events
[0m14:53:25.496868 [debug] [MainThread]: Sending event: {'category': 'dbt', 'action': 'invocation', 'label': 'start', 'context': [<snowplow_tracker.self_describing_json.SelfDescribingJson object at 0x00000202F960D160>, <snowplow_tracker.self_describing_json.SelfDescribingJson object at 0x00000202F74463C0>, <snowplow_tracker.self_describing_json.SelfDescribingJson object at 0x00000202F7445F40>]}


============================== 14:53:25.498870 | a16bafb2-52fb-4147-b382-856d31065fdf ==============================
[0m14:53:25.498870 [info ] [MainThread]: Running with dbt=1.11.12
[0m14:53:25.499869 [debug] [MainThread]: running dbt with arguments {'version_check': 'True', 'no_print': 'None', 'static_parser': 'True', 'warn_error_options': 'WarnErrorOptionsV2(error=[], warn=[], silence=[])', 'target_path': 'None', 'printer_width': '80', 'write_json': 'True', 'empty': 'None', 'log_cache_events': 'False', 'introspect': 'True', 'cache_selected_only': 'False', 'log_format': 'default', 'debug': 'False', 'fail_fast': 'False', 'profiles_dir': 'C:\\Users\\nekoa\\.dbt', 'send_anonymous_usage_stats': 'True', 'quiet': 'False', 'warn_error': 'None', 'partial_parse': 'True', 'indirect_selection': 'eager', 'invocation_command': 'dbt clean', 'use_colors': 'True', 'use_experimental_parser': 'False', 'log_path': 'C:\\Users\\nekoa\\project_2026\\kayleet_scherbel_project_2026\\edinet_growth_analysis\\logs'}
[0m14:53:25.500869 [warn ] [MainThread]: [[33mWARNING[0m][CustomKeyInConfigDeprecation]: Deprecated functionality
Custom key `edinet_growth_analysis` found in `config` at path
`edinet_growth_analysis` in file `C:\Users\nekoa\project_2026\kayleet_scherbel_p
roject_2026\edinet_growth_analysis\dbt_project.yml`. Custom config keys should
move into the `config.meta`.
[0m14:53:25.501869 [debug] [MainThread]: Sending event: {'category': 'dbt', 'action': 'deprecation', 'label': 'a16bafb2-52fb-4147-b382-856d31065fdf', 'property_': 'warn', 'context': [<snowplow_tracker.self_describing_json.SelfDescribingJson object at 0x00000202FB0E0CE0>]}
[0m14:53:25.581094 [debug] [MainThread]: Sending event: {'category': 'dbt', 'action': 'project_id', 'label': 'a16bafb2-52fb-4147-b382-856d31065fdf', 'context': [<snowplow_tracker.self_describing_json.SelfDescribingJson object at 0x00000202F9A02000>]}
[0m14:53:25.596939 [warn ] [MainThread]: [[33mWARNING[0m][DeprecationsSummary]: Deprecated functionality
Summary of encountered deprecations:
- CustomKeyInConfigDeprecation: 2 occurrences
To see all deprecation instances instead of just the first occurrence of each,
run command again with the `--show-all-deprecations` flag. You may also need to
run with `--no-partial-parse` as some deprecations are only encountered during
parsing.
[0m14:53:25.597949 [debug] [MainThread]: Command `dbt clean` succeeded at 14:53:25.596939 after 0.23 seconds
[0m14:53:25.597949 [debug] [MainThread]: Sending event: {'category': 'dbt', 'action': 'invocation', 'label': 'end', 'context': [<snowplow_tracker.self_describing_json.SelfDescribingJson object at 0x00000202FB136CF0>, <snowplow_tracker.self_describing_json.SelfDescribingJson object at 0x00000202F8DE66C0>, <snowplow_tracker.self_describing_json.SelfDescribingJson object at 0x00000202F8DE51F0>]}
[0m14:53:25.597949 [debug] [MainThread]: Flushing usage events
[0m14:53:26.751706 [debug] [MainThread]: An error was encountered while trying to flush usage events
[0m14:53:32.650155 [debug] [MainThread]: Sending event: {'category': 'dbt', 'action': 'invocation', 'label': 'start', 'context': [<snowplow_tracker.self_describing_json.SelfDescribingJson object at 0x00000268FCC3CD70>, <snowplow_tracker.self_describing_json.SelfDescribingJson object at 0x00000268FC672B70>, <snowplow_tracker.self_describing_json.SelfDescribingJson object at 0x00000268FB3DA540>]}


============================== 14:53:32.653164 | 96e89686-c715-433c-9269-84ece9a87d90 ==============================
[0m14:53:32.653164 [info ] [MainThread]: Running with dbt=1.11.12
[0m14:53:32.655162 [debug] [MainThread]: running dbt with arguments {'static_parser': 'True', 'no_print': 'None', 'version_check': 'True', 'target_path': 'None', 'warn_error_options': 'WarnErrorOptionsV2(error=[], warn=[], silence=[])', 'printer_width': '80', 'write_json': 'True', 'introspect': 'True', 'log_cache_events': 'False', 'empty': 'None', 'cache_selected_only': 'False', 'log_format': 'default', 'debug': 'False', 'fail_fast': 'False', 'profiles_dir': 'C:\\Users\\nekoa\\.dbt', 'send_anonymous_usage_stats': 'True', 'quiet': 'False', 'warn_error': 'None', 'partial_parse': 'True', 'indirect_selection': 'eager', 'use_colors': 'True', 'invocation_command': 'dbt seed', 'use_experimental_parser': 'False', 'log_path': 'C:\\Users\\nekoa\\project_2026\\kayleet_scherbel_project_2026\\edinet_growth_analysis\\logs'}
[0m14:53:32.797194 [debug] [MainThread]: Sending event: {'category': 'dbt', 'action': 'project_id', 'label': '96e89686-c715-433c-9269-84ece9a87d90', 'context': [<snowplow_tracker.self_describing_json.SelfDescribingJson object at 0x00000268FF0C8F50>]}
[0m14:53:32.836220 [debug] [MainThread]: Sending event: {'category': 'dbt', 'action': 'adapter_info', 'label': '96e89686-c715-433c-9269-84ece9a87d90', 'context': [<snowplow_tracker.self_describing_json.SelfDescribingJson object at 0x00000268FD7900E0>]}
[0m14:53:32.837149 [info ] [MainThread]: Registered adapter: duckdb=1.10.1
[0m14:53:32.976199 [debug] [MainThread]: checksum: f368f5348cf42803b94ef7fb8257ecf3bf9a9a16dd9c8c51fe5172f2dbeb457f, vars: {}, profile: , target: , version: 1.11.12
[0m14:53:32.976199 [info ] [MainThread]: Unable to do partial parsing because saved manifest not found. Starting full parse.
[0m14:53:32.979225 [debug] [MainThread]: Sending event: {'category': 'dbt', 'action': 'partial_parser', 'label': '96e89686-c715-433c-9269-84ece9a87d90', 'context': [<snowplow_tracker.self_describing_json.SelfDescribingJson object at 0x00000268FF665940>]}
[0m14:53:32.981193 [warn ] [MainThread]: [[33mWARNING[0m][DuplicateYAMLKeysDeprecation]: Deprecated functionality
Duplicate key 'seeds' in "<unicode string>", line 9, column 1 in file
`seeds\net_value_clients.yml`
[0m14:53:32.983236 [debug] [MainThread]: Sending event: {'category': 'dbt', 'action': 'deprecation', 'label': '96e89686-c715-433c-9269-84ece9a87d90', 'property_': 'warn', 'context': [<snowplow_tracker.self_describing_json.SelfDescribingJson object at 0x00000268FF649A90>]}
[0m14:53:33.700239 [warn ] [MainThread]: [[33mWARNING[0m]: Did not find matching node for patch with name 'net_value_clients1' in the 'seeds' section of file 'seeds\net_value_clients.yml'
[0m14:53:33.735527 [warn ] [MainThread]: [[33mWARNING[0m]: Did not find matching node for patch with name 'my_first_dbt_model' in the 'models' section of file 'models\schema.yml'
[0m14:53:33.738489 [warn ] [MainThread]: [[33mWARNING[0m]: Did not find matching node for patch with name 'my_second_dbt_model' in the 'models' section of file 'models\schema.yml'
[0m14:53:33.740521 [warn ] [MainThread]: [[33mWARNING[0m]: Did not find matching node for patch with name 'growth_rate_overEqual40_model' in the 'models' section of file 'models\schema.yml'
[0m14:53:33.815801 [warn ] [MainThread]: [[33mWARNING[0m]: Test 'test.edinet_growth_analysis.unique_my_first_dbt_model_id.16e066b321' (models\schema.yml) depends on a node named 'my_first_dbt_model' in package '' which was not found
[0m14:53:33.815801 [warn ] [MainThread]: [[33mWARNING[0m]: Test 'test.edinet_growth_analysis.not_null_my_first_dbt_model_id.5fb22c2710' (models\schema.yml) depends on a node named 'my_first_dbt_model' in package '' which was not found
[0m14:53:33.816823 [warn ] [MainThread]: [[33mWARNING[0m]: Test 'test.edinet_growth_analysis.unique_my_second_dbt_model_id.57a0f8c493' (models\schema.yml) depends on a node named 'my_second_dbt_model' in package '' which was not found
[0m14:53:33.817844 [warn ] [MainThread]: [[33mWARNING[0m]: Test 'test.edinet_growth_analysis.not_null_my_second_dbt_model_id.151b76d778' (models\schema.yml) depends on a node named 'my_second_dbt_model' in package '' which was not found
[0m14:53:33.817844 [warn ] [MainThread]: [[33mWARNING[0m]: Test 'test.edinet_growth_analysis.unique_growth_rate_overEqual40_model_company.1402e98093' (models\schema.yml) depends on a node named 'growth_rate_overEqual40_model' in package '' which was not found
[0m14:53:33.818862 [warn ] [MainThread]: [[33mWARNING[0m]: Test 'test.edinet_growth_analysis.not_null_growth_rate_overEqual40_model_company.494ba846e1' (models\schema.yml) depends on a node named 'growth_rate_overEqual40_model' in package '' which was not found
[0m14:53:33.868755 [debug] [MainThread]: Sending event: {'category': 'dbt', 'action': 'load_project', 'label': '96e89686-c715-433c-9269-84ece9a87d90', 'context': [<snowplow_tracker.self_describing_json.SelfDescribingJson object at 0x00000268FF0C8860>]}
[0m14:53:33.919753 [debug] [MainThread]: Wrote artifact WritableManifest to C:\Users\nekoa\project_2026\kayleet_scherbel_project_2026\edinet_growth_analysis\target\manifest.json
[0m14:53:33.922855 [debug] [MainThread]: Wrote artifact SemanticManifest to C:\Users\nekoa\project_2026\kayleet_scherbel_project_2026\edinet_growth_analysis\target\semantic_manifest.json
[0m14:53:33.929762 [debug] [MainThread]: Sending event: {'category': 'dbt', 'action': 'resource_counts', 'label': '96e89686-c715-433c-9269-84ece9a87d90', 'context': [<snowplow_tracker.self_describing_json.SelfDescribingJson object at 0x00000268FFDBA810>]}
[0m14:53:33.930760 [info ] [MainThread]: Found 1 model, 1 seed, 485 macros
[0m14:53:33.931759 [debug] [MainThread]: Sending event: {'category': 'dbt', 'action': 'runnable_timing', 'label': '96e89686-c715-433c-9269-84ece9a87d90', 'context': [<snowplow_tracker.self_describing_json.SelfDescribingJson object at 0x00000268FF686300>]}
[0m14:53:33.932787 [info ] [MainThread]: 
[0m14:53:33.933839 [info ] [MainThread]: Concurrency: 1 threads (target='dev')
[0m14:53:33.934755 [info ] [MainThread]: 
[0m14:53:33.935755 [debug] [MainThread]: Acquiring new duckdb connection 'master'
[0m14:53:33.936791 [debug] [ThreadPool]: Acquiring new duckdb connection 'list_dev'
[0m14:53:33.974851 [debug] [ThreadPool]: Using duckdb connection "list_dev"
[0m14:53:33.974851 [debug] [ThreadPool]: On list_dev: /* {"app": "dbt", "dbt_version": "1.11.12", "profile_name": "edinet_growth_analysis", "target_name": "dev", "connection_name": "list_dev"} */

    
    select schema_name
    from system.information_schema.schemata
    
    where lower(catalog_name) = '"dev"'
    
  
  
[0m14:53:33.974851 [debug] [ThreadPool]: Opening a new connection, currently in state init
[0m14:53:33.985801 [debug] [ThreadPool]: SQL status: OK in 0.011 seconds
[0m14:53:33.986754 [debug] [ThreadPool]: On list_dev: Close
[0m14:53:33.987840 [debug] [ThreadPool]: Re-using an available connection from the pool (formerly list_dev, now create_dev_main)
[0m14:53:33.987840 [debug] [ThreadPool]: Creating schema "database: "dev"
schema: "main"
"
[0m14:53:33.991843 [debug] [ThreadPool]: Using duckdb connection "create_dev_main"
[0m14:53:33.991843 [debug] [ThreadPool]: On create_dev_main: /* {"app": "dbt", "dbt_version": "1.11.12", "profile_name": "edinet_growth_analysis", "target_name": "dev", "connection_name": "create_dev_main"} */

    
        select type from duckdb_databases()
        where lower(database_name)='dev'
        and type='sqlite'
    
  
[0m14:53:33.992754 [debug] [ThreadPool]: Opening a new connection, currently in state closed
[0m14:53:33.992754 [debug] [ThreadPool]: SQL status: OK in 0.001 seconds
[0m14:53:33.993756 [debug] [ThreadPool]: Using duckdb connection "create_dev_main"
[0m14:53:33.993756 [debug] [ThreadPool]: On create_dev_main: BEGIN
[0m14:53:33.994754 [debug] [ThreadPool]: SQL status: OK in 0.000 seconds
[0m14:53:33.994754 [debug] [ThreadPool]: Using duckdb connection "create_dev_main"
[0m14:53:33.994754 [debug] [ThreadPool]: On create_dev_main: /* {"app": "dbt", "dbt_version": "1.11.12", "profile_name": "edinet_growth_analysis", "target_name": "dev", "connection_name": "create_dev_main"} */

    
    
        create schema if not exists "dev"."main"
    
[0m14:53:33.995753 [debug] [ThreadPool]: SQL status: OK in 0.000 seconds
[0m14:53:33.995753 [debug] [ThreadPool]: On create_dev_main: COMMIT
[0m14:53:33.995753 [debug] [ThreadPool]: Using duckdb connection "create_dev_main"
[0m14:53:33.996754 [debug] [ThreadPool]: On create_dev_main: COMMIT
[0m14:53:33.996754 [debug] [ThreadPool]: SQL status: OK in 0.000 seconds
[0m14:53:33.996754 [debug] [ThreadPool]: On create_dev_main: Close
[0m14:53:34.000877 [debug] [ThreadPool]: Acquiring new duckdb connection 'list_dev_main'
[0m14:53:34.004754 [debug] [ThreadPool]: Using duckdb connection "list_dev_main"
[0m14:53:34.004754 [debug] [ThreadPool]: On list_dev_main: BEGIN
[0m14:53:34.004754 [debug] [ThreadPool]: Opening a new connection, currently in state init
[0m14:53:34.005756 [debug] [ThreadPool]: SQL status: OK in 0.001 seconds
[0m14:53:34.005756 [debug] [ThreadPool]: Using duckdb connection "list_dev_main"
[0m14:53:34.005756 [debug] [ThreadPool]: On list_dev_main: /* {"app": "dbt", "dbt_version": "1.11.12", "profile_name": "edinet_growth_analysis", "target_name": "dev", "connection_name": "list_dev_main"} */
select
      'dev' as database,
      table_name as name,
      table_schema as schema,
      CASE table_type
        WHEN 'BASE TABLE' THEN 'table'
        WHEN 'VIEW' THEN 'view'
        WHEN 'LOCAL TEMPORARY' THEN 'table'
        END as type
    from system.information_schema.tables
    where lower(table_schema) = 'main'
    and lower(table_catalog) = 'dev'
  
[0m14:53:34.008792 [debug] [ThreadPool]: SQL status: OK in 0.002 seconds
[0m14:53:34.008792 [debug] [ThreadPool]: On list_dev_main: ROLLBACK
[0m14:53:34.009837 [debug] [ThreadPool]: Failed to rollback 'list_dev_main'
[0m14:53:34.010761 [debug] [ThreadPool]: On list_dev_main: Close
[0m14:53:34.010761 [debug] [MainThread]: Sending event: {'category': 'dbt', 'action': 'runnable_timing', 'label': '96e89686-c715-433c-9269-84ece9a87d90', 'context': [<snowplow_tracker.self_describing_json.SelfDescribingJson object at 0x0000026880018860>]}
[0m14:53:34.011756 [debug] [MainThread]: Using duckdb connection "master"
[0m14:53:34.011756 [debug] [MainThread]: On master: BEGIN
[0m14:53:34.011756 [debug] [MainThread]: Opening a new connection, currently in state init
[0m14:53:34.012755 [debug] [MainThread]: SQL status: OK in 0.000 seconds
[0m14:53:34.012755 [debug] [MainThread]: On master: COMMIT
[0m14:53:34.012755 [debug] [MainThread]: Using duckdb connection "master"
[0m14:53:34.012755 [debug] [MainThread]: On master: COMMIT
[0m14:53:34.013804 [debug] [MainThread]: SQL status: OK in 0.000 seconds
[0m14:53:34.013804 [debug] [MainThread]: On master: Close
[0m14:53:34.021759 [debug] [Thread-1 (]: Began running node seed.edinet_growth_analysis.net_value_clients
[0m14:53:34.021759 [info ] [Thread-1 (]: 1 of 1 START seed file main.net_value_clients .................................. [RUN]
[0m14:53:34.023801 [debug] [Thread-1 (]: Acquiring new duckdb connection 'seed.edinet_growth_analysis.net_value_clients'
[0m14:53:34.023801 [debug] [Thread-1 (]: Began compiling node seed.edinet_growth_analysis.net_value_clients
[0m14:53:34.024754 [debug] [Thread-1 (]: Began executing node seed.edinet_growth_analysis.net_value_clients
[0m14:53:34.040867 [debug] [Thread-1 (]: Using duckdb connection "seed.edinet_growth_analysis.net_value_clients"
[0m14:53:34.040867 [debug] [Thread-1 (]: On seed.edinet_growth_analysis.net_value_clients: BEGIN
[0m14:53:34.041776 [debug] [Thread-1 (]: Opening a new connection, currently in state init
[0m14:53:34.041776 [debug] [Thread-1 (]: SQL status: OK in 0.001 seconds
[0m14:53:34.042758 [debug] [Thread-1 (]: Using duckdb connection "seed.edinet_growth_analysis.net_value_clients"
[0m14:53:34.042758 [debug] [Thread-1 (]: On seed.edinet_growth_analysis.net_value_clients: /* {"app": "dbt", "dbt_version": "1.11.12", "profile_name": "edinet_growth_analysis", "target_name": "dev", "node_id": "seed.edinet_growth_analysis.net_value_clients"} */
truncate table "dev"."main"."net_value_clients"
[0m14:53:34.043754 [debug] [Thread-1 (]: SQL status: OK in 0.001 seconds
[0m14:53:34.049781 [debug] [Thread-1 (]: Using duckdb connection "seed.edinet_growth_analysis.net_value_clients"
[0m14:53:34.050754 [debug] [Thread-1 (]: On seed.edinet_growth_analysis.net_value_clients: 
          COPY "dev"."main"."net_value_clients" FROM 'C:\Users\nekoa\project_2026\kayleet_scherbel_project_2026\edinet_growth_analysis\seeds\net_value_clients.csv' (FORMAT CSV, HEADER TRUE, DELIMITER ',')
        ...
[0m14:53:34.053755 [debug] [Thread-1 (]: SQL status: OK in 0.003 seconds
[0m14:53:34.057796 [debug] [Thread-1 (]: Writing runtime SQL for node "seed.edinet_growth_analysis.net_value_clients"
[0m14:53:34.064755 [debug] [Thread-1 (]: On seed.edinet_growth_analysis.net_value_clients: COMMIT
[0m14:53:34.065760 [debug] [Thread-1 (]: Using duckdb connection "seed.edinet_growth_analysis.net_value_clients"
[0m14:53:34.065760 [debug] [Thread-1 (]: On seed.edinet_growth_analysis.net_value_clients: COMMIT
[0m14:53:34.069795 [debug] [Thread-1 (]: SQL status: OK in 0.003 seconds
[0m14:53:34.070798 [debug] [Thread-1 (]: On seed.edinet_growth_analysis.net_value_clients: Close
[0m14:53:34.071827 [debug] [Thread-1 (]: Sending event: {'category': 'dbt', 'action': 'run_model', 'label': '96e89686-c715-433c-9269-84ece9a87d90', 'context': [<snowplow_tracker.self_describing_json.SelfDescribingJson object at 0x00000268FF9D2F30>]}
[0m14:53:34.071827 [info ] [Thread-1 (]: 1 of 1 OK loaded seed file main.net_value_clients .............................. [[32mINSERT 45[0m in 0.05s]
[0m14:53:34.072831 [debug] [Thread-1 (]: Finished running node seed.edinet_growth_analysis.net_value_clients
[0m14:53:34.073774 [debug] [MainThread]: Using duckdb connection "master"
[0m14:53:34.074753 [debug] [MainThread]: On master: BEGIN
[0m14:53:34.074753 [debug] [MainThread]: Opening a new connection, currently in state closed
[0m14:53:34.074753 [debug] [MainThread]: SQL status: OK in 0.000 seconds
[0m14:53:34.074753 [debug] [MainThread]: On master: COMMIT
[0m14:53:34.075837 [debug] [MainThread]: Using duckdb connection "master"
[0m14:53:34.075837 [debug] [MainThread]: On master: COMMIT
[0m14:53:34.075837 [debug] [MainThread]: SQL status: OK in 0.000 seconds
[0m14:53:34.075837 [debug] [MainThread]: On master: Close
[0m14:53:34.076755 [debug] [MainThread]: Connection 'master' was properly closed.
[0m14:53:34.076755 [debug] [MainThread]: Connection 'create_dev_main' was properly closed.
[0m14:53:34.076755 [debug] [MainThread]: Connection 'list_dev_main' was properly closed.
[0m14:53:34.076755 [debug] [MainThread]: Connection 'seed.edinet_growth_analysis.net_value_clients' was properly closed.
[0m14:53:34.077789 [info ] [MainThread]: 
[0m14:53:34.078773 [info ] [MainThread]: Finished running 1 seed in 0 hours 0 minutes and 0.14 seconds (0.14s).
[0m14:53:34.079769 [debug] [MainThread]: Command end result
[0m14:53:34.095763 [debug] [MainThread]: Wrote artifact WritableManifest to C:\Users\nekoa\project_2026\kayleet_scherbel_project_2026\edinet_growth_analysis\target\manifest.json
[0m14:53:34.096822 [debug] [MainThread]: Wrote artifact SemanticManifest to C:\Users\nekoa\project_2026\kayleet_scherbel_project_2026\edinet_growth_analysis\target\semantic_manifest.json
[0m14:53:34.100797 [debug] [MainThread]: Wrote artifact RunExecutionResult to C:\Users\nekoa\project_2026\kayleet_scherbel_project_2026\edinet_growth_analysis\target\run_results.json
[0m14:53:34.100797 [info ] [MainThread]: 
[0m14:53:34.101758 [info ] [MainThread]: [32mCompleted successfully[0m
[0m14:53:34.102755 [info ] [MainThread]: 
[0m14:53:34.102755 [info ] [MainThread]: Done. PASS=1 WARN=0 ERROR=0 SKIP=0 NO-OP=0 TOTAL=1
[0m14:53:34.103754 [warn ] [MainThread]: [[33mWARNING[0m][DeprecationsSummary]: Deprecated functionality
Summary of encountered deprecations:
- DuplicateYAMLKeysDeprecation: 1 occurrence
To see all deprecation instances instead of just the first occurrence of each,
run command again with the `--show-all-deprecations` flag. You may also need to
run with `--no-partial-parse` as some deprecations are only encountered during
parsing.
[0m14:53:34.104754 [debug] [MainThread]: Command `dbt seed` succeeded at 14:53:34.104754 after 1.56 seconds
[0m14:53:34.104754 [debug] [MainThread]: Sending event: {'category': 'dbt', 'action': 'invocation', 'label': 'end', 'context': [<snowplow_tracker.self_describing_json.SelfDescribingJson object at 0x00000268FD29C260>, <snowplow_tracker.self_describing_json.SelfDescribingJson object at 0x00000268FED3A690>, <snowplow_tracker.self_describing_json.SelfDescribingJson object at 0x00000268FD385D90>]}
[0m14:53:34.104754 [debug] [MainThread]: Flushing usage events
[0m14:53:35.126079 [debug] [MainThread]: An error was encountered while trying to flush usage events
[0m14:53:39.819873 [debug] [MainThread]: Sending event: {'category': 'dbt', 'action': 'invocation', 'label': 'start', 'context': [<snowplow_tracker.self_describing_json.SelfDescribingJson object at 0x0000017F824E9070>, <snowplow_tracker.self_describing_json.SelfDescribingJson object at 0x0000017F80AF3C50>, <snowplow_tracker.self_describing_json.SelfDescribingJson object at 0x0000017F82E95430>]}


============================== 14:53:39.821872 | 11ebeafe-98d2-41b1-8aae-0447cbb59f76 ==============================
[0m14:53:39.821872 [info ] [MainThread]: Running with dbt=1.11.12
[0m14:53:39.823879 [debug] [MainThread]: running dbt with arguments {'static_parser': 'True', 'no_print': 'None', 'version_check': 'True', 'warn_error_options': 'WarnErrorOptionsV2(error=[], warn=[], silence=[])', 'target_path': 'None', 'printer_width': '80', 'write_json': 'True', 'empty': 'False', 'log_cache_events': 'False', 'introspect': 'True', 'cache_selected_only': 'False', 'fail_fast': 'False', 'debug': 'False', 'log_format': 'default', 'partial_parse': 'True', 'send_anonymous_usage_stats': 'True', 'quiet': 'False', 'warn_error': 'None', 'profiles_dir': 'C:\\Users\\nekoa\\.dbt', 'use_colors': 'True', 'invocation_command': 'dbt run', 'indirect_selection': 'eager', 'use_experimental_parser': 'False', 'log_path': 'C:\\Users\\nekoa\\project_2026\\kayleet_scherbel_project_2026\\edinet_growth_analysis\\logs'}
[0m14:53:39.964860 [debug] [MainThread]: Sending event: {'category': 'dbt', 'action': 'project_id', 'label': '11ebeafe-98d2-41b1-8aae-0447cbb59f76', 'context': [<snowplow_tracker.self_describing_json.SelfDescribingJson object at 0x0000017F848AC170>]}
[0m14:53:40.003943 [debug] [MainThread]: Sending event: {'category': 'dbt', 'action': 'adapter_info', 'label': '11ebeafe-98d2-41b1-8aae-0447cbb59f76', 'context': [<snowplow_tracker.self_describing_json.SelfDescribingJson object at 0x0000017F84E9F860>]}
[0m14:53:40.005914 [info ] [MainThread]: Registered adapter: duckdb=1.10.1
[0m14:53:40.144349 [debug] [MainThread]: checksum: f368f5348cf42803b94ef7fb8257ecf3bf9a9a16dd9c8c51fe5172f2dbeb457f, vars: {}, profile: , target: , version: 1.11.12
[0m14:53:40.218388 [debug] [MainThread]: Partial parsing enabled: 0 files deleted, 0 files added, 0 files changed.
[0m14:53:40.218388 [debug] [MainThread]: Nothing changed, skipping partial parsing.
[0m14:53:40.219338 [debug] [MainThread]: Partial parsing enabled, no changes found, skipping parsing
[0m14:53:40.244403 [debug] [MainThread]: Sending event: {'category': 'dbt', 'action': 'load_project', 'label': '11ebeafe-98d2-41b1-8aae-0447cbb59f76', 'context': [<snowplow_tracker.self_describing_json.SelfDescribingJson object at 0x0000017F84FB7440>]}
[0m14:53:40.293986 [debug] [MainThread]: Wrote artifact WritableManifest to C:\Users\nekoa\project_2026\kayleet_scherbel_project_2026\edinet_growth_analysis\target\manifest.json
[0m14:53:40.295027 [debug] [MainThread]: Wrote artifact SemanticManifest to C:\Users\nekoa\project_2026\kayleet_scherbel_project_2026\edinet_growth_analysis\target\semantic_manifest.json
[0m14:53:40.301034 [debug] [MainThread]: Sending event: {'category': 'dbt', 'action': 'resource_counts', 'label': '11ebeafe-98d2-41b1-8aae-0447cbb59f76', 'context': [<snowplow_tracker.self_describing_json.SelfDescribingJson object at 0x0000017F853410D0>]}
[0m14:53:40.301986 [info ] [MainThread]: Found 1 model, 1 seed, 485 macros
[0m14:53:40.301986 [debug] [MainThread]: Sending event: {'category': 'dbt', 'action': 'runnable_timing', 'label': '11ebeafe-98d2-41b1-8aae-0447cbb59f76', 'context': [<snowplow_tracker.self_describing_json.SelfDescribingJson object at 0x0000017F8537B6B0>]}
[0m14:53:40.303038 [info ] [MainThread]: 
[0m14:53:40.306030 [info ] [MainThread]: Concurrency: 1 threads (target='dev')
[0m14:53:40.308043 [info ] [MainThread]: 
[0m14:53:40.310076 [debug] [MainThread]: Acquiring new duckdb connection 'master'
[0m14:53:40.312098 [debug] [ThreadPool]: Acquiring new duckdb connection 'list_dev'
[0m14:53:40.350093 [debug] [ThreadPool]: Using duckdb connection "list_dev"
[0m14:53:40.350093 [debug] [ThreadPool]: On list_dev: /* {"app": "dbt", "dbt_version": "1.11.12", "profile_name": "edinet_growth_analysis", "target_name": "dev", "connection_name": "list_dev"} */

    
    select schema_name
    from system.information_schema.schemata
    
    where lower(catalog_name) = '"dev"'
    
  
  
[0m14:53:40.350093 [debug] [ThreadPool]: Opening a new connection, currently in state init
[0m14:53:40.361033 [debug] [ThreadPool]: SQL status: OK in 0.010 seconds
[0m14:53:40.362044 [debug] [ThreadPool]: On list_dev: Close
[0m14:53:40.362044 [debug] [ThreadPool]: Re-using an available connection from the pool (formerly list_dev, now create_dev_main)
[0m14:53:40.363030 [debug] [ThreadPool]: Creating schema "database: "dev"
schema: "main"
"
[0m14:53:40.367102 [debug] [ThreadPool]: Using duckdb connection "create_dev_main"
[0m14:53:40.367102 [debug] [ThreadPool]: On create_dev_main: /* {"app": "dbt", "dbt_version": "1.11.12", "profile_name": "edinet_growth_analysis", "target_name": "dev", "connection_name": "create_dev_main"} */

    
        select type from duckdb_databases()
        where lower(database_name)='dev'
        and type='sqlite'
    
  
[0m14:53:40.367102 [debug] [ThreadPool]: Opening a new connection, currently in state closed
[0m14:53:40.367986 [debug] [ThreadPool]: SQL status: OK in 0.001 seconds
[0m14:53:40.369025 [debug] [ThreadPool]: Using duckdb connection "create_dev_main"
[0m14:53:40.369025 [debug] [ThreadPool]: On create_dev_main: BEGIN
[0m14:53:40.369025 [debug] [ThreadPool]: SQL status: OK in 0.000 seconds
[0m14:53:40.370104 [debug] [ThreadPool]: Using duckdb connection "create_dev_main"
[0m14:53:40.370104 [debug] [ThreadPool]: On create_dev_main: /* {"app": "dbt", "dbt_version": "1.11.12", "profile_name": "edinet_growth_analysis", "target_name": "dev", "connection_name": "create_dev_main"} */

    
    
        create schema if not exists "dev"."main"
    
[0m14:53:40.370104 [debug] [ThreadPool]: SQL status: OK in 0.000 seconds
[0m14:53:40.370985 [debug] [ThreadPool]: On create_dev_main: COMMIT
[0m14:53:40.370985 [debug] [ThreadPool]: Using duckdb connection "create_dev_main"
[0m14:53:40.370985 [debug] [ThreadPool]: On create_dev_main: COMMIT
[0m14:53:40.372009 [debug] [ThreadPool]: SQL status: OK in 0.000 seconds
[0m14:53:40.372009 [debug] [ThreadPool]: On create_dev_main: Close
[0m14:53:40.379043 [debug] [ThreadPool]: Acquiring new duckdb connection 'list_dev_main'
[0m14:53:40.382986 [debug] [ThreadPool]: Using duckdb connection "list_dev_main"
[0m14:53:40.382986 [debug] [ThreadPool]: On list_dev_main: BEGIN
[0m14:53:40.382986 [debug] [ThreadPool]: Opening a new connection, currently in state init
[0m14:53:40.384029 [debug] [ThreadPool]: SQL status: OK in 0.000 seconds
[0m14:53:40.384029 [debug] [ThreadPool]: Using duckdb connection "list_dev_main"
[0m14:53:40.384029 [debug] [ThreadPool]: On list_dev_main: /* {"app": "dbt", "dbt_version": "1.11.12", "profile_name": "edinet_growth_analysis", "target_name": "dev", "connection_name": "list_dev_main"} */
select
      'dev' as database,
      table_name as name,
      table_schema as schema,
      CASE table_type
        WHEN 'BASE TABLE' THEN 'table'
        WHEN 'VIEW' THEN 'view'
        WHEN 'LOCAL TEMPORARY' THEN 'table'
        END as type
    from system.information_schema.tables
    where lower(table_schema) = 'main'
    and lower(table_catalog) = 'dev'
  
[0m14:53:40.387068 [debug] [ThreadPool]: SQL status: OK in 0.002 seconds
[0m14:53:40.388055 [debug] [ThreadPool]: On list_dev_main: ROLLBACK
[0m14:53:40.388055 [debug] [ThreadPool]: Failed to rollback 'list_dev_main'
[0m14:53:40.388986 [debug] [ThreadPool]: On list_dev_main: Close
[0m14:53:40.388986 [debug] [MainThread]: Sending event: {'category': 'dbt', 'action': 'runnable_timing', 'label': '11ebeafe-98d2-41b1-8aae-0447cbb59f76', 'context': [<snowplow_tracker.self_describing_json.SelfDescribingJson object at 0x0000017F8492E1B0>]}
[0m14:53:40.390047 [debug] [MainThread]: Using duckdb connection "master"
[0m14:53:40.390047 [debug] [MainThread]: On master: BEGIN
[0m14:53:40.390047 [debug] [MainThread]: Opening a new connection, currently in state init
[0m14:53:40.391014 [debug] [MainThread]: SQL status: OK in 0.000 seconds
[0m14:53:40.391014 [debug] [MainThread]: On master: COMMIT
[0m14:53:40.391014 [debug] [MainThread]: Using duckdb connection "master"
[0m14:53:40.391014 [debug] [MainThread]: On master: COMMIT
[0m14:53:40.392034 [debug] [MainThread]: SQL status: OK in 0.000 seconds
[0m14:53:40.392034 [debug] [MainThread]: On master: Close
[0m14:53:40.398064 [debug] [Thread-1 (]: Began running node model.edinet_growth_analysis.growth_rate_overEqual40
[0m14:53:40.398986 [info ] [Thread-1 (]: 1 of 1 START sql external model main.growth_rate_overEqual40 ................... [RUN]
[0m14:53:40.398986 [debug] [Thread-1 (]: Acquiring new duckdb connection 'model.edinet_growth_analysis.growth_rate_overEqual40'
[0m14:53:40.399984 [debug] [Thread-1 (]: Began compiling node model.edinet_growth_analysis.growth_rate_overEqual40
[0m14:53:40.404001 [debug] [Thread-1 (]: Writing injected SQL for node "model.edinet_growth_analysis.growth_rate_overEqual40"
[0m14:53:40.406047 [debug] [Thread-1 (]: Began executing node model.edinet_growth_analysis.growth_rate_overEqual40
[0m14:53:40.439030 [debug] [Thread-1 (]: Using duckdb connection "model.edinet_growth_analysis.growth_rate_overEqual40"
[0m14:53:40.439030 [debug] [Thread-1 (]: On model.edinet_growth_analysis.growth_rate_overEqual40: BEGIN
[0m14:53:40.439030 [debug] [Thread-1 (]: Opening a new connection, currently in state init
[0m14:53:40.440013 [debug] [Thread-1 (]: SQL status: OK in 0.001 seconds
[0m14:53:40.440013 [debug] [Thread-1 (]: Using duckdb connection "model.edinet_growth_analysis.growth_rate_overEqual40"
[0m14:53:40.440985 [debug] [Thread-1 (]: On model.edinet_growth_analysis.growth_rate_overEqual40: /* {"app": "dbt", "dbt_version": "1.11.12", "profile_name": "edinet_growth_analysis", "target_name": "dev", "node_id": "model.edinet_growth_analysis.growth_rate_overEqual40"} */

  
    
    

    create  table
      "dev"."main"."growth_rate_overEqual40__dbt_tmp"
  
    as (
      

WITH clients AS (
    PIVOT "dev"."main"."net_value_clients"
    ON relative_year
    USING first(net_sales_yen)
),
clients_growth_rate AS (
    SELECT company, ROUND((((CurrentYear/Prior4Year)-1)*100), 2) as growth_rate_2022to2026 
    FROM clients
    WHERE growth_rate_2022to2026 >= 40
)
SELECT * FROM clients_growth_rate
    );
  
  
[0m14:53:40.447989 [debug] [Thread-1 (]: SQL status: OK in 0.007 seconds
[0m14:53:40.447989 [debug] [Thread-1 (]: Using duckdb connection "model.edinet_growth_analysis.growth_rate_overEqual40"
[0m14:53:40.449005 [debug] [Thread-1 (]: On model.edinet_growth_analysis.growth_rate_overEqual40: /* {"app": "dbt", "dbt_version": "1.11.12", "profile_name": "edinet_growth_analysis", "target_name": "dev", "node_id": "model.edinet_growth_analysis.growth_rate_overEqual40"} */

    select count(*) as row_count from "dev"."main"."growth_rate_overEqual40__dbt_tmp"
  
[0m14:53:40.449005 [debug] [Thread-1 (]: SQL status: OK in 0.000 seconds
[0m14:53:40.449985 [debug] [Thread-1 (]: Writing runtime sql for node "model.edinet_growth_analysis.growth_rate_overEqual40"
[0m14:53:40.451066 [debug] [Thread-1 (]: Using duckdb connection "model.edinet_growth_analysis.growth_rate_overEqual40"
[0m14:53:40.451066 [debug] [Thread-1 (]: On model.edinet_growth_analysis.growth_rate_overEqual40: /* {"app": "dbt", "dbt_version": "1.11.12", "profile_name": "edinet_growth_analysis", "target_name": "dev", "node_id": "model.edinet_growth_analysis.growth_rate_overEqual40"} */

[0m14:53:40.452018 [debug] [Thread-1 (]: SQL status: OK in 0.000 seconds
[0m14:53:40.453000 [debug] [Thread-1 (]: Using duckdb connection "model.edinet_growth_analysis.growth_rate_overEqual40"
[0m14:53:40.453000 [debug] [Thread-1 (]: On model.edinet_growth_analysis.growth_rate_overEqual40: /* {"app": "dbt", "dbt_version": "1.11.12", "profile_name": "edinet_growth_analysis", "target_name": "dev", "node_id": "model.edinet_growth_analysis.growth_rate_overEqual40"} */
copy "dev"."main"."growth_rate_overEqual40__dbt_tmp" to './output/growth_rate_overEqual40.csv' (format csv, header 1)
[0m14:53:40.454985 [debug] [Thread-1 (]: SQL status: OK in 0.001 seconds
[0m14:53:40.455986 [debug] [Thread-1 (]: Writing runtime sql for node "model.edinet_growth_analysis.growth_rate_overEqual40"
[0m14:53:40.455986 [debug] [Thread-1 (]: Using duckdb connection "model.edinet_growth_analysis.growth_rate_overEqual40"
[0m14:53:40.457001 [debug] [Thread-1 (]: On model.edinet_growth_analysis.growth_rate_overEqual40: /* {"app": "dbt", "dbt_version": "1.11.12", "profile_name": "edinet_growth_analysis", "target_name": "dev", "node_id": "model.edinet_growth_analysis.growth_rate_overEqual40"} */

    create or replace view "dev"."main"."growth_rate_overEqual40__dbt_int" as (
      select * from read_csv('./output/growth_rate_overEqual40.csv', auto_detect=True)
      -- if relation is empty, filter by all columns having null values
      
    );
    
[0m14:53:40.459999 [debug] [Thread-1 (]: SQL status: OK in 0.003 seconds
[0m14:53:40.463999 [debug] [Thread-1 (]: Using duckdb connection "model.edinet_growth_analysis.growth_rate_overEqual40"
[0m14:53:40.464998 [debug] [Thread-1 (]: On model.edinet_growth_analysis.growth_rate_overEqual40: /* {"app": "dbt", "dbt_version": "1.11.12", "profile_name": "edinet_growth_analysis", "target_name": "dev", "node_id": "model.edinet_growth_analysis.growth_rate_overEqual40"} */
alter view "dev"."main"."growth_rate_overEqual40" rename to "growth_rate_overEqual40__dbt_backup"
[0m14:53:40.464998 [debug] [Thread-1 (]: SQL status: OK in 0.000 seconds
[0m14:53:40.467998 [debug] [Thread-1 (]: Using duckdb connection "model.edinet_growth_analysis.growth_rate_overEqual40"
[0m14:53:40.467998 [debug] [Thread-1 (]: On model.edinet_growth_analysis.growth_rate_overEqual40: /* {"app": "dbt", "dbt_version": "1.11.12", "profile_name": "edinet_growth_analysis", "target_name": "dev", "node_id": "model.edinet_growth_analysis.growth_rate_overEqual40"} */
alter view "dev"."main"."growth_rate_overEqual40__dbt_int" rename to "growth_rate_overEqual40"
[0m14:53:40.467998 [debug] [Thread-1 (]: SQL status: OK in 0.000 seconds
[0m14:53:40.475987 [debug] [Thread-1 (]: On model.edinet_growth_analysis.growth_rate_overEqual40: COMMIT
[0m14:53:40.475987 [debug] [Thread-1 (]: Using duckdb connection "model.edinet_growth_analysis.growth_rate_overEqual40"
[0m14:53:40.477032 [debug] [Thread-1 (]: On model.edinet_growth_analysis.growth_rate_overEqual40: COMMIT
[0m14:53:40.573052 [debug] [Thread-1 (]: SQL status: OK in 0.095 seconds
[0m14:53:40.580216 [debug] [Thread-1 (]: Using duckdb connection "model.edinet_growth_analysis.growth_rate_overEqual40"
[0m14:53:40.580216 [debug] [Thread-1 (]: On model.edinet_growth_analysis.growth_rate_overEqual40: /* {"app": "dbt", "dbt_version": "1.11.12", "profile_name": "edinet_growth_analysis", "target_name": "dev", "node_id": "model.edinet_growth_analysis.growth_rate_overEqual40"} */

      drop view if exists "dev"."main"."growth_rate_overEqual40__dbt_backup" cascade
    
[0m14:53:40.583187 [debug] [Thread-1 (]: SQL status: OK in 0.003 seconds
[0m14:53:40.585178 [debug] [Thread-1 (]: Using duckdb connection "model.edinet_growth_analysis.growth_rate_overEqual40"
[0m14:53:40.585178 [debug] [Thread-1 (]: On model.edinet_growth_analysis.growth_rate_overEqual40: /* {"app": "dbt", "dbt_version": "1.11.12", "profile_name": "edinet_growth_analysis", "target_name": "dev", "node_id": "model.edinet_growth_analysis.growth_rate_overEqual40"} */

      drop table if exists "dev"."main"."growth_rate_overEqual40__dbt_tmp" cascade
    
[0m14:53:40.588226 [debug] [Thread-1 (]: SQL status: OK in 0.003 seconds
[0m14:53:40.589197 [debug] [Thread-1 (]: On model.edinet_growth_analysis.growth_rate_overEqual40: Close
[0m14:53:40.591131 [debug] [Thread-1 (]: Sending event: {'category': 'dbt', 'action': 'run_model', 'label': '11ebeafe-98d2-41b1-8aae-0447cbb59f76', 'context': [<snowplow_tracker.self_describing_json.SelfDescribingJson object at 0x0000017F828F1A00>]}
[0m14:53:40.591131 [info ] [Thread-1 (]: 1 of 1 OK created sql external model main.growth_rate_overEqual40 .............. [[32mOK[0m in 0.19s]
[0m14:53:40.594232 [debug] [Thread-1 (]: Finished running node model.edinet_growth_analysis.growth_rate_overEqual40
[0m14:53:40.595191 [debug] [MainThread]: Using duckdb connection "master"
[0m14:53:40.595191 [debug] [MainThread]: On master: BEGIN
[0m14:53:40.595191 [debug] [MainThread]: Opening a new connection, currently in state closed
[0m14:53:40.596217 [debug] [MainThread]: SQL status: OK in 0.000 seconds
[0m14:53:40.596217 [debug] [MainThread]: On master: COMMIT
[0m14:53:40.596217 [debug] [MainThread]: Using duckdb connection "master"
[0m14:53:40.596217 [debug] [MainThread]: On master: COMMIT
[0m14:53:40.597131 [debug] [MainThread]: SQL status: OK in 0.000 seconds
[0m14:53:40.597131 [debug] [MainThread]: On master: Close
[0m14:53:40.597131 [debug] [MainThread]: Connection 'master' was properly closed.
[0m14:53:40.597131 [debug] [MainThread]: Connection 'create_dev_main' was properly closed.
[0m14:53:40.598145 [debug] [MainThread]: Connection 'list_dev_main' was properly closed.
[0m14:53:40.598145 [debug] [MainThread]: Connection 'model.edinet_growth_analysis.growth_rate_overEqual40' was properly closed.
[0m14:53:40.598145 [info ] [MainThread]: 
[0m14:53:40.600150 [info ] [MainThread]: Finished running 1 external model in 0 hours 0 minutes and 0.29 seconds (0.29s).
[0m14:53:40.602229 [debug] [MainThread]: Command end result
[0m14:53:40.652135 [debug] [MainThread]: Wrote artifact WritableManifest to C:\Users\nekoa\project_2026\kayleet_scherbel_project_2026\edinet_growth_analysis\target\manifest.json
[0m14:53:40.654135 [debug] [MainThread]: Wrote artifact SemanticManifest to C:\Users\nekoa\project_2026\kayleet_scherbel_project_2026\edinet_growth_analysis\target\semantic_manifest.json
[0m14:53:40.657135 [debug] [MainThread]: Wrote artifact RunExecutionResult to C:\Users\nekoa\project_2026\kayleet_scherbel_project_2026\edinet_growth_analysis\target\run_results.json
[0m14:53:40.657135 [info ] [MainThread]: 
[0m14:53:40.658131 [info ] [MainThread]: [32mCompleted successfully[0m
[0m14:53:40.661202 [info ] [MainThread]: 
[0m14:53:40.663205 [info ] [MainThread]: Done. PASS=1 WARN=0 ERROR=0 SKIP=0 NO-OP=0 TOTAL=1
[0m14:53:40.665131 [debug] [MainThread]: Command `dbt run` succeeded at 14:53:40.665131 after 0.96 seconds
[0m14:53:40.665131 [debug] [MainThread]: Sending event: {'category': 'dbt', 'action': 'invocation', 'label': 'end', 'context': [<snowplow_tracker.self_describing_json.SelfDescribingJson object at 0x0000017F8286FCE0>, <snowplow_tracker.self_describing_json.SelfDescribingJson object at 0x0000017F85687A40>, <snowplow_tracker.self_describing_json.SelfDescribingJson object at 0x0000017F82E95430>]}
[0m14:53:40.666131 [debug] [MainThread]: Flushing usage events
[0m14:53:41.653828 [debug] [MainThread]: An error was encountered while trying to flush usage events
[0m14:16:19.608967 [debug] [MainThread]: Sending event: {'category': 'dbt', 'action': 'invocation', 'label': 'start', 'context': [<snowplow_tracker.self_describing_json.SelfDescribingJson object at 0x0000021B3123B2C0>, <snowplow_tracker.self_describing_json.SelfDescribingJson object at 0x0000021B2EDC3950>, <snowplow_tracker.self_describing_json.SelfDescribingJson object at 0x0000021B318A9A00>]}


============================== 14:16:19.614413 | 89309a9e-2edd-47fe-932b-071d092a3285 ==============================
[0m14:16:19.614413 [info ] [MainThread]: Running with dbt=1.11.12
[0m14:16:19.614413 [debug] [MainThread]: running dbt with arguments {'static_parser': 'True', 'no_print': 'None', 'version_check': 'True', 'warn_error_options': 'WarnErrorOptionsV2(error=[], warn=[], silence=[])', 'target_path': 'None', 'printer_width': '80', 'write_json': 'True', 'empty': 'None', 'log_cache_events': 'False', 'introspect': 'True', 'cache_selected_only': 'False', 'log_format': 'default', 'debug': 'False', 'fail_fast': 'False', 'profiles_dir': 'C:\\Users\\nekoa\\.dbt', 'send_anonymous_usage_stats': 'True', 'quiet': 'False', 'warn_error': 'None', 'partial_parse': 'True', 'indirect_selection': 'eager', 'use_colors': 'True', 'invocation_command': 'dbt seed', 'use_experimental_parser': 'False', 'log_path': 'C:\\Users\\nekoa\\project_2026\\kayleet_scherbel_project_2026\\edinet_growth_analysis\\logs'}
[0m14:16:19.900203 [debug] [MainThread]: Sending event: {'category': 'dbt', 'action': 'project_id', 'label': '89309a9e-2edd-47fe-932b-071d092a3285', 'context': [<snowplow_tracker.self_describing_json.SelfDescribingJson object at 0x0000021B33220950>]}
[0m14:16:19.961166 [debug] [MainThread]: Sending event: {'category': 'dbt', 'action': 'adapter_info', 'label': '89309a9e-2edd-47fe-932b-071d092a3285', 'context': [<snowplow_tracker.self_describing_json.SelfDescribingJson object at 0x0000021B31265160>]}
[0m14:16:19.964697 [info ] [MainThread]: Registered adapter: duckdb=1.10.1
[0m14:16:20.149367 [debug] [MainThread]: checksum: f368f5348cf42803b94ef7fb8257ecf3bf9a9a16dd9c8c51fe5172f2dbeb457f, vars: {}, profile: , target: , version: 1.11.12
[0m14:16:20.218380 [error] [MainThread]: Encountered an error:
'utf-8' codec can't decode byte 0x83 in position 44: invalid start byte
[0m14:16:20.222363 [error] [MainThread]: Traceback (most recent call last):
  File "C:\Users\nekoa\AppData\Local\Programs\Python\Python312\Lib\site-packages\dbt\cli\requires.py", line 182, in wrapper
    result, success = func(*args, **kwargs)
                      ^^^^^^^^^^^^^^^^^^^^^
  File "C:\Users\nekoa\AppData\Local\Programs\Python\Python312\Lib\site-packages\dbt\cli\requires.py", line 128, in wrapper
    return func(*args, **kwargs)
           ^^^^^^^^^^^^^^^^^^^^^
  File "C:\Users\nekoa\AppData\Local\Programs\Python\Python312\Lib\site-packages\dbt\cli\requires.py", line 276, in wrapper
    return func(*args, **kwargs)
           ^^^^^^^^^^^^^^^^^^^^^
  File "C:\Users\nekoa\AppData\Local\Programs\Python\Python312\Lib\site-packages\dbt\cli\requires.py", line 321, in wrapper
    return func(*args, **kwargs)
           ^^^^^^^^^^^^^^^^^^^^^
  File "C:\Users\nekoa\AppData\Local\Programs\Python\Python312\Lib\site-packages\dbt\cli\requires.py", line 391, in wrapper
    return func(*args, **kwargs)
           ^^^^^^^^^^^^^^^^^^^^^
  File "C:\Users\nekoa\AppData\Local\Programs\Python\Python312\Lib\site-packages\dbt\cli\requires.py", line 368, in wrapper
    return func(*args, **kwargs)
           ^^^^^^^^^^^^^^^^^^^^^
  File "C:\Users\nekoa\AppData\Local\Programs\Python\Python312\Lib\site-packages\dbt\cli\requires.py", line 407, in wrapper
    setup_manifest(ctx, write=write, write_perf_info=write_perf_info)
  File "C:\Users\nekoa\AppData\Local\Programs\Python\Python312\Lib\site-packages\dbt\cli\requires.py", line 434, in setup_manifest
    ctx.obj["manifest"] = parse_manifest(
                          ^^^^^^^^^^^^^^^
  File "C:\Users\nekoa\AppData\Local\Programs\Python\Python312\Lib\site-packages\dbt\parser\manifest.py", line 2257, in parse_manifest
    manifest = ManifestLoader.get_full_manifest(
               ^^^^^^^^^^^^^^^^^^^^^^^^^^^^^^^^^
  File "C:\Users\nekoa\AppData\Local\Programs\Python\Python312\Lib\site-packages\dbt\parser\manifest.py", line 323, in get_full_manifest
    manifest = loader.load()
               ^^^^^^^^^^^^^
  File "C:\Users\nekoa\AppData\Local\Programs\Python\Python312\Lib\site-packages\dbt\parser\manifest.py", line 370, in load
    file_reader.read_files()
  File "C:\Users\nekoa\AppData\Local\Programs\Python\Python312\Lib\site-packages\dbt\parser\read_files.py", line 212, in read_files
    self.read_files_for_project(project, file_types)
  File "C:\Users\nekoa\AppData\Local\Programs\Python\Python312\Lib\site-packages\dbt\parser\read_files.py", line 219, in read_files_for_project
    project_files[file_type_info["parser"]] = read_files_for_parser(
                                              ^^^^^^^^^^^^^^^^^^^^^^
  File "C:\Users\nekoa\AppData\Local\Programs\Python\Python312\Lib\site-packages\dbt\parser\read_files.py", line 167, in read_files_for_parser
    source_files = get_source_files(
                   ^^^^^^^^^^^^^^^^^
  File "C:\Users\nekoa\AppData\Local\Programs\Python\Python312\Lib\site-packages\dbt\parser\read_files.py", line 148, in get_source_files
    fb_list.append(load_seed_source_file(fp, project.project_name))
                   ^^^^^^^^^^^^^^^^^^^^^^^^^^^^^^^^^^^^^^^^^^^^^^^
  File "C:\Users\nekoa\AppData\Local\Programs\Python\Python312\Lib\site-packages\dbt\parser\read_files.py", line 130, in load_seed_source_file
    file_contents = load_file_contents(match.absolute_path, strip=True)
                    ^^^^^^^^^^^^^^^^^^^^^^^^^^^^^^^^^^^^^^^^^^^^^^^^^^^
  File "C:\Users\nekoa\AppData\Local\Programs\Python\Python312\Lib\site-packages\dbt_common\record.py", line 538, in record_replay_wrapper
    return func_to_record(*call_args, **kwargs)
           ^^^^^^^^^^^^^^^^^^^^^^^^^^^^^^^^^^^^
  File "C:\Users\nekoa\AppData\Local\Programs\Python\Python312\Lib\site-packages\dbt_common\clients\system.py", line 183, in load_file_contents
    to_return = handle.read().decode("utf-8")
                ^^^^^^^^^^^^^^^^^^^^^^^^^^^^^
UnicodeDecodeError: 'utf-8' codec can't decode byte 0x83 in position 44: invalid start byte

[0m14:16:20.223367 [debug] [MainThread]: Command `dbt seed` failed at 14:16:20.223367 after 0.75 seconds
[0m14:16:20.223367 [debug] [MainThread]: Sending event: {'category': 'dbt', 'action': 'invocation', 'label': 'end', 'context': [<snowplow_tracker.self_describing_json.SelfDescribingJson object at 0x0000021B31E17FB0>, <snowplow_tracker.self_describing_json.SelfDescribingJson object at 0x0000021B307A7C80>, <snowplow_tracker.self_describing_json.SelfDescribingJson object at 0x0000021B33B144A0>]}
[0m14:16:20.224361 [debug] [MainThread]: Flushing usage events
[0m14:16:21.905985 [debug] [MainThread]: An error was encountered while trying to flush usage events
[0m14:16:40.072763 [debug] [MainThread]: Sending event: {'category': 'dbt', 'action': 'invocation', 'label': 'start', 'context': [<snowplow_tracker.self_describing_json.SelfDescribingJson object at 0x00000263ECBAA9F0>, <snowplow_tracker.self_describing_json.SelfDescribingJson object at 0x00000263ECB4B260>, <snowplow_tracker.self_describing_json.SelfDescribingJson object at 0x00000263ECB12630>]}


============================== 14:16:40.075812 | c9103a30-f245-488c-9f24-3f165a5e2cdc ==============================
[0m14:16:40.075812 [info ] [MainThread]: Running with dbt=1.11.12
[0m14:16:40.078755 [debug] [MainThread]: running dbt with arguments {'version_check': 'True', 'no_print': 'None', 'static_parser': 'True', 'target_path': 'None', 'warn_error_options': 'WarnErrorOptionsV2(error=[], warn=[], silence=[])', 'printer_width': '80', 'write_json': 'True', 'empty': 'None', 'log_cache_events': 'False', 'introspect': 'True', 'cache_selected_only': 'False', 'log_format': 'default', 'debug': 'False', 'fail_fast': 'False', 'profiles_dir': 'C:\\Users\\nekoa\\.dbt', 'send_anonymous_usage_stats': 'True', 'quiet': 'False', 'warn_error': 'None', 'partial_parse': 'True', 'indirect_selection': 'eager', 'invocation_command': 'dbt clean', 'use_colors': 'True', 'use_experimental_parser': 'False', 'log_path': 'C:\\Users\\nekoa\\project_2026\\kayleet_scherbel_project_2026\\edinet_growth_analysis\\logs'}
[0m14:16:40.080763 [warn ] [MainThread]: [[33mWARNING[0m][CustomKeyInConfigDeprecation]: Deprecated functionality
Custom key `edinet_growth_analysis` found in `config` at path
`edinet_growth_analysis` in file `C:\Users\nekoa\project_2026\kayleet_scherbel_p
roject_2026\edinet_growth_analysis\dbt_project.yml`. Custom config keys should
move into the `config.meta`.
[0m14:16:40.082913 [debug] [MainThread]: Sending event: {'category': 'dbt', 'action': 'deprecation', 'label': 'c9103a30-f245-488c-9f24-3f165a5e2cdc', 'property_': 'warn', 'context': [<snowplow_tracker.self_describing_json.SelfDescribingJson object at 0x00000263ECBAAA80>]}
[0m14:16:40.169741 [debug] [MainThread]: Sending event: {'category': 'dbt', 'action': 'project_id', 'label': 'c9103a30-f245-488c-9f24-3f165a5e2cdc', 'context': [<snowplow_tracker.self_describing_json.SelfDescribingJson object at 0x00000263EC8E9100>]}
[0m14:16:40.193149 [warn ] [MainThread]: [[33mWARNING[0m][DeprecationsSummary]: Deprecated functionality
Summary of encountered deprecations:
- CustomKeyInConfigDeprecation: 2 occurrences
To see all deprecation instances instead of just the first occurrence of each,
run command again with the `--show-all-deprecations` flag. You may also need to
run with `--no-partial-parse` as some deprecations are only encountered during
parsing.
[0m14:16:40.194143 [debug] [MainThread]: Command `dbt clean` succeeded at 14:16:40.194143 after 0.25 seconds
[0m14:16:40.195141 [debug] [MainThread]: Sending event: {'category': 'dbt', 'action': 'invocation', 'label': 'end', 'context': [<snowplow_tracker.self_describing_json.SelfDescribingJson object at 0x00000263EC7BB080>, <snowplow_tracker.self_describing_json.SelfDescribingJson object at 0x00000263ECA74B00>, <snowplow_tracker.self_describing_json.SelfDescribingJson object at 0x00000263ED02D010>]}
[0m14:16:40.195141 [debug] [MainThread]: Flushing usage events
[0m14:16:41.667372 [debug] [MainThread]: An error was encountered while trying to flush usage events
[0m14:16:45.673908 [debug] [MainThread]: Sending event: {'category': 'dbt', 'action': 'invocation', 'label': 'start', 'context': [<snowplow_tracker.self_describing_json.SelfDescribingJson object at 0x0000016665C1A660>, <snowplow_tracker.self_describing_json.SelfDescribingJson object at 0x0000016665E38470>, <snowplow_tracker.self_describing_json.SelfDescribingJson object at 0x0000016665A89460>]}


============================== 14:16:45.675913 | 7204760f-f4b1-44f7-8e58-d37223c52158 ==============================
[0m14:16:45.675913 [info ] [MainThread]: Running with dbt=1.11.12
[0m14:16:45.676914 [debug] [MainThread]: running dbt with arguments {'static_parser': 'True', 'no_print': 'None', 'version_check': 'True', 'target_path': 'None', 'warn_error_options': 'WarnErrorOptionsV2(error=[], warn=[], silence=[])', 'printer_width': '80', 'write_json': 'True', 'introspect': 'True', 'log_cache_events': 'False', 'empty': 'None', 'cache_selected_only': 'False', 'fail_fast': 'False', 'debug': 'False', 'log_format': 'default', 'profiles_dir': 'C:\\Users\\nekoa\\.dbt', 'send_anonymous_usage_stats': 'True', 'quiet': 'False', 'warn_error': 'None', 'partial_parse': 'True', 'indirect_selection': 'eager', 'use_colors': 'True', 'invocation_command': 'dbt seed', 'use_experimental_parser': 'False', 'log_path': 'C:\\Users\\nekoa\\project_2026\\kayleet_scherbel_project_2026\\edinet_growth_analysis\\logs'}
[0m14:16:45.835057 [debug] [MainThread]: Sending event: {'category': 'dbt', 'action': 'project_id', 'label': '7204760f-f4b1-44f7-8e58-d37223c52158', 'context': [<snowplow_tracker.self_describing_json.SelfDescribingJson object at 0x000001666776EDB0>]}
[0m14:16:45.895093 [debug] [MainThread]: Sending event: {'category': 'dbt', 'action': 'adapter_info', 'label': '7204760f-f4b1-44f7-8e58-d37223c52158', 'context': [<snowplow_tracker.self_describing_json.SelfDescribingJson object at 0x000001666331E570>]}
[0m14:16:45.897106 [info ] [MainThread]: Registered adapter: duckdb=1.10.1
[0m14:16:46.070445 [debug] [MainThread]: checksum: f368f5348cf42803b94ef7fb8257ecf3bf9a9a16dd9c8c51fe5172f2dbeb457f, vars: {}, profile: , target: , version: 1.11.12
[0m14:16:46.071444 [info ] [MainThread]: Unable to do partial parsing because saved manifest not found. Starting full parse.
[0m14:16:46.072428 [debug] [MainThread]: Sending event: {'category': 'dbt', 'action': 'partial_parser', 'label': '7204760f-f4b1-44f7-8e58-d37223c52158', 'context': [<snowplow_tracker.self_describing_json.SelfDescribingJson object at 0x0000016667D7F350>]}
[0m14:16:46.074452 [error] [MainThread]: Encountered an error:
'utf-8' codec can't decode byte 0x83 in position 44: invalid start byte
[0m14:16:46.076450 [error] [MainThread]: Traceback (most recent call last):
  File "C:\Users\nekoa\AppData\Local\Programs\Python\Python312\Lib\site-packages\dbt\cli\requires.py", line 182, in wrapper
    result, success = func(*args, **kwargs)
                      ^^^^^^^^^^^^^^^^^^^^^
  File "C:\Users\nekoa\AppData\Local\Programs\Python\Python312\Lib\site-packages\dbt\cli\requires.py", line 128, in wrapper
    return func(*args, **kwargs)
           ^^^^^^^^^^^^^^^^^^^^^
  File "C:\Users\nekoa\AppData\Local\Programs\Python\Python312\Lib\site-packages\dbt\cli\requires.py", line 276, in wrapper
    return func(*args, **kwargs)
           ^^^^^^^^^^^^^^^^^^^^^
  File "C:\Users\nekoa\AppData\Local\Programs\Python\Python312\Lib\site-packages\dbt\cli\requires.py", line 321, in wrapper
    return func(*args, **kwargs)
           ^^^^^^^^^^^^^^^^^^^^^
  File "C:\Users\nekoa\AppData\Local\Programs\Python\Python312\Lib\site-packages\dbt\cli\requires.py", line 391, in wrapper
    return func(*args, **kwargs)
           ^^^^^^^^^^^^^^^^^^^^^
  File "C:\Users\nekoa\AppData\Local\Programs\Python\Python312\Lib\site-packages\dbt\cli\requires.py", line 368, in wrapper
    return func(*args, **kwargs)
           ^^^^^^^^^^^^^^^^^^^^^
  File "C:\Users\nekoa\AppData\Local\Programs\Python\Python312\Lib\site-packages\dbt\cli\requires.py", line 407, in wrapper
    setup_manifest(ctx, write=write, write_perf_info=write_perf_info)
  File "C:\Users\nekoa\AppData\Local\Programs\Python\Python312\Lib\site-packages\dbt\cli\requires.py", line 434, in setup_manifest
    ctx.obj["manifest"] = parse_manifest(
                          ^^^^^^^^^^^^^^^
  File "C:\Users\nekoa\AppData\Local\Programs\Python\Python312\Lib\site-packages\dbt\parser\manifest.py", line 2257, in parse_manifest
    manifest = ManifestLoader.get_full_manifest(
               ^^^^^^^^^^^^^^^^^^^^^^^^^^^^^^^^^
  File "C:\Users\nekoa\AppData\Local\Programs\Python\Python312\Lib\site-packages\dbt\parser\manifest.py", line 323, in get_full_manifest
    manifest = loader.load()
               ^^^^^^^^^^^^^
  File "C:\Users\nekoa\AppData\Local\Programs\Python\Python312\Lib\site-packages\dbt\parser\manifest.py", line 370, in load
    file_reader.read_files()
  File "C:\Users\nekoa\AppData\Local\Programs\Python\Python312\Lib\site-packages\dbt\parser\read_files.py", line 212, in read_files
    self.read_files_for_project(project, file_types)
  File "C:\Users\nekoa\AppData\Local\Programs\Python\Python312\Lib\site-packages\dbt\parser\read_files.py", line 219, in read_files_for_project
    project_files[file_type_info["parser"]] = read_files_for_parser(
                                              ^^^^^^^^^^^^^^^^^^^^^^
  File "C:\Users\nekoa\AppData\Local\Programs\Python\Python312\Lib\site-packages\dbt\parser\read_files.py", line 167, in read_files_for_parser
    source_files = get_source_files(
                   ^^^^^^^^^^^^^^^^^
  File "C:\Users\nekoa\AppData\Local\Programs\Python\Python312\Lib\site-packages\dbt\parser\read_files.py", line 148, in get_source_files
    fb_list.append(load_seed_source_file(fp, project.project_name))
                   ^^^^^^^^^^^^^^^^^^^^^^^^^^^^^^^^^^^^^^^^^^^^^^^
  File "C:\Users\nekoa\AppData\Local\Programs\Python\Python312\Lib\site-packages\dbt\parser\read_files.py", line 130, in load_seed_source_file
    file_contents = load_file_contents(match.absolute_path, strip=True)
                    ^^^^^^^^^^^^^^^^^^^^^^^^^^^^^^^^^^^^^^^^^^^^^^^^^^^
  File "C:\Users\nekoa\AppData\Local\Programs\Python\Python312\Lib\site-packages\dbt_common\record.py", line 538, in record_replay_wrapper
    return func_to_record(*call_args, **kwargs)
           ^^^^^^^^^^^^^^^^^^^^^^^^^^^^^^^^^^^^
  File "C:\Users\nekoa\AppData\Local\Programs\Python\Python312\Lib\site-packages\dbt_common\clients\system.py", line 183, in load_file_contents
    to_return = handle.read().decode("utf-8")
                ^^^^^^^^^^^^^^^^^^^^^^^^^^^^^
UnicodeDecodeError: 'utf-8' codec can't decode byte 0x83 in position 44: invalid start byte

[0m14:16:46.077423 [debug] [MainThread]: Command `dbt seed` failed at 14:16:46.077423 after 0.50 seconds
[0m14:16:46.078427 [debug] [MainThread]: Sending event: {'category': 'dbt', 'action': 'invocation', 'label': 'end', 'context': [<snowplow_tracker.self_describing_json.SelfDescribingJson object at 0x0000016665BB9970>, <snowplow_tracker.self_describing_json.SelfDescribingJson object at 0x00000166677A89E0>, <snowplow_tracker.self_describing_json.SelfDescribingJson object at 0x0000016667D7EA80>]}
[0m14:16:46.079445 [debug] [MainThread]: Flushing usage events
[0m14:16:47.506036 [debug] [MainThread]: An error was encountered while trying to flush usage events
[0m15:03:25.912539 [debug] [MainThread]: Sending event: {'category': 'dbt', 'action': 'invocation', 'label': 'start', 'context': [<snowplow_tracker.self_describing_json.SelfDescribingJson object at 0x000001A3F593CE90>, <snowplow_tracker.self_describing_json.SelfDescribingJson object at 0x000001A3F6493020>, <snowplow_tracker.self_describing_json.SelfDescribingJson object at 0x000001A3F65FA270>]}


============================== 15:03:25.915543 | 3931ded9-1745-4e07-9583-9c55d6a1ac7b ==============================
[0m15:03:25.915543 [info ] [MainThread]: Running with dbt=1.11.12
[0m15:03:25.916543 [debug] [MainThread]: running dbt with arguments {'static_parser': 'True', 'no_print': 'None', 'version_check': 'True', 'warn_error_options': 'WarnErrorOptionsV2(error=[], warn=[], silence=[])', 'target_path': 'None', 'printer_width': '80', 'write_json': 'True', 'introspect': 'True', 'log_cache_events': 'False', 'empty': 'None', 'cache_selected_only': 'False', 'fail_fast': 'False', 'debug': 'False', 'log_format': 'default', 'partial_parse': 'True', 'send_anonymous_usage_stats': 'True', 'quiet': 'False', 'warn_error': 'None', 'profiles_dir': 'C:\\Users\\nekoa\\.dbt', 'invocation_command': 'dbt clean', 'use_colors': 'True', 'indirect_selection': 'eager', 'use_experimental_parser': 'False', 'log_path': 'C:\\Users\\nekoa\\project_2026\\kayleet_scherbel_project_2026\\edinet_growth_analysis\\logs'}
[0m15:03:25.917593 [warn ] [MainThread]: [[33mWARNING[0m][CustomKeyInConfigDeprecation]: Deprecated functionality
Custom key `edinet_growth_analysis` found in `config` at path
`edinet_growth_analysis` in file `C:\Users\nekoa\project_2026\kayleet_scherbel_p
roject_2026\edinet_growth_analysis\dbt_project.yml`. Custom config keys should
move into the `config.meta`.
[0m15:03:25.918545 [debug] [MainThread]: Sending event: {'category': 'dbt', 'action': 'deprecation', 'label': '3931ded9-1745-4e07-9583-9c55d6a1ac7b', 'property_': 'warn', 'context': [<snowplow_tracker.self_describing_json.SelfDescribingJson object at 0x000001A3F7B30C50>]}
[0m15:03:25.999413 [debug] [MainThread]: Sending event: {'category': 'dbt', 'action': 'project_id', 'label': '3931ded9-1745-4e07-9583-9c55d6a1ac7b', 'context': [<snowplow_tracker.self_describing_json.SelfDescribingJson object at 0x000001A3F7B87860>]}
[0m15:03:26.011760 [warn ] [MainThread]: [[33mWARNING[0m][DeprecationsSummary]: Deprecated functionality
Summary of encountered deprecations:
- CustomKeyInConfigDeprecation: 2 occurrences
To see all deprecation instances instead of just the first occurrence of each,
run command again with the `--show-all-deprecations` flag. You may also need to
run with `--no-partial-parse` as some deprecations are only encountered during
parsing.
[0m15:03:26.012792 [debug] [MainThread]: Command `dbt clean` succeeded at 15:03:26.012792 after 0.24 seconds
[0m15:03:26.012792 [debug] [MainThread]: Sending event: {'category': 'dbt', 'action': 'invocation', 'label': 'end', 'context': [<snowplow_tracker.self_describing_json.SelfDescribingJson object at 0x000001A3F65FA270>, <snowplow_tracker.self_describing_json.SelfDescribingJson object at 0x000001A3F62F5400>, <snowplow_tracker.self_describing_json.SelfDescribingJson object at 0x000001A3F7B87860>]}
[0m15:03:26.012792 [debug] [MainThread]: Flushing usage events
[0m15:03:27.102625 [debug] [MainThread]: An error was encountered while trying to flush usage events
[0m15:03:30.362765 [debug] [MainThread]: Sending event: {'category': 'dbt', 'action': 'invocation', 'label': 'start', 'context': [<snowplow_tracker.self_describing_json.SelfDescribingJson object at 0x0000019D87993BC0>, <snowplow_tracker.self_describing_json.SelfDescribingJson object at 0x0000019D84F29AC0>, <snowplow_tracker.self_describing_json.SelfDescribingJson object at 0x0000019D872F0980>]}


============================== 15:03:30.365753 | 87a33e85-99aa-465d-b9f8-02016e3c1428 ==============================
[0m15:03:30.365753 [info ] [MainThread]: Running with dbt=1.11.12
[0m15:03:30.366741 [debug] [MainThread]: running dbt with arguments {'static_parser': 'True', 'no_print': 'None', 'version_check': 'True', 'target_path': 'None', 'warn_error_options': 'WarnErrorOptionsV2(error=[], warn=[], silence=[])', 'printer_width': '80', 'write_json': 'True', 'empty': 'None', 'log_cache_events': 'False', 'introspect': 'True', 'cache_selected_only': 'False', 'fail_fast': 'False', 'debug': 'False', 'log_format': 'default', 'partial_parse': 'True', 'send_anonymous_usage_stats': 'True', 'quiet': 'False', 'warn_error': 'None', 'profiles_dir': 'C:\\Users\\nekoa\\.dbt', 'use_colors': 'True', 'invocation_command': 'dbt seed', 'indirect_selection': 'eager', 'use_experimental_parser': 'False', 'log_path': 'C:\\Users\\nekoa\\project_2026\\kayleet_scherbel_project_2026\\edinet_growth_analysis\\logs'}
[0m15:03:30.513734 [debug] [MainThread]: Sending event: {'category': 'dbt', 'action': 'project_id', 'label': '87a33e85-99aa-465d-b9f8-02016e3c1428', 'context': [<snowplow_tracker.self_describing_json.SelfDescribingJson object at 0x0000019D88DAE2D0>]}
[0m15:03:30.553747 [debug] [MainThread]: Sending event: {'category': 'dbt', 'action': 'adapter_info', 'label': '87a33e85-99aa-465d-b9f8-02016e3c1428', 'context': [<snowplow_tracker.self_describing_json.SelfDescribingJson object at 0x0000019D8495E570>]}
[0m15:03:30.554697 [info ] [MainThread]: Registered adapter: duckdb=1.10.1
[0m15:03:30.731330 [debug] [MainThread]: checksum: f368f5348cf42803b94ef7fb8257ecf3bf9a9a16dd9c8c51fe5172f2dbeb457f, vars: {}, profile: , target: , version: 1.11.12
[0m15:03:30.731330 [info ] [MainThread]: Unable to do partial parsing because saved manifest not found. Starting full parse.
[0m15:03:30.732377 [debug] [MainThread]: Sending event: {'category': 'dbt', 'action': 'partial_parser', 'label': '87a33e85-99aa-465d-b9f8-02016e3c1428', 'context': [<snowplow_tracker.self_describing_json.SelfDescribingJson object at 0x0000019D8937EF00>]}
[0m15:03:30.733391 [error] [MainThread]: Encountered an error:
'utf-8' codec can't decode byte 0x83 in position 44: invalid start byte
[0m15:03:30.737359 [error] [MainThread]: Traceback (most recent call last):
  File "C:\Users\nekoa\AppData\Local\Programs\Python\Python312\Lib\site-packages\dbt\cli\requires.py", line 182, in wrapper
    result, success = func(*args, **kwargs)
                      ^^^^^^^^^^^^^^^^^^^^^
  File "C:\Users\nekoa\AppData\Local\Programs\Python\Python312\Lib\site-packages\dbt\cli\requires.py", line 128, in wrapper
    return func(*args, **kwargs)
           ^^^^^^^^^^^^^^^^^^^^^
  File "C:\Users\nekoa\AppData\Local\Programs\Python\Python312\Lib\site-packages\dbt\cli\requires.py", line 276, in wrapper
    return func(*args, **kwargs)
           ^^^^^^^^^^^^^^^^^^^^^
  File "C:\Users\nekoa\AppData\Local\Programs\Python\Python312\Lib\site-packages\dbt\cli\requires.py", line 321, in wrapper
    return func(*args, **kwargs)
           ^^^^^^^^^^^^^^^^^^^^^
  File "C:\Users\nekoa\AppData\Local\Programs\Python\Python312\Lib\site-packages\dbt\cli\requires.py", line 391, in wrapper
    return func(*args, **kwargs)
           ^^^^^^^^^^^^^^^^^^^^^
  File "C:\Users\nekoa\AppData\Local\Programs\Python\Python312\Lib\site-packages\dbt\cli\requires.py", line 368, in wrapper
    return func(*args, **kwargs)
           ^^^^^^^^^^^^^^^^^^^^^
  File "C:\Users\nekoa\AppData\Local\Programs\Python\Python312\Lib\site-packages\dbt\cli\requires.py", line 407, in wrapper
    setup_manifest(ctx, write=write, write_perf_info=write_perf_info)
  File "C:\Users\nekoa\AppData\Local\Programs\Python\Python312\Lib\site-packages\dbt\cli\requires.py", line 434, in setup_manifest
    ctx.obj["manifest"] = parse_manifest(
                          ^^^^^^^^^^^^^^^
  File "C:\Users\nekoa\AppData\Local\Programs\Python\Python312\Lib\site-packages\dbt\parser\manifest.py", line 2257, in parse_manifest
    manifest = ManifestLoader.get_full_manifest(
               ^^^^^^^^^^^^^^^^^^^^^^^^^^^^^^^^^
  File "C:\Users\nekoa\AppData\Local\Programs\Python\Python312\Lib\site-packages\dbt\parser\manifest.py", line 323, in get_full_manifest
    manifest = loader.load()
               ^^^^^^^^^^^^^
  File "C:\Users\nekoa\AppData\Local\Programs\Python\Python312\Lib\site-packages\dbt\parser\manifest.py", line 370, in load
    file_reader.read_files()
  File "C:\Users\nekoa\AppData\Local\Programs\Python\Python312\Lib\site-packages\dbt\parser\read_files.py", line 212, in read_files
    self.read_files_for_project(project, file_types)
  File "C:\Users\nekoa\AppData\Local\Programs\Python\Python312\Lib\site-packages\dbt\parser\read_files.py", line 219, in read_files_for_project
    project_files[file_type_info["parser"]] = read_files_for_parser(
                                              ^^^^^^^^^^^^^^^^^^^^^^
  File "C:\Users\nekoa\AppData\Local\Programs\Python\Python312\Lib\site-packages\dbt\parser\read_files.py", line 167, in read_files_for_parser
    source_files = get_source_files(
                   ^^^^^^^^^^^^^^^^^
  File "C:\Users\nekoa\AppData\Local\Programs\Python\Python312\Lib\site-packages\dbt\parser\read_files.py", line 148, in get_source_files
    fb_list.append(load_seed_source_file(fp, project.project_name))
                   ^^^^^^^^^^^^^^^^^^^^^^^^^^^^^^^^^^^^^^^^^^^^^^^
  File "C:\Users\nekoa\AppData\Local\Programs\Python\Python312\Lib\site-packages\dbt\parser\read_files.py", line 130, in load_seed_source_file
    file_contents = load_file_contents(match.absolute_path, strip=True)
                    ^^^^^^^^^^^^^^^^^^^^^^^^^^^^^^^^^^^^^^^^^^^^^^^^^^^
  File "C:\Users\nekoa\AppData\Local\Programs\Python\Python312\Lib\site-packages\dbt_common\record.py", line 538, in record_replay_wrapper
    return func_to_record(*call_args, **kwargs)
           ^^^^^^^^^^^^^^^^^^^^^^^^^^^^^^^^^^^^
  File "C:\Users\nekoa\AppData\Local\Programs\Python\Python312\Lib\site-packages\dbt_common\clients\system.py", line 183, in load_file_contents
    to_return = handle.read().decode("utf-8")
                ^^^^^^^^^^^^^^^^^^^^^^^^^^^^^
UnicodeDecodeError: 'utf-8' codec can't decode byte 0x83 in position 44: invalid start byte

[0m15:03:30.738375 [debug] [MainThread]: Command `dbt seed` failed at 15:03:30.738375 after 0.49 seconds
[0m15:03:30.739346 [debug] [MainThread]: Sending event: {'category': 'dbt', 'action': 'invocation', 'label': 'end', 'context': [<snowplow_tracker.self_describing_json.SelfDescribingJson object at 0x0000019D86E0A4B0>, <snowplow_tracker.self_describing_json.SelfDescribingJson object at 0x0000019D88F47890>, <snowplow_tracker.self_describing_json.SelfDescribingJson object at 0x0000019D84ADB8F0>]}
[0m15:03:30.739346 [debug] [MainThread]: Flushing usage events
[0m15:03:31.746304 [debug] [MainThread]: An error was encountered while trying to flush usage events
[0m15:04:58.967910 [debug] [MainThread]: Sending event: {'category': 'dbt', 'action': 'invocation', 'label': 'start', 'context': [<snowplow_tracker.self_describing_json.SelfDescribingJson object at 0x00000150A8AB9280>, <snowplow_tracker.self_describing_json.SelfDescribingJson object at 0x00000150A5F75B20>, <snowplow_tracker.self_describing_json.SelfDescribingJson object at 0x00000150A8A35B20>]}


============================== 15:04:58.970940 | 312254a8-cbfa-4ac2-b804-983a0cd4e3ea ==============================
[0m15:04:58.970940 [info ] [MainThread]: Running with dbt=1.11.12
[0m15:04:58.970940 [debug] [MainThread]: running dbt with arguments {'version_check': 'True', 'no_print': 'None', 'static_parser': 'True', 'warn_error_options': 'WarnErrorOptionsV2(error=[], warn=[], silence=[])', 'target_path': 'None', 'printer_width': '80', 'write_json': 'True', 'empty': 'None', 'log_cache_events': 'False', 'introspect': 'True', 'cache_selected_only': 'False', 'fail_fast': 'False', 'debug': 'False', 'log_format': 'default', 'partial_parse': 'True', 'send_anonymous_usage_stats': 'True', 'quiet': 'False', 'warn_error': 'None', 'profiles_dir': 'C:\\Users\\nekoa\\.dbt', 'use_colors': 'True', 'invocation_command': 'dbt clean', 'indirect_selection': 'eager', 'use_experimental_parser': 'False', 'log_path': 'C:\\Users\\nekoa\\project_2026\\kayleet_scherbel_project_2026\\edinet_growth_analysis\\logs'}
[0m15:04:58.972938 [warn ] [MainThread]: [[33mWARNING[0m][CustomKeyInConfigDeprecation]: Deprecated functionality
Custom key `edinet_growth_analysis` found in `config` at path
`edinet_growth_analysis` in file `C:\Users\nekoa\project_2026\kayleet_scherbel_p
roject_2026\edinet_growth_analysis\dbt_project.yml`. Custom config keys should
move into the `config.meta`.
[0m15:04:58.973932 [debug] [MainThread]: Sending event: {'category': 'dbt', 'action': 'deprecation', 'label': '312254a8-cbfa-4ac2-b804-983a0cd4e3ea', 'property_': 'warn', 'context': [<snowplow_tracker.self_describing_json.SelfDescribingJson object at 0x00000150A7015850>]}
[0m15:04:59.053129 [debug] [MainThread]: Sending event: {'category': 'dbt', 'action': 'project_id', 'label': '312254a8-cbfa-4ac2-b804-983a0cd4e3ea', 'context': [<snowplow_tracker.self_describing_json.SelfDescribingJson object at 0x00000150AACB0950>]}
[0m15:04:59.073132 [warn ] [MainThread]: [[33mWARNING[0m][DeprecationsSummary]: Deprecated functionality
Summary of encountered deprecations:
- CustomKeyInConfigDeprecation: 2 occurrences
To see all deprecation instances instead of just the first occurrence of each,
run command again with the `--show-all-deprecations` flag. You may also need to
run with `--no-partial-parse` as some deprecations are only encountered during
parsing.
[0m15:04:59.073132 [debug] [MainThread]: Command `dbt clean` succeeded at 15:04:59.073132 after 0.34 seconds
[0m15:04:59.074128 [debug] [MainThread]: Sending event: {'category': 'dbt', 'action': 'invocation', 'label': 'end', 'context': [<snowplow_tracker.self_describing_json.SelfDescribingJson object at 0x00000150A9A84D40>, <snowplow_tracker.self_describing_json.SelfDescribingJson object at 0x00000150AAD05BB0>, <snowplow_tracker.self_describing_json.SelfDescribingJson object at 0x00000150AACB07D0>]}
[0m15:04:59.074128 [debug] [MainThread]: Flushing usage events
[0m15:05:00.249409 [debug] [MainThread]: An error was encountered while trying to flush usage events
[0m15:05:04.532865 [debug] [MainThread]: Sending event: {'category': 'dbt', 'action': 'invocation', 'label': 'start', 'context': [<snowplow_tracker.self_describing_json.SelfDescribingJson object at 0x000001E78D8CBBC0>, <snowplow_tracker.self_describing_json.SelfDescribingJson object at 0x000001E78C670470>, <snowplow_tracker.self_describing_json.SelfDescribingJson object at 0x000001E78D1C9EB0>]}


============================== 15:05:04.535867 | 97ab5efa-8da5-4222-a064-c4ae4506301c ==============================
[0m15:05:04.535867 [info ] [MainThread]: Running with dbt=1.11.12
[0m15:05:04.536945 [debug] [MainThread]: running dbt with arguments {'version_check': 'True', 'no_print': 'None', 'static_parser': 'True', 'target_path': 'None', 'warn_error_options': 'WarnErrorOptionsV2(error=[], warn=[], silence=[])', 'printer_width': '80', 'write_json': 'True', 'introspect': 'True', 'log_cache_events': 'False', 'empty': 'None', 'cache_selected_only': 'False', 'fail_fast': 'False', 'debug': 'False', 'log_format': 'default', 'profiles_dir': 'C:\\Users\\nekoa\\.dbt', 'send_anonymous_usage_stats': 'True', 'quiet': 'False', 'warn_error': 'None', 'partial_parse': 'True', 'invocation_command': 'dbt seed', 'use_colors': 'True', 'indirect_selection': 'eager', 'use_experimental_parser': 'False', 'log_path': 'C:\\Users\\nekoa\\project_2026\\kayleet_scherbel_project_2026\\edinet_growth_analysis\\logs'}
[0m15:05:04.682897 [debug] [MainThread]: Sending event: {'category': 'dbt', 'action': 'project_id', 'label': '97ab5efa-8da5-4222-a064-c4ae4506301c', 'context': [<snowplow_tracker.self_describing_json.SelfDescribingJson object at 0x000001E78F12E180>]}
[0m15:05:04.723859 [debug] [MainThread]: Sending event: {'category': 'dbt', 'action': 'adapter_info', 'label': '97ab5efa-8da5-4222-a064-c4ae4506301c', 'context': [<snowplow_tracker.self_describing_json.SelfDescribingJson object at 0x000001E78F10DE80>]}
[0m15:05:04.725860 [info ] [MainThread]: Registered adapter: duckdb=1.10.1
[0m15:05:04.886855 [debug] [MainThread]: checksum: f368f5348cf42803b94ef7fb8257ecf3bf9a9a16dd9c8c51fe5172f2dbeb457f, vars: {}, profile: , target: , version: 1.11.12
[0m15:05:04.887856 [info ] [MainThread]: Unable to do partial parsing because saved manifest not found. Starting full parse.
[0m15:05:04.888935 [debug] [MainThread]: Sending event: {'category': 'dbt', 'action': 'partial_parser', 'label': '97ab5efa-8da5-4222-a064-c4ae4506301c', 'context': [<snowplow_tracker.self_describing_json.SelfDescribingJson object at 0x000001E78F7AADE0>]}
[0m15:05:04.889858 [error] [MainThread]: Encountered an error:
'utf-8' codec can't decode byte 0x83 in position 44: invalid start byte
[0m15:05:04.893892 [error] [MainThread]: Traceback (most recent call last):
  File "C:\Users\nekoa\AppData\Local\Programs\Python\Python312\Lib\site-packages\dbt\cli\requires.py", line 182, in wrapper
    result, success = func(*args, **kwargs)
                      ^^^^^^^^^^^^^^^^^^^^^
  File "C:\Users\nekoa\AppData\Local\Programs\Python\Python312\Lib\site-packages\dbt\cli\requires.py", line 128, in wrapper
    return func(*args, **kwargs)
           ^^^^^^^^^^^^^^^^^^^^^
  File "C:\Users\nekoa\AppData\Local\Programs\Python\Python312\Lib\site-packages\dbt\cli\requires.py", line 276, in wrapper
    return func(*args, **kwargs)
           ^^^^^^^^^^^^^^^^^^^^^
  File "C:\Users\nekoa\AppData\Local\Programs\Python\Python312\Lib\site-packages\dbt\cli\requires.py", line 321, in wrapper
    return func(*args, **kwargs)
           ^^^^^^^^^^^^^^^^^^^^^
  File "C:\Users\nekoa\AppData\Local\Programs\Python\Python312\Lib\site-packages\dbt\cli\requires.py", line 391, in wrapper
    return func(*args, **kwargs)
           ^^^^^^^^^^^^^^^^^^^^^
  File "C:\Users\nekoa\AppData\Local\Programs\Python\Python312\Lib\site-packages\dbt\cli\requires.py", line 368, in wrapper
    return func(*args, **kwargs)
           ^^^^^^^^^^^^^^^^^^^^^
  File "C:\Users\nekoa\AppData\Local\Programs\Python\Python312\Lib\site-packages\dbt\cli\requires.py", line 407, in wrapper
    setup_manifest(ctx, write=write, write_perf_info=write_perf_info)
  File "C:\Users\nekoa\AppData\Local\Programs\Python\Python312\Lib\site-packages\dbt\cli\requires.py", line 434, in setup_manifest
    ctx.obj["manifest"] = parse_manifest(
                          ^^^^^^^^^^^^^^^
  File "C:\Users\nekoa\AppData\Local\Programs\Python\Python312\Lib\site-packages\dbt\parser\manifest.py", line 2257, in parse_manifest
    manifest = ManifestLoader.get_full_manifest(
               ^^^^^^^^^^^^^^^^^^^^^^^^^^^^^^^^^
  File "C:\Users\nekoa\AppData\Local\Programs\Python\Python312\Lib\site-packages\dbt\parser\manifest.py", line 323, in get_full_manifest
    manifest = loader.load()
               ^^^^^^^^^^^^^
  File "C:\Users\nekoa\AppData\Local\Programs\Python\Python312\Lib\site-packages\dbt\parser\manifest.py", line 370, in load
    file_reader.read_files()
  File "C:\Users\nekoa\AppData\Local\Programs\Python\Python312\Lib\site-packages\dbt\parser\read_files.py", line 212, in read_files
    self.read_files_for_project(project, file_types)
  File "C:\Users\nekoa\AppData\Local\Programs\Python\Python312\Lib\site-packages\dbt\parser\read_files.py", line 219, in read_files_for_project
    project_files[file_type_info["parser"]] = read_files_for_parser(
                                              ^^^^^^^^^^^^^^^^^^^^^^
  File "C:\Users\nekoa\AppData\Local\Programs\Python\Python312\Lib\site-packages\dbt\parser\read_files.py", line 167, in read_files_for_parser
    source_files = get_source_files(
                   ^^^^^^^^^^^^^^^^^
  File "C:\Users\nekoa\AppData\Local\Programs\Python\Python312\Lib\site-packages\dbt\parser\read_files.py", line 148, in get_source_files
    fb_list.append(load_seed_source_file(fp, project.project_name))
                   ^^^^^^^^^^^^^^^^^^^^^^^^^^^^^^^^^^^^^^^^^^^^^^^
  File "C:\Users\nekoa\AppData\Local\Programs\Python\Python312\Lib\site-packages\dbt\parser\read_files.py", line 130, in load_seed_source_file
    file_contents = load_file_contents(match.absolute_path, strip=True)
                    ^^^^^^^^^^^^^^^^^^^^^^^^^^^^^^^^^^^^^^^^^^^^^^^^^^^
  File "C:\Users\nekoa\AppData\Local\Programs\Python\Python312\Lib\site-packages\dbt_common\record.py", line 538, in record_replay_wrapper
    return func_to_record(*call_args, **kwargs)
           ^^^^^^^^^^^^^^^^^^^^^^^^^^^^^^^^^^^^
  File "C:\Users\nekoa\AppData\Local\Programs\Python\Python312\Lib\site-packages\dbt_common\clients\system.py", line 183, in load_file_contents
    to_return = handle.read().decode("utf-8")
                ^^^^^^^^^^^^^^^^^^^^^^^^^^^^^
UnicodeDecodeError: 'utf-8' codec can't decode byte 0x83 in position 44: invalid start byte

[0m15:05:04.895892 [debug] [MainThread]: Command `dbt seed` failed at 15:05:04.894896 after 0.48 seconds
[0m15:05:04.895892 [debug] [MainThread]: Sending event: {'category': 'dbt', 'action': 'invocation', 'label': 'end', 'context': [<snowplow_tracker.self_describing_json.SelfDescribingJson object at 0x000001E78A205D30>, <snowplow_tracker.self_describing_json.SelfDescribingJson object at 0x000001E78F12EB70>, <snowplow_tracker.self_describing_json.SelfDescribingJson object at 0x000001E78F12F170>]}
[0m15:05:04.895892 [debug] [MainThread]: Flushing usage events
[0m15:05:05.920640 [debug] [MainThread]: An error was encountered while trying to flush usage events
[0m15:05:53.816819 [debug] [MainThread]: Sending event: {'category': 'dbt', 'action': 'invocation', 'label': 'start', 'context': [<snowplow_tracker.self_describing_json.SelfDescribingJson object at 0x00000243C6C5D070>, <snowplow_tracker.self_describing_json.SelfDescribingJson object at 0x00000243C4181FD0>, <snowplow_tracker.self_describing_json.SelfDescribingJson object at 0x00000243C7722D80>]}


============================== 15:05:53.818823 | 68a808b8-f934-4645-b747-0a35fc04937d ==============================
[0m15:05:53.818823 [info ] [MainThread]: Running with dbt=1.11.12
[0m15:05:53.819823 [debug] [MainThread]: running dbt with arguments {'version_check': 'True', 'no_print': 'None', 'static_parser': 'True', 'target_path': 'None', 'warn_error_options': 'WarnErrorOptionsV2(error=[], warn=[], silence=[])', 'printer_width': '80', 'write_json': 'True', 'introspect': 'True', 'log_cache_events': 'False', 'empty': 'None', 'cache_selected_only': 'False', 'fail_fast': 'False', 'debug': 'False', 'log_format': 'default', 'partial_parse': 'True', 'send_anonymous_usage_stats': 'True', 'quiet': 'False', 'warn_error': 'None', 'profiles_dir': 'C:\\Users\\nekoa\\.dbt', 'use_colors': 'True', 'indirect_selection': 'eager', 'invocation_command': 'dbt seed', 'use_experimental_parser': 'False', 'log_path': 'C:\\Users\\nekoa\\project_2026\\kayleet_scherbel_project_2026\\edinet_growth_analysis\\logs'}
[0m15:05:53.965828 [debug] [MainThread]: Sending event: {'category': 'dbt', 'action': 'project_id', 'label': '68a808b8-f934-4645-b747-0a35fc04937d', 'context': [<snowplow_tracker.self_describing_json.SelfDescribingJson object at 0x00000243C4B6EE70>]}
[0m15:05:54.005867 [debug] [MainThread]: Sending event: {'category': 'dbt', 'action': 'adapter_info', 'label': '68a808b8-f934-4645-b747-0a35fc04937d', 'context': [<snowplow_tracker.self_describing_json.SelfDescribingJson object at 0x00000243C7722D50>]}
[0m15:05:54.007827 [info ] [MainThread]: Registered adapter: duckdb=1.10.1
[0m15:05:54.149555 [debug] [MainThread]: checksum: f368f5348cf42803b94ef7fb8257ecf3bf9a9a16dd9c8c51fe5172f2dbeb457f, vars: {}, profile: , target: , version: 1.11.12
[0m15:05:54.149555 [info ] [MainThread]: Unable to do partial parsing because saved manifest not found. Starting full parse.
[0m15:05:54.150562 [debug] [MainThread]: Sending event: {'category': 'dbt', 'action': 'partial_parser', 'label': '68a808b8-f934-4645-b747-0a35fc04937d', 'context': [<snowplow_tracker.self_describing_json.SelfDescribingJson object at 0x00000243C902F350>]}
[0m15:05:54.151596 [error] [MainThread]: Encountered an error:
'utf-8' codec can't decode byte 0x83 in position 44: invalid start byte
[0m15:05:54.153565 [error] [MainThread]: Traceback (most recent call last):
  File "C:\Users\nekoa\AppData\Local\Programs\Python\Python312\Lib\site-packages\dbt\cli\requires.py", line 182, in wrapper
    result, success = func(*args, **kwargs)
                      ^^^^^^^^^^^^^^^^^^^^^
  File "C:\Users\nekoa\AppData\Local\Programs\Python\Python312\Lib\site-packages\dbt\cli\requires.py", line 128, in wrapper
    return func(*args, **kwargs)
           ^^^^^^^^^^^^^^^^^^^^^
  File "C:\Users\nekoa\AppData\Local\Programs\Python\Python312\Lib\site-packages\dbt\cli\requires.py", line 276, in wrapper
    return func(*args, **kwargs)
           ^^^^^^^^^^^^^^^^^^^^^
  File "C:\Users\nekoa\AppData\Local\Programs\Python\Python312\Lib\site-packages\dbt\cli\requires.py", line 321, in wrapper
    return func(*args, **kwargs)
           ^^^^^^^^^^^^^^^^^^^^^
  File "C:\Users\nekoa\AppData\Local\Programs\Python\Python312\Lib\site-packages\dbt\cli\requires.py", line 391, in wrapper
    return func(*args, **kwargs)
           ^^^^^^^^^^^^^^^^^^^^^
  File "C:\Users\nekoa\AppData\Local\Programs\Python\Python312\Lib\site-packages\dbt\cli\requires.py", line 368, in wrapper
    return func(*args, **kwargs)
           ^^^^^^^^^^^^^^^^^^^^^
  File "C:\Users\nekoa\AppData\Local\Programs\Python\Python312\Lib\site-packages\dbt\cli\requires.py", line 407, in wrapper
    setup_manifest(ctx, write=write, write_perf_info=write_perf_info)
  File "C:\Users\nekoa\AppData\Local\Programs\Python\Python312\Lib\site-packages\dbt\cli\requires.py", line 434, in setup_manifest
    ctx.obj["manifest"] = parse_manifest(
                          ^^^^^^^^^^^^^^^
  File "C:\Users\nekoa\AppData\Local\Programs\Python\Python312\Lib\site-packages\dbt\parser\manifest.py", line 2257, in parse_manifest
    manifest = ManifestLoader.get_full_manifest(
               ^^^^^^^^^^^^^^^^^^^^^^^^^^^^^^^^^
  File "C:\Users\nekoa\AppData\Local\Programs\Python\Python312\Lib\site-packages\dbt\parser\manifest.py", line 323, in get_full_manifest
    manifest = loader.load()
               ^^^^^^^^^^^^^
  File "C:\Users\nekoa\AppData\Local\Programs\Python\Python312\Lib\site-packages\dbt\parser\manifest.py", line 370, in load
    file_reader.read_files()
  File "C:\Users\nekoa\AppData\Local\Programs\Python\Python312\Lib\site-packages\dbt\parser\read_files.py", line 212, in read_files
    self.read_files_for_project(project, file_types)
  File "C:\Users\nekoa\AppData\Local\Programs\Python\Python312\Lib\site-packages\dbt\parser\read_files.py", line 219, in read_files_for_project
    project_files[file_type_info["parser"]] = read_files_for_parser(
                                              ^^^^^^^^^^^^^^^^^^^^^^
  File "C:\Users\nekoa\AppData\Local\Programs\Python\Python312\Lib\site-packages\dbt\parser\read_files.py", line 167, in read_files_for_parser
    source_files = get_source_files(
                   ^^^^^^^^^^^^^^^^^
  File "C:\Users\nekoa\AppData\Local\Programs\Python\Python312\Lib\site-packages\dbt\parser\read_files.py", line 148, in get_source_files
    fb_list.append(load_seed_source_file(fp, project.project_name))
                   ^^^^^^^^^^^^^^^^^^^^^^^^^^^^^^^^^^^^^^^^^^^^^^^
  File "C:\Users\nekoa\AppData\Local\Programs\Python\Python312\Lib\site-packages\dbt\parser\read_files.py", line 130, in load_seed_source_file
    file_contents = load_file_contents(match.absolute_path, strip=True)
                    ^^^^^^^^^^^^^^^^^^^^^^^^^^^^^^^^^^^^^^^^^^^^^^^^^^^
  File "C:\Users\nekoa\AppData\Local\Programs\Python\Python312\Lib\site-packages\dbt_common\record.py", line 538, in record_replay_wrapper
    return func_to_record(*call_args, **kwargs)
           ^^^^^^^^^^^^^^^^^^^^^^^^^^^^^^^^^^^^
  File "C:\Users\nekoa\AppData\Local\Programs\Python\Python312\Lib\site-packages\dbt_common\clients\system.py", line 183, in load_file_contents
    to_return = handle.read().decode("utf-8")
                ^^^^^^^^^^^^^^^^^^^^^^^^^^^^^
UnicodeDecodeError: 'utf-8' codec can't decode byte 0x83 in position 44: invalid start byte

[0m15:05:54.154565 [debug] [MainThread]: Command `dbt seed` failed at 15:05:54.154565 after 0.44 seconds
[0m15:05:54.154565 [debug] [MainThread]: Sending event: {'category': 'dbt', 'action': 'invocation', 'label': 'end', 'context': [<snowplow_tracker.self_describing_json.SelfDescribingJson object at 0x00000243C7474410>, <snowplow_tracker.self_describing_json.SelfDescribingJson object at 0x00000243C90D5130>, <snowplow_tracker.self_describing_json.SelfDescribingJson object at 0x00000243C9526AE0>]}
[0m15:05:54.154565 [debug] [MainThread]: Flushing usage events
[0m15:05:55.182121 [debug] [MainThread]: An error was encountered while trying to flush usage events
[0m15:08:29.151879 [debug] [MainThread]: Sending event: {'category': 'dbt', 'action': 'invocation', 'label': 'start', 'context': [<snowplow_tracker.self_describing_json.SelfDescribingJson object at 0x0000024A1CA19EE0>, <snowplow_tracker.self_describing_json.SelfDescribingJson object at 0x0000024A1C5227B0>, <snowplow_tracker.self_describing_json.SelfDescribingJson object at 0x0000024A1A3CB620>]}


============================== 15:08:29.153887 | 3ea9d1fa-4164-42ef-9a2b-d4df2acdf199 ==============================
[0m15:08:29.153887 [info ] [MainThread]: Running with dbt=1.11.12
[0m15:08:29.154878 [debug] [MainThread]: running dbt with arguments {'version_check': 'True', 'no_print': 'None', 'static_parser': 'True', 'target_path': 'None', 'warn_error_options': 'WarnErrorOptionsV2(error=[], warn=[], silence=[])', 'printer_width': '80', 'write_json': 'True', 'introspect': 'True', 'log_cache_events': 'False', 'empty': 'None', 'cache_selected_only': 'False', 'fail_fast': 'False', 'debug': 'False', 'log_format': 'default', 'profiles_dir': 'C:\\Users\\nekoa\\.dbt', 'send_anonymous_usage_stats': 'True', 'quiet': 'False', 'warn_error': 'None', 'partial_parse': 'True', 'invocation_command': 'dbt clean', 'use_colors': 'True', 'indirect_selection': 'eager', 'use_experimental_parser': 'False', 'log_path': 'C:\\Users\\nekoa\\project_2026\\kayleet_scherbel_project_2026\\edinet_growth_analysis\\logs'}
[0m15:08:29.156876 [warn ] [MainThread]: [[33mWARNING[0m][CustomKeyInConfigDeprecation]: Deprecated functionality
Custom key `edinet_growth_analysis` found in `config` at path
`edinet_growth_analysis` in file `C:\Users\nekoa\project_2026\kayleet_scherbel_p
roject_2026\edinet_growth_analysis\dbt_project.yml`. Custom config keys should
move into the `config.meta`.
[0m15:08:29.156876 [debug] [MainThread]: Sending event: {'category': 'dbt', 'action': 'deprecation', 'label': '3ea9d1fa-4164-42ef-9a2b-d4df2acdf199', 'property_': 'warn', 'context': [<snowplow_tracker.self_describing_json.SelfDescribingJson object at 0x0000024A1E090CE0>]}
[0m15:08:29.236913 [debug] [MainThread]: Sending event: {'category': 'dbt', 'action': 'project_id', 'label': '3ea9d1fa-4164-42ef-9a2b-d4df2acdf199', 'context': [<snowplow_tracker.self_describing_json.SelfDescribingJson object at 0x0000024A1DF98E00>]}
[0m15:08:29.249774 [warn ] [MainThread]: [[33mWARNING[0m][DeprecationsSummary]: Deprecated functionality
Summary of encountered deprecations:
- CustomKeyInConfigDeprecation: 2 occurrences
To see all deprecation instances instead of just the first occurrence of each,
run command again with the `--show-all-deprecations` flag. You may also need to
run with `--no-partial-parse` as some deprecations are only encountered during
parsing.
[0m15:08:29.250786 [debug] [MainThread]: Command `dbt clean` succeeded at 15:08:29.250786 after 0.23 seconds
[0m15:08:29.251785 [debug] [MainThread]: Sending event: {'category': 'dbt', 'action': 'invocation', 'label': 'end', 'context': [<snowplow_tracker.self_describing_json.SelfDescribingJson object at 0x0000024A19351E50>, <snowplow_tracker.self_describing_json.SelfDescribingJson object at 0x0000024A1C7E54F0>, <snowplow_tracker.self_describing_json.SelfDescribingJson object at 0x0000024A1C4DFC20>]}
[0m15:08:29.251785 [debug] [MainThread]: Flushing usage events
[0m15:08:30.526613 [debug] [MainThread]: An error was encountered while trying to flush usage events
[0m15:08:34.238192 [debug] [MainThread]: Sending event: {'category': 'dbt', 'action': 'invocation', 'label': 'start', 'context': [<snowplow_tracker.self_describing_json.SelfDescribingJson object at 0x00000157245EBE00>, <snowplow_tracker.self_describing_json.SelfDescribingJson object at 0x0000015722832960>, <snowplow_tracker.self_describing_json.SelfDescribingJson object at 0x000001572224E180>]}


============================== 15:08:34.241188 | 5f8453ab-961d-4673-90d9-649d61efe098 ==============================
[0m15:08:34.241188 [info ] [MainThread]: Running with dbt=1.11.12
[0m15:08:34.244198 [debug] [MainThread]: running dbt with arguments {'version_check': 'True', 'no_print': 'None', 'static_parser': 'True', 'warn_error_options': 'WarnErrorOptionsV2(error=[], warn=[], silence=[])', 'target_path': 'None', 'printer_width': '80', 'write_json': 'True', 'empty': 'None', 'log_cache_events': 'False', 'introspect': 'True', 'cache_selected_only': 'False', 'log_format': 'default', 'debug': 'False', 'fail_fast': 'False', 'profiles_dir': 'C:\\Users\\nekoa\\.dbt', 'send_anonymous_usage_stats': 'True', 'quiet': 'False', 'warn_error': 'None', 'partial_parse': 'True', 'use_colors': 'True', 'indirect_selection': 'eager', 'invocation_command': 'dbt seed', 'use_experimental_parser': 'False', 'log_path': 'C:\\Users\\nekoa\\project_2026\\kayleet_scherbel_project_2026\\edinet_growth_analysis\\logs'}
[0m15:08:34.393762 [debug] [MainThread]: Sending event: {'category': 'dbt', 'action': 'project_id', 'label': '5f8453ab-961d-4673-90d9-649d61efe098', 'context': [<snowplow_tracker.self_describing_json.SelfDescribingJson object at 0x000001572034ED50>]}
[0m15:08:34.435033 [debug] [MainThread]: Sending event: {'category': 'dbt', 'action': 'adapter_info', 'label': '5f8453ab-961d-4673-90d9-649d61efe098', 'context': [<snowplow_tracker.self_describing_json.SelfDescribingJson object at 0x00000157204F04A0>]}
[0m15:08:34.437030 [info ] [MainThread]: Registered adapter: duckdb=1.10.1
[0m15:08:34.595906 [debug] [MainThread]: checksum: f368f5348cf42803b94ef7fb8257ecf3bf9a9a16dd9c8c51fe5172f2dbeb457f, vars: {}, profile: , target: , version: 1.11.12
[0m15:08:34.596923 [info ] [MainThread]: Unable to do partial parsing because saved manifest not found. Starting full parse.
[0m15:08:34.597982 [debug] [MainThread]: Sending event: {'category': 'dbt', 'action': 'partial_parser', 'label': '5f8453ab-961d-4673-90d9-649d61efe098', 'context': [<snowplow_tracker.self_describing_json.SelfDescribingJson object at 0x000001572487C530>]}
[0m15:08:35.362923 [warn ] [MainThread]: [[33mWARNING[0m]: Did not find matching node for patch with name 'my_first_dbt_model' in the 'models' section of file 'models\schema.yml'
[0m15:08:35.364897 [warn ] [MainThread]: [[33mWARNING[0m]: Did not find matching node for patch with name 'my_second_dbt_model' in the 'models' section of file 'models\schema.yml'
[0m15:08:35.366856 [warn ] [MainThread]: [[33mWARNING[0m]: Did not find matching node for patch with name 'growth_rate_overEqual40_model' in the 'models' section of file 'models\schema.yml'
[0m15:08:35.435896 [warn ] [MainThread]: [[33mWARNING[0m]: Test 'test.edinet_growth_analysis.unique_my_first_dbt_model_id.16e066b321' (models\schema.yml) depends on a node named 'my_first_dbt_model' in package '' which was not found
[0m15:08:35.438851 [warn ] [MainThread]: [[33mWARNING[0m]: Test 'test.edinet_growth_analysis.not_null_my_first_dbt_model_id.5fb22c2710' (models\schema.yml) depends on a node named 'my_first_dbt_model' in package '' which was not found
[0m15:08:35.441020 [warn ] [MainThread]: [[33mWARNING[0m]: Test 'test.edinet_growth_analysis.unique_my_second_dbt_model_id.57a0f8c493' (models\schema.yml) depends on a node named 'my_second_dbt_model' in package '' which was not found
[0m15:08:35.442909 [warn ] [MainThread]: [[33mWARNING[0m]: Test 'test.edinet_growth_analysis.not_null_my_second_dbt_model_id.151b76d778' (models\schema.yml) depends on a node named 'my_second_dbt_model' in package '' which was not found
[0m15:08:35.444997 [warn ] [MainThread]: [[33mWARNING[0m]: Test 'test.edinet_growth_analysis.unique_growth_rate_overEqual40_model_company.1402e98093' (models\schema.yml) depends on a node named 'growth_rate_overEqual40_model' in package '' which was not found
[0m15:08:35.446888 [warn ] [MainThread]: [[33mWARNING[0m]: Test 'test.edinet_growth_analysis.not_null_growth_rate_overEqual40_model_company.494ba846e1' (models\schema.yml) depends on a node named 'growth_rate_overEqual40_model' in package '' which was not found
[0m15:08:35.498012 [debug] [MainThread]: Sending event: {'category': 'dbt', 'action': 'load_project', 'label': '5f8453ab-961d-4673-90d9-649d61efe098', 'context': [<snowplow_tracker.self_describing_json.SelfDescribingJson object at 0x00000157253CB920>]}
[0m15:08:35.547021 [debug] [MainThread]: Wrote artifact WritableManifest to C:\Users\nekoa\project_2026\kayleet_scherbel_project_2026\edinet_growth_analysis\target\manifest.json
[0m15:08:35.550018 [debug] [MainThread]: Wrote artifact SemanticManifest to C:\Users\nekoa\project_2026\kayleet_scherbel_project_2026\edinet_growth_analysis\target\semantic_manifest.json
[0m15:08:35.561018 [debug] [MainThread]: Sending event: {'category': 'dbt', 'action': 'resource_counts', 'label': '5f8453ab-961d-4673-90d9-649d61efe098', 'context': [<snowplow_tracker.self_describing_json.SelfDescribingJson object at 0x00000157255943E0>]}
[0m15:08:35.561018 [info ] [MainThread]: Found 1 model, 1 seed, 485 macros
[0m15:08:35.562018 [debug] [MainThread]: Sending event: {'category': 'dbt', 'action': 'runnable_timing', 'label': '5f8453ab-961d-4673-90d9-649d61efe098', 'context': [<snowplow_tracker.self_describing_json.SelfDescribingJson object at 0x0000015725341880>]}
[0m15:08:35.563026 [info ] [MainThread]: 
[0m15:08:35.566147 [info ] [MainThread]: Concurrency: 1 threads (target='dev')
[0m15:08:35.568097 [info ] [MainThread]: 
[0m15:08:35.570142 [debug] [MainThread]: Acquiring new duckdb connection 'master'
[0m15:08:35.572137 [debug] [ThreadPool]: Acquiring new duckdb connection 'list_dev'
[0m15:08:35.666029 [debug] [ThreadPool]: Using duckdb connection "list_dev"
[0m15:08:35.666029 [debug] [ThreadPool]: On list_dev: /* {"app": "dbt", "dbt_version": "1.11.12", "profile_name": "edinet_growth_analysis", "target_name": "dev", "connection_name": "list_dev"} */

    
    select schema_name
    from system.information_schema.schemata
    
    where lower(catalog_name) = '"dev"'
    
  
  
[0m15:08:35.667017 [debug] [ThreadPool]: Opening a new connection, currently in state init
[0m15:08:35.692091 [debug] [ThreadPool]: SQL status: OK in 0.026 seconds
[0m15:08:35.694155 [debug] [ThreadPool]: On list_dev: Close
[0m15:08:35.695016 [debug] [ThreadPool]: Re-using an available connection from the pool (formerly list_dev, now create_dev_main)
[0m15:08:35.695016 [debug] [ThreadPool]: Creating schema "database: "dev"
schema: "main"
"
[0m15:08:35.699015 [debug] [ThreadPool]: Using duckdb connection "create_dev_main"
[0m15:08:35.700052 [debug] [ThreadPool]: On create_dev_main: /* {"app": "dbt", "dbt_version": "1.11.12", "profile_name": "edinet_growth_analysis", "target_name": "dev", "connection_name": "create_dev_main"} */

    
        select type from duckdb_databases()
        where lower(database_name)='dev'
        and type='sqlite'
    
  
[0m15:08:35.700052 [debug] [ThreadPool]: Opening a new connection, currently in state closed
[0m15:08:35.701056 [debug] [ThreadPool]: SQL status: OK in 0.001 seconds
[0m15:08:35.702053 [debug] [ThreadPool]: Using duckdb connection "create_dev_main"
[0m15:08:35.702053 [debug] [ThreadPool]: On create_dev_main: BEGIN
[0m15:08:35.702053 [debug] [ThreadPool]: SQL status: OK in 0.000 seconds
[0m15:08:35.703014 [debug] [ThreadPool]: Using duckdb connection "create_dev_main"
[0m15:08:35.703014 [debug] [ThreadPool]: On create_dev_main: /* {"app": "dbt", "dbt_version": "1.11.12", "profile_name": "edinet_growth_analysis", "target_name": "dev", "connection_name": "create_dev_main"} */

    
    
        create schema if not exists "dev"."main"
    
[0m15:08:35.704050 [debug] [ThreadPool]: SQL status: OK in 0.001 seconds
[0m15:08:35.704050 [debug] [ThreadPool]: On create_dev_main: COMMIT
[0m15:08:35.705049 [debug] [ThreadPool]: Using duckdb connection "create_dev_main"
[0m15:08:35.705049 [debug] [ThreadPool]: On create_dev_main: COMMIT
[0m15:08:35.705049 [debug] [ThreadPool]: SQL status: OK in 0.000 seconds
[0m15:08:35.706012 [debug] [ThreadPool]: On create_dev_main: Close
[0m15:08:35.709048 [debug] [ThreadPool]: Acquiring new duckdb connection 'list_dev_main'
[0m15:08:35.712052 [debug] [ThreadPool]: Using duckdb connection "list_dev_main"
[0m15:08:35.713051 [debug] [ThreadPool]: On list_dev_main: BEGIN
[0m15:08:35.713051 [debug] [ThreadPool]: Opening a new connection, currently in state init
[0m15:08:35.714015 [debug] [ThreadPool]: SQL status: OK in 0.000 seconds
[0m15:08:35.714015 [debug] [ThreadPool]: Using duckdb connection "list_dev_main"
[0m15:08:35.714015 [debug] [ThreadPool]: On list_dev_main: /* {"app": "dbt", "dbt_version": "1.11.12", "profile_name": "edinet_growth_analysis", "target_name": "dev", "connection_name": "list_dev_main"} */
select
      'dev' as database,
      table_name as name,
      table_schema as schema,
      CASE table_type
        WHEN 'BASE TABLE' THEN 'table'
        WHEN 'VIEW' THEN 'view'
        WHEN 'LOCAL TEMPORARY' THEN 'table'
        END as type
    from system.information_schema.tables
    where lower(table_schema) = 'main'
    and lower(table_catalog) = 'dev'
  
[0m15:08:35.719052 [debug] [ThreadPool]: SQL status: OK in 0.004 seconds
[0m15:08:35.720053 [debug] [ThreadPool]: On list_dev_main: ROLLBACK
[0m15:08:35.721049 [debug] [ThreadPool]: Failed to rollback 'list_dev_main'
[0m15:08:35.721049 [debug] [ThreadPool]: On list_dev_main: Close
[0m15:08:35.722051 [debug] [MainThread]: Sending event: {'category': 'dbt', 'action': 'runnable_timing', 'label': '5f8453ab-961d-4673-90d9-649d61efe098', 'context': [<snowplow_tracker.self_describing_json.SelfDescribingJson object at 0x0000015725578680>]}
[0m15:08:35.722051 [debug] [MainThread]: Using duckdb connection "master"
[0m15:08:35.723013 [debug] [MainThread]: On master: BEGIN
[0m15:08:35.723013 [debug] [MainThread]: Opening a new connection, currently in state init
[0m15:08:35.723013 [debug] [MainThread]: SQL status: OK in 0.000 seconds
[0m15:08:35.724015 [debug] [MainThread]: On master: COMMIT
[0m15:08:35.724015 [debug] [MainThread]: Using duckdb connection "master"
[0m15:08:35.724015 [debug] [MainThread]: On master: COMMIT
[0m15:08:35.725014 [debug] [MainThread]: SQL status: OK in 0.000 seconds
[0m15:08:35.725014 [debug] [MainThread]: On master: Close
[0m15:08:35.736051 [debug] [Thread-1 (]: Began running node seed.edinet_growth_analysis.net_value_clients
[0m15:08:35.736051 [info ] [Thread-1 (]: 1 of 1 START seed file main.net_value_clients .................................. [RUN]
[0m15:08:35.738013 [debug] [Thread-1 (]: Acquiring new duckdb connection 'seed.edinet_growth_analysis.net_value_clients'
[0m15:08:35.738013 [debug] [Thread-1 (]: Began compiling node seed.edinet_growth_analysis.net_value_clients
[0m15:08:35.739060 [debug] [Thread-1 (]: Began executing node seed.edinet_growth_analysis.net_value_clients
[0m15:08:35.756052 [debug] [Thread-1 (]: Using duckdb connection "seed.edinet_growth_analysis.net_value_clients"
[0m15:08:35.756052 [debug] [Thread-1 (]: On seed.edinet_growth_analysis.net_value_clients: BEGIN
[0m15:08:35.757053 [debug] [Thread-1 (]: Opening a new connection, currently in state init
[0m15:08:35.757053 [debug] [Thread-1 (]: SQL status: OK in 0.001 seconds
[0m15:08:35.758010 [debug] [Thread-1 (]: Using duckdb connection "seed.edinet_growth_analysis.net_value_clients"
[0m15:08:35.758010 [debug] [Thread-1 (]: On seed.edinet_growth_analysis.net_value_clients: /* {"app": "dbt", "dbt_version": "1.11.12", "profile_name": "edinet_growth_analysis", "target_name": "dev", "node_id": "seed.edinet_growth_analysis.net_value_clients"} */
truncate table "dev"."main"."net_value_clients"
[0m15:08:35.761051 [debug] [Thread-1 (]: SQL status: OK in 0.003 seconds
[0m15:08:35.768048 [debug] [Thread-1 (]: Using duckdb connection "seed.edinet_growth_analysis.net_value_clients"
[0m15:08:35.768048 [debug] [Thread-1 (]: On seed.edinet_growth_analysis.net_value_clients: 
          COPY "dev"."main"."net_value_clients" FROM 'C:\Users\nekoa\project_2026\kayleet_scherbel_project_2026\edinet_growth_analysis\seeds\net_value_clients.csv' (FORMAT CSV, HEADER TRUE, DELIMITER ',')
        ...
[0m15:08:35.778050 [debug] [Thread-1 (]: SQL status: OK in 0.010 seconds
[0m15:08:35.782050 [debug] [Thread-1 (]: Writing runtime SQL for node "seed.edinet_growth_analysis.net_value_clients"
[0m15:08:35.790049 [debug] [Thread-1 (]: On seed.edinet_growth_analysis.net_value_clients: COMMIT
[0m15:08:35.790049 [debug] [Thread-1 (]: Using duckdb connection "seed.edinet_growth_analysis.net_value_clients"
[0m15:08:35.790049 [debug] [Thread-1 (]: On seed.edinet_growth_analysis.net_value_clients: COMMIT
[0m15:08:35.794049 [debug] [Thread-1 (]: SQL status: OK in 0.003 seconds
[0m15:08:35.795050 [debug] [Thread-1 (]: On seed.edinet_growth_analysis.net_value_clients: Close
[0m15:08:35.797045 [debug] [Thread-1 (]: Sending event: {'category': 'dbt', 'action': 'run_model', 'label': '5f8453ab-961d-4673-90d9-649d61efe098', 'context': [<snowplow_tracker.self_describing_json.SelfDescribingJson object at 0x00000157252118E0>]}
[0m15:08:35.797045 [info ] [Thread-1 (]: 1 of 1 OK loaded seed file main.net_value_clients .............................. [[32mINSERT 45[0m in 0.06s]
[0m15:08:35.798049 [debug] [Thread-1 (]: Finished running node seed.edinet_growth_analysis.net_value_clients
[0m15:08:35.799052 [debug] [MainThread]: Using duckdb connection "master"
[0m15:08:35.799052 [debug] [MainThread]: On master: BEGIN
[0m15:08:35.800066 [debug] [MainThread]: Opening a new connection, currently in state closed
[0m15:08:35.800066 [debug] [MainThread]: SQL status: OK in 0.000 seconds
[0m15:08:35.800066 [debug] [MainThread]: On master: COMMIT
[0m15:08:35.801011 [debug] [MainThread]: Using duckdb connection "master"
[0m15:08:35.801011 [debug] [MainThread]: On master: COMMIT
[0m15:08:35.801011 [debug] [MainThread]: SQL status: OK in 0.000 seconds
[0m15:08:35.801011 [debug] [MainThread]: On master: Close
[0m15:08:35.802046 [debug] [MainThread]: Connection 'master' was properly closed.
[0m15:08:35.802046 [debug] [MainThread]: Connection 'create_dev_main' was properly closed.
[0m15:08:35.802046 [debug] [MainThread]: Connection 'list_dev_main' was properly closed.
[0m15:08:35.802046 [debug] [MainThread]: Connection 'seed.edinet_growth_analysis.net_value_clients' was properly closed.
[0m15:08:35.803013 [info ] [MainThread]: 
[0m15:08:35.804053 [info ] [MainThread]: Finished running 1 seed in 0 hours 0 minutes and 0.23 seconds (0.23s).
[0m15:08:35.806049 [debug] [MainThread]: Command end result
[0m15:08:35.822013 [debug] [MainThread]: Wrote artifact WritableManifest to C:\Users\nekoa\project_2026\kayleet_scherbel_project_2026\edinet_growth_analysis\target\manifest.json
[0m15:08:35.824011 [debug] [MainThread]: Wrote artifact SemanticManifest to C:\Users\nekoa\project_2026\kayleet_scherbel_project_2026\edinet_growth_analysis\target\semantic_manifest.json
[0m15:08:35.828009 [debug] [MainThread]: Wrote artifact RunExecutionResult to C:\Users\nekoa\project_2026\kayleet_scherbel_project_2026\edinet_growth_analysis\target\run_results.json
[0m15:08:35.828009 [info ] [MainThread]: 
[0m15:08:35.830011 [info ] [MainThread]: [32mCompleted successfully[0m
[0m15:08:35.832053 [info ] [MainThread]: 
[0m15:08:35.833076 [info ] [MainThread]: Done. PASS=1 WARN=0 ERROR=0 SKIP=0 NO-OP=0 TOTAL=1
[0m15:08:35.834010 [debug] [MainThread]: Command `dbt seed` succeeded at 15:08:35.834010 after 1.72 seconds
[0m15:08:35.834010 [debug] [MainThread]: Sending event: {'category': 'dbt', 'action': 'invocation', 'label': 'end', 'context': [<snowplow_tracker.self_describing_json.SelfDescribingJson object at 0x0000015723442570>, <snowplow_tracker.self_describing_json.SelfDescribingJson object at 0x000001571F965DC0>, <snowplow_tracker.self_describing_json.SelfDescribingJson object at 0x00000157229E2690>]}
[0m15:08:35.835009 [debug] [MainThread]: Flushing usage events
[0m15:08:36.872381 [debug] [MainThread]: An error was encountered while trying to flush usage events
[0m15:08:41.913154 [debug] [MainThread]: Sending event: {'category': 'dbt', 'action': 'invocation', 'label': 'start', 'context': [<snowplow_tracker.self_describing_json.SelfDescribingJson object at 0x000001417FE791C0>, <snowplow_tracker.self_describing_json.SelfDescribingJson object at 0x00000141019B2E70>, <snowplow_tracker.self_describing_json.SelfDescribingJson object at 0x00000141019B2F00>]}


============================== 15:08:41.915155 | 226f4cd3-91e4-417d-838d-cf2c7f50d474 ==============================
[0m15:08:41.915155 [info ] [MainThread]: Running with dbt=1.11.12
[0m15:08:41.918155 [debug] [MainThread]: running dbt with arguments {'static_parser': 'True', 'no_print': 'None', 'version_check': 'True', 'target_path': 'None', 'warn_error_options': 'WarnErrorOptionsV2(error=[], warn=[], silence=[])', 'printer_width': '80', 'write_json': 'True', 'empty': 'False', 'log_cache_events': 'False', 'introspect': 'True', 'cache_selected_only': 'False', 'log_format': 'default', 'debug': 'False', 'fail_fast': 'False', 'profiles_dir': 'C:\\Users\\nekoa\\.dbt', 'send_anonymous_usage_stats': 'True', 'quiet': 'False', 'warn_error': 'None', 'partial_parse': 'True', 'indirect_selection': 'eager', 'use_colors': 'True', 'invocation_command': 'dbt run', 'use_experimental_parser': 'False', 'log_path': 'C:\\Users\\nekoa\\project_2026\\kayleet_scherbel_project_2026\\edinet_growth_analysis\\logs'}
[0m15:08:42.066148 [debug] [MainThread]: Sending event: {'category': 'dbt', 'action': 'project_id', 'label': '226f4cd3-91e4-417d-838d-cf2c7f50d474', 'context': [<snowplow_tracker.self_describing_json.SelfDescribingJson object at 0x000001417ECEEF60>]}
[0m15:08:42.106147 [debug] [MainThread]: Sending event: {'category': 'dbt', 'action': 'adapter_info', 'label': '226f4cd3-91e4-417d-838d-cf2c7f50d474', 'context': [<snowplow_tracker.self_describing_json.SelfDescribingJson object at 0x0000014103350950>]}
[0m15:08:42.107150 [info ] [MainThread]: Registered adapter: duckdb=1.10.1
[0m15:08:42.248143 [debug] [MainThread]: checksum: f368f5348cf42803b94ef7fb8257ecf3bf9a9a16dd9c8c51fe5172f2dbeb457f, vars: {}, profile: , target: , version: 1.11.12
[0m15:08:42.326140 [debug] [MainThread]: Partial parsing enabled: 0 files deleted, 0 files added, 0 files changed.
[0m15:08:42.326140 [debug] [MainThread]: Nothing changed, skipping partial parsing.
[0m15:08:42.326140 [debug] [MainThread]: Partial parsing enabled, no changes found, skipping parsing
[0m15:08:42.353140 [debug] [MainThread]: Sending event: {'category': 'dbt', 'action': 'load_project', 'label': '226f4cd3-91e4-417d-838d-cf2c7f50d474', 'context': [<snowplow_tracker.self_describing_json.SelfDescribingJson object at 0x0000014103AE5790>]}
[0m15:08:42.403138 [debug] [MainThread]: Wrote artifact WritableManifest to C:\Users\nekoa\project_2026\kayleet_scherbel_project_2026\edinet_growth_analysis\target\manifest.json
[0m15:08:42.405134 [debug] [MainThread]: Wrote artifact SemanticManifest to C:\Users\nekoa\project_2026\kayleet_scherbel_project_2026\edinet_growth_analysis\target\semantic_manifest.json
[0m15:08:42.411138 [debug] [MainThread]: Sending event: {'category': 'dbt', 'action': 'resource_counts', 'label': '226f4cd3-91e4-417d-838d-cf2c7f50d474', 'context': [<snowplow_tracker.self_describing_json.SelfDescribingJson object at 0x0000014103D11010>]}
[0m15:08:42.412141 [info ] [MainThread]: Found 1 model, 1 seed, 485 macros
[0m15:08:42.414140 [debug] [MainThread]: Sending event: {'category': 'dbt', 'action': 'runnable_timing', 'label': '226f4cd3-91e4-417d-838d-cf2c7f50d474', 'context': [<snowplow_tracker.self_describing_json.SelfDescribingJson object at 0x0000014103D484A0>]}
[0m15:08:42.415138 [info ] [MainThread]: 
[0m15:08:42.416138 [info ] [MainThread]: Concurrency: 1 threads (target='dev')
[0m15:08:42.417141 [info ] [MainThread]: 
[0m15:08:42.420134 [debug] [MainThread]: Acquiring new duckdb connection 'master'
[0m15:08:42.422138 [debug] [ThreadPool]: Acquiring new duckdb connection 'list_dev'
[0m15:08:42.461137 [debug] [ThreadPool]: Using duckdb connection "list_dev"
[0m15:08:42.461137 [debug] [ThreadPool]: On list_dev: /* {"app": "dbt", "dbt_version": "1.11.12", "profile_name": "edinet_growth_analysis", "target_name": "dev", "connection_name": "list_dev"} */

    
    select schema_name
    from system.information_schema.schemata
    
    where lower(catalog_name) = '"dev"'
    
  
  
[0m15:08:42.462134 [debug] [ThreadPool]: Opening a new connection, currently in state init
[0m15:08:42.472136 [debug] [ThreadPool]: SQL status: OK in 0.011 seconds
[0m15:08:42.474138 [debug] [ThreadPool]: On list_dev: Close
[0m15:08:42.474138 [debug] [ThreadPool]: Re-using an available connection from the pool (formerly list_dev, now create_dev_main)
[0m15:08:42.475132 [debug] [ThreadPool]: Creating schema "database: "dev"
schema: "main"
"
[0m15:08:42.479136 [debug] [ThreadPool]: Using duckdb connection "create_dev_main"
[0m15:08:42.479136 [debug] [ThreadPool]: On create_dev_main: /* {"app": "dbt", "dbt_version": "1.11.12", "profile_name": "edinet_growth_analysis", "target_name": "dev", "connection_name": "create_dev_main"} */

    
        select type from duckdb_databases()
        where lower(database_name)='dev'
        and type='sqlite'
    
  
[0m15:08:42.479136 [debug] [ThreadPool]: Opening a new connection, currently in state closed
[0m15:08:42.480136 [debug] [ThreadPool]: SQL status: OK in 0.001 seconds
[0m15:08:42.481136 [debug] [ThreadPool]: Using duckdb connection "create_dev_main"
[0m15:08:42.481136 [debug] [ThreadPool]: On create_dev_main: BEGIN
[0m15:08:42.483137 [debug] [ThreadPool]: SQL status: OK in 0.002 seconds
[0m15:08:42.484136 [debug] [ThreadPool]: Using duckdb connection "create_dev_main"
[0m15:08:42.484136 [debug] [ThreadPool]: On create_dev_main: /* {"app": "dbt", "dbt_version": "1.11.12", "profile_name": "edinet_growth_analysis", "target_name": "dev", "connection_name": "create_dev_main"} */

    
    
        create schema if not exists "dev"."main"
    
[0m15:08:42.484136 [debug] [ThreadPool]: SQL status: OK in 0.000 seconds
[0m15:08:42.485136 [debug] [ThreadPool]: On create_dev_main: COMMIT
[0m15:08:42.485136 [debug] [ThreadPool]: Using duckdb connection "create_dev_main"
[0m15:08:42.485136 [debug] [ThreadPool]: On create_dev_main: COMMIT
[0m15:08:42.486136 [debug] [ThreadPool]: SQL status: OK in 0.000 seconds
[0m15:08:42.486136 [debug] [ThreadPool]: On create_dev_main: Close
[0m15:08:42.490103 [debug] [ThreadPool]: Acquiring new duckdb connection 'list_dev_main'
[0m15:08:42.493140 [debug] [ThreadPool]: Using duckdb connection "list_dev_main"
[0m15:08:42.494136 [debug] [ThreadPool]: On list_dev_main: BEGIN
[0m15:08:42.494136 [debug] [ThreadPool]: Opening a new connection, currently in state init
[0m15:08:42.495135 [debug] [ThreadPool]: SQL status: OK in 0.001 seconds
[0m15:08:42.495135 [debug] [ThreadPool]: Using duckdb connection "list_dev_main"
[0m15:08:42.495135 [debug] [ThreadPool]: On list_dev_main: /* {"app": "dbt", "dbt_version": "1.11.12", "profile_name": "edinet_growth_analysis", "target_name": "dev", "connection_name": "list_dev_main"} */
select
      'dev' as database,
      table_name as name,
      table_schema as schema,
      CASE table_type
        WHEN 'BASE TABLE' THEN 'table'
        WHEN 'VIEW' THEN 'view'
        WHEN 'LOCAL TEMPORARY' THEN 'table'
        END as type
    from system.information_schema.tables
    where lower(table_schema) = 'main'
    and lower(table_catalog) = 'dev'
  
[0m15:08:42.498136 [debug] [ThreadPool]: SQL status: OK in 0.003 seconds
[0m15:08:42.499135 [debug] [ThreadPool]: On list_dev_main: ROLLBACK
[0m15:08:42.500135 [debug] [ThreadPool]: Failed to rollback 'list_dev_main'
[0m15:08:42.500135 [debug] [ThreadPool]: On list_dev_main: Close
[0m15:08:42.501135 [debug] [MainThread]: Sending event: {'category': 'dbt', 'action': 'runnable_timing', 'label': '226f4cd3-91e4-417d-838d-cf2c7f50d474', 'context': [<snowplow_tracker.self_describing_json.SelfDescribingJson object at 0x000001417FDF67E0>]}
[0m15:08:42.502136 [debug] [MainThread]: Using duckdb connection "master"
[0m15:08:42.502136 [debug] [MainThread]: On master: BEGIN
[0m15:08:42.502136 [debug] [MainThread]: Opening a new connection, currently in state init
[0m15:08:42.502136 [debug] [MainThread]: SQL status: OK in 0.000 seconds
[0m15:08:42.503139 [debug] [MainThread]: On master: COMMIT
[0m15:08:42.503139 [debug] [MainThread]: Using duckdb connection "master"
[0m15:08:42.503139 [debug] [MainThread]: On master: COMMIT
[0m15:08:42.503139 [debug] [MainThread]: SQL status: OK in 0.000 seconds
[0m15:08:42.504136 [debug] [MainThread]: On master: Close
[0m15:08:42.513111 [debug] [Thread-1 (]: Began running node model.edinet_growth_analysis.growth_rate_overEqual40
[0m15:08:42.513111 [info ] [Thread-1 (]: 1 of 1 START sql external model main.growth_rate_overEqual40 ................... [RUN]
[0m15:08:42.515111 [debug] [Thread-1 (]: Acquiring new duckdb connection 'model.edinet_growth_analysis.growth_rate_overEqual40'
[0m15:08:42.515111 [debug] [Thread-1 (]: Began compiling node model.edinet_growth_analysis.growth_rate_overEqual40
[0m15:08:42.520135 [debug] [Thread-1 (]: Writing injected SQL for node "model.edinet_growth_analysis.growth_rate_overEqual40"
[0m15:08:42.521140 [debug] [Thread-1 (]: Began executing node model.edinet_growth_analysis.growth_rate_overEqual40
[0m15:08:42.555137 [debug] [Thread-1 (]: Using duckdb connection "model.edinet_growth_analysis.growth_rate_overEqual40"
[0m15:08:42.555137 [debug] [Thread-1 (]: On model.edinet_growth_analysis.growth_rate_overEqual40: BEGIN
[0m15:08:42.555137 [debug] [Thread-1 (]: Opening a new connection, currently in state init
[0m15:08:42.556133 [debug] [Thread-1 (]: SQL status: OK in 0.001 seconds
[0m15:08:42.556133 [debug] [Thread-1 (]: Using duckdb connection "model.edinet_growth_analysis.growth_rate_overEqual40"
[0m15:08:42.557130 [debug] [Thread-1 (]: On model.edinet_growth_analysis.growth_rate_overEqual40: /* {"app": "dbt", "dbt_version": "1.11.12", "profile_name": "edinet_growth_analysis", "target_name": "dev", "node_id": "model.edinet_growth_analysis.growth_rate_overEqual40"} */

  
    
    

    create  table
      "dev"."main"."growth_rate_overEqual40__dbt_tmp"
  
    as (
      

WITH clients AS (
    PIVOT "dev"."main"."net_value_clients"
    ON relative_year
    USING first(net_sales_yen)
),
clients_growth_rate AS (
    SELECT company, ROUND((((CurrentYear/Prior4Year)-1)*100), 2) as growth_rate_2022to2026 
    FROM clients
    WHERE growth_rate_2022to2026 >= 40
)
SELECT * FROM clients_growth_rate
    );
  
  
[0m15:08:42.570096 [debug] [Thread-1 (]: SQL status: OK in 0.013 seconds
[0m15:08:42.571134 [debug] [Thread-1 (]: Using duckdb connection "model.edinet_growth_analysis.growth_rate_overEqual40"
[0m15:08:42.571134 [debug] [Thread-1 (]: On model.edinet_growth_analysis.growth_rate_overEqual40: /* {"app": "dbt", "dbt_version": "1.11.12", "profile_name": "edinet_growth_analysis", "target_name": "dev", "node_id": "model.edinet_growth_analysis.growth_rate_overEqual40"} */

    select count(*) as row_count from "dev"."main"."growth_rate_overEqual40__dbt_tmp"
  
[0m15:08:42.572110 [debug] [Thread-1 (]: SQL status: OK in 0.000 seconds
[0m15:08:42.573135 [debug] [Thread-1 (]: Writing runtime sql for node "model.edinet_growth_analysis.growth_rate_overEqual40"
[0m15:08:42.573135 [debug] [Thread-1 (]: Using duckdb connection "model.edinet_growth_analysis.growth_rate_overEqual40"
[0m15:08:42.574133 [debug] [Thread-1 (]: On model.edinet_growth_analysis.growth_rate_overEqual40: /* {"app": "dbt", "dbt_version": "1.11.12", "profile_name": "edinet_growth_analysis", "target_name": "dev", "node_id": "model.edinet_growth_analysis.growth_rate_overEqual40"} */

[0m15:08:42.574133 [debug] [Thread-1 (]: SQL status: OK in 0.000 seconds
[0m15:08:42.576133 [debug] [Thread-1 (]: Using duckdb connection "model.edinet_growth_analysis.growth_rate_overEqual40"
[0m15:08:42.576133 [debug] [Thread-1 (]: On model.edinet_growth_analysis.growth_rate_overEqual40: /* {"app": "dbt", "dbt_version": "1.11.12", "profile_name": "edinet_growth_analysis", "target_name": "dev", "node_id": "model.edinet_growth_analysis.growth_rate_overEqual40"} */
copy "dev"."main"."growth_rate_overEqual40__dbt_tmp" to './output/growth_rate_overEqual40.csv' (format csv, header 1)
[0m15:08:42.578135 [debug] [Thread-1 (]: SQL status: OK in 0.002 seconds
[0m15:08:42.579099 [debug] [Thread-1 (]: Writing runtime sql for node "model.edinet_growth_analysis.growth_rate_overEqual40"
[0m15:08:42.580104 [debug] [Thread-1 (]: Using duckdb connection "model.edinet_growth_analysis.growth_rate_overEqual40"
[0m15:08:42.580104 [debug] [Thread-1 (]: On model.edinet_growth_analysis.growth_rate_overEqual40: /* {"app": "dbt", "dbt_version": "1.11.12", "profile_name": "edinet_growth_analysis", "target_name": "dev", "node_id": "model.edinet_growth_analysis.growth_rate_overEqual40"} */

    create or replace view "dev"."main"."growth_rate_overEqual40__dbt_int" as (
      select * from read_csv('./output/growth_rate_overEqual40.csv', auto_detect=True)
      -- if relation is empty, filter by all columns having null values
      
    );
    
[0m15:08:42.584134 [debug] [Thread-1 (]: SQL status: OK in 0.004 seconds
[0m15:08:42.588132 [debug] [Thread-1 (]: Using duckdb connection "model.edinet_growth_analysis.growth_rate_overEqual40"
[0m15:08:42.588132 [debug] [Thread-1 (]: On model.edinet_growth_analysis.growth_rate_overEqual40: /* {"app": "dbt", "dbt_version": "1.11.12", "profile_name": "edinet_growth_analysis", "target_name": "dev", "node_id": "model.edinet_growth_analysis.growth_rate_overEqual40"} */
alter view "dev"."main"."growth_rate_overEqual40" rename to "growth_rate_overEqual40__dbt_backup"
[0m15:08:42.589133 [debug] [Thread-1 (]: SQL status: OK in 0.000 seconds
[0m15:08:42.591132 [debug] [Thread-1 (]: Using duckdb connection "model.edinet_growth_analysis.growth_rate_overEqual40"
[0m15:08:42.591132 [debug] [Thread-1 (]: On model.edinet_growth_analysis.growth_rate_overEqual40: /* {"app": "dbt", "dbt_version": "1.11.12", "profile_name": "edinet_growth_analysis", "target_name": "dev", "node_id": "model.edinet_growth_analysis.growth_rate_overEqual40"} */
alter view "dev"."main"."growth_rate_overEqual40__dbt_int" rename to "growth_rate_overEqual40"
[0m15:08:42.592130 [debug] [Thread-1 (]: SQL status: OK in 0.000 seconds
[0m15:08:42.600132 [debug] [Thread-1 (]: On model.edinet_growth_analysis.growth_rate_overEqual40: COMMIT
[0m15:08:42.600132 [debug] [Thread-1 (]: Using duckdb connection "model.edinet_growth_analysis.growth_rate_overEqual40"
[0m15:08:42.601132 [debug] [Thread-1 (]: On model.edinet_growth_analysis.growth_rate_overEqual40: COMMIT
[0m15:08:43.224059 [debug] [Thread-1 (]: SQL status: OK in 0.623 seconds
[0m15:08:43.228051 [debug] [Thread-1 (]: Using duckdb connection "model.edinet_growth_analysis.growth_rate_overEqual40"
[0m15:08:43.228051 [debug] [Thread-1 (]: On model.edinet_growth_analysis.growth_rate_overEqual40: /* {"app": "dbt", "dbt_version": "1.11.12", "profile_name": "edinet_growth_analysis", "target_name": "dev", "node_id": "model.edinet_growth_analysis.growth_rate_overEqual40"} */

      drop view if exists "dev"."main"."growth_rate_overEqual40__dbt_backup" cascade
    
[0m15:08:43.562115 [debug] [Thread-1 (]: SQL status: OK in 0.334 seconds
[0m15:08:43.564053 [debug] [Thread-1 (]: Using duckdb connection "model.edinet_growth_analysis.growth_rate_overEqual40"
[0m15:08:43.565058 [debug] [Thread-1 (]: On model.edinet_growth_analysis.growth_rate_overEqual40: /* {"app": "dbt", "dbt_version": "1.11.12", "profile_name": "edinet_growth_analysis", "target_name": "dev", "node_id": "model.edinet_growth_analysis.growth_rate_overEqual40"} */

      drop table if exists "dev"."main"."growth_rate_overEqual40__dbt_tmp" cascade
    
[0m15:08:43.568094 [debug] [Thread-1 (]: SQL status: OK in 0.003 seconds
[0m15:08:43.570054 [debug] [Thread-1 (]: On model.edinet_growth_analysis.growth_rate_overEqual40: Close
[0m15:08:43.571035 [debug] [Thread-1 (]: Sending event: {'category': 'dbt', 'action': 'run_model', 'label': '226f4cd3-91e4-417d-838d-cf2c7f50d474', 'context': [<snowplow_tracker.self_describing_json.SelfDescribingJson object at 0x000001410402BAD0>]}
[0m15:08:43.572003 [info ] [Thread-1 (]: 1 of 1 OK created sql external model main.growth_rate_overEqual40 .............. [[32mOK[0m in 1.05s]
[0m15:08:43.573115 [debug] [Thread-1 (]: Finished running node model.edinet_growth_analysis.growth_rate_overEqual40
[0m15:08:43.574078 [debug] [MainThread]: Using duckdb connection "master"
[0m15:08:43.575006 [debug] [MainThread]: On master: BEGIN
[0m15:08:43.575006 [debug] [MainThread]: Opening a new connection, currently in state closed
[0m15:08:43.575006 [debug] [MainThread]: SQL status: OK in 0.001 seconds
[0m15:08:43.576105 [debug] [MainThread]: On master: COMMIT
[0m15:08:43.576105 [debug] [MainThread]: Using duckdb connection "master"
[0m15:08:43.576105 [debug] [MainThread]: On master: COMMIT
[0m15:08:43.577004 [debug] [MainThread]: SQL status: OK in 0.000 seconds
[0m15:08:43.577004 [debug] [MainThread]: On master: Close
[0m15:08:43.577004 [debug] [MainThread]: Connection 'master' was properly closed.
[0m15:08:43.578073 [debug] [MainThread]: Connection 'create_dev_main' was properly closed.
[0m15:08:43.578073 [debug] [MainThread]: Connection 'list_dev_main' was properly closed.
[0m15:08:43.578073 [debug] [MainThread]: Connection 'model.edinet_growth_analysis.growth_rate_overEqual40' was properly closed.
[0m15:08:43.578073 [info ] [MainThread]: 
[0m15:08:43.581077 [info ] [MainThread]: Finished running 1 external model in 0 hours 0 minutes and 1.16 seconds (1.16s).
[0m15:08:43.584173 [debug] [MainThread]: Command end result
[0m15:08:43.632046 [debug] [MainThread]: Wrote artifact WritableManifest to C:\Users\nekoa\project_2026\kayleet_scherbel_project_2026\edinet_growth_analysis\target\manifest.json
[0m15:08:43.633002 [debug] [MainThread]: Wrote artifact SemanticManifest to C:\Users\nekoa\project_2026\kayleet_scherbel_project_2026\edinet_growth_analysis\target\semantic_manifest.json
[0m15:08:43.637000 [debug] [MainThread]: Wrote artifact RunExecutionResult to C:\Users\nekoa\project_2026\kayleet_scherbel_project_2026\edinet_growth_analysis\target\run_results.json
[0m15:08:43.637000 [info ] [MainThread]: 
[0m15:08:43.641125 [info ] [MainThread]: [32mCompleted successfully[0m
[0m15:08:43.643163 [info ] [MainThread]: 
[0m15:08:43.645114 [info ] [MainThread]: Done. PASS=1 WARN=0 ERROR=0 SKIP=0 NO-OP=0 TOTAL=1
[0m15:08:43.647067 [debug] [MainThread]: Command `dbt run` succeeded at 15:08:43.647067 after 1.85 seconds
[0m15:08:43.647067 [debug] [MainThread]: Sending event: {'category': 'dbt', 'action': 'invocation', 'label': 'end', 'context': [<snowplow_tracker.self_describing_json.SelfDescribingJson object at 0x00000141017AE6C0>, <snowplow_tracker.self_describing_json.SelfDescribingJson object at 0x000001417F3A54F0>, <snowplow_tracker.self_describing_json.SelfDescribingJson object at 0x000001417FE2E660>]}
[0m15:08:43.648085 [debug] [MainThread]: Flushing usage events
[0m15:08:44.700069 [debug] [MainThread]: An error was encountered while trying to flush usage events
[0m15:09:58.573595 [debug] [MainThread]: Sending event: {'category': 'dbt', 'action': 'invocation', 'label': 'start', 'context': [<snowplow_tracker.self_describing_json.SelfDescribingJson object at 0x000002763B3D8FB0>, <snowplow_tracker.self_describing_json.SelfDescribingJson object at 0x000002763BE62B10>, <snowplow_tracker.self_describing_json.SelfDescribingJson object at 0x000002763BE61430>]}


============================== 15:09:58.575600 | 7ac4b32e-132a-41a6-8146-4144b1ff20fb ==============================
[0m15:09:58.575600 [info ] [MainThread]: Running with dbt=1.11.12
[0m15:09:58.576600 [debug] [MainThread]: running dbt with arguments {'static_parser': 'True', 'no_print': 'None', 'version_check': 'True', 'target_path': 'None', 'warn_error_options': 'WarnErrorOptionsV2(error=[], warn=[], silence=[])', 'printer_width': '80', 'write_json': 'True', 'introspect': 'True', 'log_cache_events': 'False', 'empty': 'None', 'cache_selected_only': 'False', 'fail_fast': 'False', 'debug': 'False', 'log_format': 'default', 'partial_parse': 'True', 'send_anonymous_usage_stats': 'True', 'quiet': 'False', 'warn_error': 'None', 'profiles_dir': 'C:\\Users\\nekoa\\.dbt', 'invocation_command': 'dbt clean', 'indirect_selection': 'eager', 'use_colors': 'True', 'use_experimental_parser': 'False', 'log_path': 'C:\\Users\\nekoa\\project_2026\\kayleet_scherbel_project_2026\\edinet_growth_analysis\\logs'}
[0m15:09:58.578603 [warn ] [MainThread]: [[33mWARNING[0m][CustomKeyInConfigDeprecation]: Deprecated functionality
Custom key `edinet_growth_analysis` found in `config` at path
`edinet_growth_analysis` in file `C:\Users\nekoa\project_2026\kayleet_scherbel_p
roject_2026\edinet_growth_analysis\dbt_project.yml`. Custom config keys should
move into the `config.meta`.
[0m15:09:58.579599 [debug] [MainThread]: Sending event: {'category': 'dbt', 'action': 'deprecation', 'label': '7ac4b32e-132a-41a6-8146-4144b1ff20fb', 'property_': 'warn', 'context': [<snowplow_tracker.self_describing_json.SelfDescribingJson object at 0x000002763B95C2F0>]}
[0m15:09:58.659444 [debug] [MainThread]: Sending event: {'category': 'dbt', 'action': 'project_id', 'label': '7ac4b32e-132a-41a6-8146-4144b1ff20fb', 'context': [<snowplow_tracker.self_describing_json.SelfDescribingJson object at 0x000002763BF30530>]}
[0m15:09:58.674774 [warn ] [MainThread]: [[33mWARNING[0m][DeprecationsSummary]: Deprecated functionality
Summary of encountered deprecations:
- CustomKeyInConfigDeprecation: 2 occurrences
To see all deprecation instances instead of just the first occurrence of each,
run command again with the `--show-all-deprecations` flag. You may also need to
run with `--no-partial-parse` as some deprecations are only encountered during
parsing.
[0m15:09:58.674774 [debug] [MainThread]: Command `dbt clean` succeeded at 15:09:58.674774 after 0.20 seconds
[0m15:09:58.676199 [debug] [MainThread]: Sending event: {'category': 'dbt', 'action': 'invocation', 'label': 'end', 'context': [<snowplow_tracker.self_describing_json.SelfDescribingJson object at 0x000002763B7BA540>, <snowplow_tracker.self_describing_json.SelfDescribingJson object at 0x000002763B7BA4E0>, <snowplow_tracker.self_describing_json.SelfDescribingJson object at 0x000002763B1C7260>]}
[0m15:09:58.676199 [debug] [MainThread]: Flushing usage events
[0m15:09:59.747493 [debug] [MainThread]: An error was encountered while trying to flush usage events
[0m15:10:03.640320 [debug] [MainThread]: Sending event: {'category': 'dbt', 'action': 'invocation', 'label': 'start', 'context': [<snowplow_tracker.self_describing_json.SelfDescribingJson object at 0x0000022E42ED9370>, <snowplow_tracker.self_describing_json.SelfDescribingJson object at 0x0000022E4384EA20>, <snowplow_tracker.self_describing_json.SelfDescribingJson object at 0x0000022E4378D3A0>]}


============================== 15:10:03.643318 | 8ddd4df9-f63e-4670-af22-8552740eda53 ==============================
[0m15:10:03.643318 [info ] [MainThread]: Running with dbt=1.11.12
[0m15:10:03.645371 [debug] [MainThread]: running dbt with arguments {'static_parser': 'True', 'no_print': 'None', 'version_check': 'True', 'warn_error_options': 'WarnErrorOptionsV2(error=[], warn=[], silence=[])', 'target_path': 'None', 'printer_width': '80', 'write_json': 'True', 'introspect': 'True', 'log_cache_events': 'False', 'empty': 'None', 'cache_selected_only': 'False', 'fail_fast': 'False', 'debug': 'False', 'log_format': 'default', 'profiles_dir': 'C:\\Users\\nekoa\\.dbt', 'send_anonymous_usage_stats': 'True', 'quiet': 'False', 'warn_error': 'None', 'partial_parse': 'True', 'indirect_selection': 'eager', 'use_colors': 'True', 'invocation_command': 'dbt seed', 'use_experimental_parser': 'False', 'log_path': 'C:\\Users\\nekoa\\project_2026\\kayleet_scherbel_project_2026\\edinet_growth_analysis\\logs'}
[0m15:10:03.796313 [debug] [MainThread]: Sending event: {'category': 'dbt', 'action': 'project_id', 'label': '8ddd4df9-f63e-4670-af22-8552740eda53', 'context': [<snowplow_tracker.self_describing_json.SelfDescribingJson object at 0x0000022E43312540>]}
[0m15:10:03.845684 [debug] [MainThread]: Sending event: {'category': 'dbt', 'action': 'adapter_info', 'label': '8ddd4df9-f63e-4670-af22-8552740eda53', 'context': [<snowplow_tracker.self_describing_json.SelfDescribingJson object at 0x0000022E43A59EB0>]}
[0m15:10:03.847686 [info ] [MainThread]: Registered adapter: duckdb=1.10.1
[0m15:10:04.011717 [debug] [MainThread]: checksum: f368f5348cf42803b94ef7fb8257ecf3bf9a9a16dd9c8c51fe5172f2dbeb457f, vars: {}, profile: , target: , version: 1.11.12
[0m15:10:04.011717 [info ] [MainThread]: Unable to do partial parsing because saved manifest not found. Starting full parse.
[0m15:10:04.013702 [debug] [MainThread]: Sending event: {'category': 'dbt', 'action': 'partial_parser', 'label': '8ddd4df9-f63e-4670-af22-8552740eda53', 'context': [<snowplow_tracker.self_describing_json.SelfDescribingJson object at 0x0000022E452AE660>]}
[0m15:10:04.764221 [warn ] [MainThread]: [[33mWARNING[0m]: Did not find matching node for patch with name 'my_first_dbt_model' in the 'models' section of file 'models\schema.yml'
[0m15:10:04.766232 [warn ] [MainThread]: [[33mWARNING[0m]: Did not find matching node for patch with name 'my_second_dbt_model' in the 'models' section of file 'models\schema.yml'
[0m15:10:04.769185 [warn ] [MainThread]: [[33mWARNING[0m]: Did not find matching node for patch with name 'growth_rate_overEqual40_model' in the 'models' section of file 'models\schema.yml'
[0m15:10:04.838181 [warn ] [MainThread]: [[33mWARNING[0m]: Test 'test.edinet_growth_analysis.unique_my_first_dbt_model_id.16e066b321' (models\schema.yml) depends on a node named 'my_first_dbt_model' in package '' which was not found
[0m15:10:04.839181 [warn ] [MainThread]: [[33mWARNING[0m]: Test 'test.edinet_growth_analysis.not_null_my_first_dbt_model_id.5fb22c2710' (models\schema.yml) depends on a node named 'my_first_dbt_model' in package '' which was not found
[0m15:10:04.839181 [warn ] [MainThread]: [[33mWARNING[0m]: Test 'test.edinet_growth_analysis.unique_my_second_dbt_model_id.57a0f8c493' (models\schema.yml) depends on a node named 'my_second_dbt_model' in package '' which was not found
[0m15:10:04.840182 [warn ] [MainThread]: [[33mWARNING[0m]: Test 'test.edinet_growth_analysis.not_null_my_second_dbt_model_id.151b76d778' (models\schema.yml) depends on a node named 'my_second_dbt_model' in package '' which was not found
[0m15:10:04.840182 [warn ] [MainThread]: [[33mWARNING[0m]: Test 'test.edinet_growth_analysis.unique_growth_rate_overEqual40_model_company.1402e98093' (models\schema.yml) depends on a node named 'growth_rate_overEqual40_model' in package '' which was not found
[0m15:10:04.840182 [warn ] [MainThread]: [[33mWARNING[0m]: Test 'test.edinet_growth_analysis.not_null_growth_rate_overEqual40_model_company.494ba846e1' (models\schema.yml) depends on a node named 'growth_rate_overEqual40_model' in package '' which was not found
[0m15:10:04.891179 [debug] [MainThread]: Sending event: {'category': 'dbt', 'action': 'load_project', 'label': '8ddd4df9-f63e-4670-af22-8552740eda53', 'context': [<snowplow_tracker.self_describing_json.SelfDescribingJson object at 0x0000022E45BF4C20>]}
[0m15:10:04.941177 [debug] [MainThread]: Wrote artifact WritableManifest to C:\Users\nekoa\project_2026\kayleet_scherbel_project_2026\edinet_growth_analysis\target\manifest.json
[0m15:10:04.945180 [debug] [MainThread]: Wrote artifact SemanticManifest to C:\Users\nekoa\project_2026\kayleet_scherbel_project_2026\edinet_growth_analysis\target\semantic_manifest.json
[0m15:10:04.952180 [debug] [MainThread]: Sending event: {'category': 'dbt', 'action': 'resource_counts', 'label': '8ddd4df9-f63e-4670-af22-8552740eda53', 'context': [<snowplow_tracker.self_describing_json.SelfDescribingJson object at 0x0000022E45FE5670>]}
[0m15:10:04.952180 [info ] [MainThread]: Found 1 model, 1 seed, 485 macros
[0m15:10:04.953227 [debug] [MainThread]: Sending event: {'category': 'dbt', 'action': 'runnable_timing', 'label': '8ddd4df9-f63e-4670-af22-8552740eda53', 'context': [<snowplow_tracker.self_describing_json.SelfDescribingJson object at 0x0000022E457EBFE0>]}
[0m15:10:04.954180 [info ] [MainThread]: 
[0m15:10:04.955179 [info ] [MainThread]: Concurrency: 1 threads (target='dev')
[0m15:10:04.957179 [info ] [MainThread]: 
[0m15:10:04.958181 [debug] [MainThread]: Acquiring new duckdb connection 'master'
[0m15:10:04.959181 [debug] [ThreadPool]: Acquiring new duckdb connection 'list_dev'
[0m15:10:04.999177 [debug] [ThreadPool]: Using duckdb connection "list_dev"
[0m15:10:04.999177 [debug] [ThreadPool]: On list_dev: /* {"app": "dbt", "dbt_version": "1.11.12", "profile_name": "edinet_growth_analysis", "target_name": "dev", "connection_name": "list_dev"} */

    
    select schema_name
    from system.information_schema.schemata
    
    where lower(catalog_name) = '"dev"'
    
  
  
[0m15:10:04.999177 [debug] [ThreadPool]: Opening a new connection, currently in state init
[0m15:10:05.011177 [debug] [ThreadPool]: SQL status: OK in 0.011 seconds
[0m15:10:05.012178 [debug] [ThreadPool]: On list_dev: Close
[0m15:10:05.012178 [debug] [ThreadPool]: Re-using an available connection from the pool (formerly list_dev, now create_dev_main)
[0m15:10:05.013180 [debug] [ThreadPool]: Creating schema "database: "dev"
schema: "main"
"
[0m15:10:05.017211 [debug] [ThreadPool]: Using duckdb connection "create_dev_main"
[0m15:10:05.017211 [debug] [ThreadPool]: On create_dev_main: /* {"app": "dbt", "dbt_version": "1.11.12", "profile_name": "edinet_growth_analysis", "target_name": "dev", "connection_name": "create_dev_main"} */

    
        select type from duckdb_databases()
        where lower(database_name)='dev'
        and type='sqlite'
    
  
[0m15:10:05.017211 [debug] [ThreadPool]: Opening a new connection, currently in state closed
[0m15:10:05.018178 [debug] [ThreadPool]: SQL status: OK in 0.001 seconds
[0m15:10:05.019176 [debug] [ThreadPool]: Using duckdb connection "create_dev_main"
[0m15:10:05.019176 [debug] [ThreadPool]: On create_dev_main: BEGIN
[0m15:10:05.020177 [debug] [ThreadPool]: SQL status: OK in 0.000 seconds
[0m15:10:05.020177 [debug] [ThreadPool]: Using duckdb connection "create_dev_main"
[0m15:10:05.020177 [debug] [ThreadPool]: On create_dev_main: /* {"app": "dbt", "dbt_version": "1.11.12", "profile_name": "edinet_growth_analysis", "target_name": "dev", "connection_name": "create_dev_main"} */

    
    
        create schema if not exists "dev"."main"
    
[0m15:10:05.021176 [debug] [ThreadPool]: SQL status: OK in 0.000 seconds
[0m15:10:05.021176 [debug] [ThreadPool]: On create_dev_main: COMMIT
[0m15:10:05.021176 [debug] [ThreadPool]: Using duckdb connection "create_dev_main"
[0m15:10:05.022176 [debug] [ThreadPool]: On create_dev_main: COMMIT
[0m15:10:05.022176 [debug] [ThreadPool]: SQL status: OK in 0.000 seconds
[0m15:10:05.022176 [debug] [ThreadPool]: On create_dev_main: Close
[0m15:10:05.026177 [debug] [ThreadPool]: Acquiring new duckdb connection 'list_dev_main'
[0m15:10:05.029175 [debug] [ThreadPool]: Using duckdb connection "list_dev_main"
[0m15:10:05.029175 [debug] [ThreadPool]: On list_dev_main: BEGIN
[0m15:10:05.030177 [debug] [ThreadPool]: Opening a new connection, currently in state init
[0m15:10:05.030177 [debug] [ThreadPool]: SQL status: OK in 0.000 seconds
[0m15:10:05.030177 [debug] [ThreadPool]: Using duckdb connection "list_dev_main"
[0m15:10:05.031180 [debug] [ThreadPool]: On list_dev_main: /* {"app": "dbt", "dbt_version": "1.11.12", "profile_name": "edinet_growth_analysis", "target_name": "dev", "connection_name": "list_dev_main"} */
select
      'dev' as database,
      table_name as name,
      table_schema as schema,
      CASE table_type
        WHEN 'BASE TABLE' THEN 'table'
        WHEN 'VIEW' THEN 'view'
        WHEN 'LOCAL TEMPORARY' THEN 'table'
        END as type
    from system.information_schema.tables
    where lower(table_schema) = 'main'
    and lower(table_catalog) = 'dev'
  
[0m15:10:05.033178 [debug] [ThreadPool]: SQL status: OK in 0.002 seconds
[0m15:10:05.034177 [debug] [ThreadPool]: On list_dev_main: ROLLBACK
[0m15:10:05.035176 [debug] [ThreadPool]: Failed to rollback 'list_dev_main'
[0m15:10:05.036176 [debug] [ThreadPool]: On list_dev_main: Close
[0m15:10:05.037183 [debug] [MainThread]: Sending event: {'category': 'dbt', 'action': 'runnable_timing', 'label': '8ddd4df9-f63e-4670-af22-8552740eda53', 'context': [<snowplow_tracker.self_describing_json.SelfDescribingJson object at 0x0000022E45FE7650>]}
[0m15:10:05.037183 [debug] [MainThread]: Using duckdb connection "master"
[0m15:10:05.037183 [debug] [MainThread]: On master: BEGIN
[0m15:10:05.038175 [debug] [MainThread]: Opening a new connection, currently in state init
[0m15:10:05.038175 [debug] [MainThread]: SQL status: OK in 0.000 seconds
[0m15:10:05.038175 [debug] [MainThread]: On master: COMMIT
[0m15:10:05.038175 [debug] [MainThread]: Using duckdb connection "master"
[0m15:10:05.039176 [debug] [MainThread]: On master: COMMIT
[0m15:10:05.039176 [debug] [MainThread]: SQL status: OK in 0.000 seconds
[0m15:10:05.039176 [debug] [MainThread]: On master: Close
[0m15:10:05.045586 [debug] [Thread-1 (]: Began running node seed.edinet_growth_analysis.net_value_clients
[0m15:10:05.045586 [info ] [Thread-1 (]: 1 of 1 START seed file main.net_value_clients .................................. [RUN]
[0m15:10:05.046591 [debug] [Thread-1 (]: Acquiring new duckdb connection 'seed.edinet_growth_analysis.net_value_clients'
[0m15:10:05.046591 [debug] [Thread-1 (]: Began compiling node seed.edinet_growth_analysis.net_value_clients
[0m15:10:05.046591 [debug] [Thread-1 (]: Began executing node seed.edinet_growth_analysis.net_value_clients
[0m15:10:05.063591 [debug] [Thread-1 (]: Using duckdb connection "seed.edinet_growth_analysis.net_value_clients"
[0m15:10:05.063591 [debug] [Thread-1 (]: On seed.edinet_growth_analysis.net_value_clients: BEGIN
[0m15:10:05.063591 [debug] [Thread-1 (]: Opening a new connection, currently in state init
[0m15:10:05.064591 [debug] [Thread-1 (]: SQL status: OK in 0.001 seconds
[0m15:10:05.064591 [debug] [Thread-1 (]: Using duckdb connection "seed.edinet_growth_analysis.net_value_clients"
[0m15:10:05.064591 [debug] [Thread-1 (]: On seed.edinet_growth_analysis.net_value_clients: /* {"app": "dbt", "dbt_version": "1.11.12", "profile_name": "edinet_growth_analysis", "target_name": "dev", "node_id": "seed.edinet_growth_analysis.net_value_clients"} */
truncate table "dev"."main"."net_value_clients"
[0m15:10:05.065591 [debug] [Thread-1 (]: SQL status: OK in 0.000 seconds
[0m15:10:05.071590 [debug] [Thread-1 (]: Using duckdb connection "seed.edinet_growth_analysis.net_value_clients"
[0m15:10:05.072591 [debug] [Thread-1 (]: On seed.edinet_growth_analysis.net_value_clients: 
          COPY "dev"."main"."net_value_clients" FROM 'C:\Users\nekoa\project_2026\kayleet_scherbel_project_2026\edinet_growth_analysis\seeds\net_value_clients.csv' (FORMAT CSV, HEADER TRUE, DELIMITER ',')
        ...
[0m15:10:05.075589 [debug] [Thread-1 (]: SQL status: OK in 0.003 seconds
[0m15:10:05.079625 [debug] [Thread-1 (]: Writing runtime SQL for node "seed.edinet_growth_analysis.net_value_clients"
[0m15:10:05.087590 [debug] [Thread-1 (]: On seed.edinet_growth_analysis.net_value_clients: COMMIT
[0m15:10:05.087590 [debug] [Thread-1 (]: Using duckdb connection "seed.edinet_growth_analysis.net_value_clients"
[0m15:10:05.087590 [debug] [Thread-1 (]: On seed.edinet_growth_analysis.net_value_clients: COMMIT
[0m15:10:05.091630 [debug] [Thread-1 (]: SQL status: OK in 0.003 seconds
[0m15:10:05.092627 [debug] [Thread-1 (]: On seed.edinet_growth_analysis.net_value_clients: Close
[0m15:10:05.093629 [debug] [Thread-1 (]: Sending event: {'category': 'dbt', 'action': 'run_model', 'label': '8ddd4df9-f63e-4670-af22-8552740eda53', 'context': [<snowplow_tracker.self_describing_json.SelfDescribingJson object at 0x0000022E432DD910>]}
[0m15:10:05.094624 [info ] [Thread-1 (]: 1 of 1 OK loaded seed file main.net_value_clients .............................. [[32mINSERT 45[0m in 0.05s]
[0m15:10:05.095590 [debug] [Thread-1 (]: Finished running node seed.edinet_growth_analysis.net_value_clients
[0m15:10:05.096590 [debug] [MainThread]: Using duckdb connection "master"
[0m15:10:05.096590 [debug] [MainThread]: On master: BEGIN
[0m15:10:05.096590 [debug] [MainThread]: Opening a new connection, currently in state closed
[0m15:10:05.097589 [debug] [MainThread]: SQL status: OK in 0.000 seconds
[0m15:10:05.097589 [debug] [MainThread]: On master: COMMIT
[0m15:10:05.097589 [debug] [MainThread]: Using duckdb connection "master"
[0m15:10:05.097589 [debug] [MainThread]: On master: COMMIT
[0m15:10:05.098589 [debug] [MainThread]: SQL status: OK in 0.000 seconds
[0m15:10:05.098589 [debug] [MainThread]: On master: Close
[0m15:10:05.098589 [debug] [MainThread]: Connection 'master' was properly closed.
[0m15:10:05.098589 [debug] [MainThread]: Connection 'create_dev_main' was properly closed.
[0m15:10:05.099590 [debug] [MainThread]: Connection 'list_dev_main' was properly closed.
[0m15:10:05.099590 [debug] [MainThread]: Connection 'seed.edinet_growth_analysis.net_value_clients' was properly closed.
[0m15:10:05.099590 [info ] [MainThread]: 
[0m15:10:05.100589 [info ] [MainThread]: Finished running 1 seed in 0 hours 0 minutes and 0.14 seconds (0.14s).
[0m15:10:05.100589 [debug] [MainThread]: Command end result
[0m15:10:05.117588 [debug] [MainThread]: Wrote artifact WritableManifest to C:\Users\nekoa\project_2026\kayleet_scherbel_project_2026\edinet_growth_analysis\target\manifest.json
[0m15:10:05.118589 [debug] [MainThread]: Wrote artifact SemanticManifest to C:\Users\nekoa\project_2026\kayleet_scherbel_project_2026\edinet_growth_analysis\target\semantic_manifest.json
[0m15:10:05.122588 [debug] [MainThread]: Wrote artifact RunExecutionResult to C:\Users\nekoa\project_2026\kayleet_scherbel_project_2026\edinet_growth_analysis\target\run_results.json
[0m15:10:05.123588 [info ] [MainThread]: 
[0m15:10:05.123588 [info ] [MainThread]: [32mCompleted successfully[0m
[0m15:10:05.124588 [info ] [MainThread]: 
[0m15:10:05.125588 [info ] [MainThread]: Done. PASS=1 WARN=0 ERROR=0 SKIP=0 NO-OP=0 TOTAL=1
[0m15:10:05.126588 [debug] [MainThread]: Command `dbt seed` succeeded at 15:10:05.126588 after 1.60 seconds
[0m15:10:05.126588 [debug] [MainThread]: Sending event: {'category': 'dbt', 'action': 'invocation', 'label': 'end', 'context': [<snowplow_tracker.self_describing_json.SelfDescribingJson object at 0x0000022E40395E50>, <snowplow_tracker.self_describing_json.SelfDescribingJson object at 0x0000022E40EA0620>, <snowplow_tracker.self_describing_json.SelfDescribingJson object at 0x0000022E45FB8140>]}
[0m15:10:05.127587 [debug] [MainThread]: Flushing usage events
[0m15:10:06.157560 [debug] [MainThread]: An error was encountered while trying to flush usage events
[0m15:10:39.984383 [debug] [MainThread]: Sending event: {'category': 'dbt', 'action': 'invocation', 'label': 'start', 'context': [<snowplow_tracker.self_describing_json.SelfDescribingJson object at 0x00000163B3603140>, <snowplow_tracker.self_describing_json.SelfDescribingJson object at 0x00000163B13206B0>, <snowplow_tracker.self_describing_json.SelfDescribingJson object at 0x00000163B1322AE0>]}


============================== 15:10:39.987422 | 1cc77e8e-79d4-4dc4-98db-e853b8bb8a40 ==============================
[0m15:10:39.987422 [info ] [MainThread]: Running with dbt=1.11.12
[0m15:10:39.988427 [debug] [MainThread]: running dbt with arguments {'version_check': 'True', 'no_print': 'None', 'static_parser': 'True', 'target_path': 'None', 'warn_error_options': 'WarnErrorOptionsV2(error=[], warn=[], silence=[])', 'printer_width': '80', 'write_json': 'True', 'empty': 'False', 'log_cache_events': 'False', 'introspect': 'True', 'cache_selected_only': 'False', 'fail_fast': 'False', 'debug': 'False', 'log_format': 'default', 'profiles_dir': 'C:\\Users\\nekoa\\.dbt', 'send_anonymous_usage_stats': 'True', 'quiet': 'False', 'warn_error': 'None', 'partial_parse': 'True', 'indirect_selection': 'eager', 'invocation_command': 'dbt run', 'use_colors': 'True', 'use_experimental_parser': 'False', 'log_path': 'C:\\Users\\nekoa\\project_2026\\kayleet_scherbel_project_2026\\edinet_growth_analysis\\logs'}
[0m15:10:40.141661 [debug] [MainThread]: Sending event: {'category': 'dbt', 'action': 'project_id', 'label': '1cc77e8e-79d4-4dc4-98db-e853b8bb8a40', 'context': [<snowplow_tracker.self_describing_json.SelfDescribingJson object at 0x00000163B4C28950>]}
[0m15:10:40.183655 [debug] [MainThread]: Sending event: {'category': 'dbt', 'action': 'adapter_info', 'label': '1cc77e8e-79d4-4dc4-98db-e853b8bb8a40', 'context': [<snowplow_tracker.self_describing_json.SelfDescribingJson object at 0x00000163B09CEE70>]}
[0m15:10:40.185697 [info ] [MainThread]: Registered adapter: duckdb=1.10.1
[0m15:10:40.338652 [debug] [MainThread]: checksum: f368f5348cf42803b94ef7fb8257ecf3bf9a9a16dd9c8c51fe5172f2dbeb457f, vars: {}, profile: , target: , version: 1.11.12
[0m15:10:40.419687 [debug] [MainThread]: Partial parsing enabled: 0 files deleted, 0 files added, 0 files changed.
[0m15:10:40.420654 [debug] [MainThread]: Nothing changed, skipping partial parsing.
[0m15:10:40.420654 [debug] [MainThread]: Partial parsing enabled, no changes found, skipping parsing
[0m15:10:40.447745 [debug] [MainThread]: Sending event: {'category': 'dbt', 'action': 'load_project', 'label': '1cc77e8e-79d4-4dc4-98db-e853b8bb8a40', 'context': [<snowplow_tracker.self_describing_json.SelfDescribingJson object at 0x00000163B5563110>]}
[0m15:10:40.497650 [debug] [MainThread]: Wrote artifact WritableManifest to C:\Users\nekoa\project_2026\kayleet_scherbel_project_2026\edinet_growth_analysis\target\manifest.json
[0m15:10:40.499650 [debug] [MainThread]: Wrote artifact SemanticManifest to C:\Users\nekoa\project_2026\kayleet_scherbel_project_2026\edinet_growth_analysis\target\semantic_manifest.json
[0m15:10:40.507646 [debug] [MainThread]: Sending event: {'category': 'dbt', 'action': 'resource_counts', 'label': '1cc77e8e-79d4-4dc4-98db-e853b8bb8a40', 'context': [<snowplow_tracker.self_describing_json.SelfDescribingJson object at 0x00000163B58F0C80>]}
[0m15:10:40.507646 [info ] [MainThread]: Found 1 model, 1 seed, 485 macros
[0m15:10:40.508662 [debug] [MainThread]: Sending event: {'category': 'dbt', 'action': 'runnable_timing', 'label': '1cc77e8e-79d4-4dc4-98db-e853b8bb8a40', 'context': [<snowplow_tracker.self_describing_json.SelfDescribingJson object at 0x00000163B59284A0>]}
[0m15:10:40.509650 [info ] [MainThread]: 
[0m15:10:40.510647 [info ] [MainThread]: Concurrency: 1 threads (target='dev')
[0m15:10:40.510647 [info ] [MainThread]: 
[0m15:10:40.511654 [debug] [MainThread]: Acquiring new duckdb connection 'master'
[0m15:10:40.511654 [debug] [ThreadPool]: Acquiring new duckdb connection 'list_dev'
[0m15:10:40.552893 [debug] [ThreadPool]: Using duckdb connection "list_dev"
[0m15:10:40.553896 [debug] [ThreadPool]: On list_dev: /* {"app": "dbt", "dbt_version": "1.11.12", "profile_name": "edinet_growth_analysis", "target_name": "dev", "connection_name": "list_dev"} */

    
    select schema_name
    from system.information_schema.schemata
    
    where lower(catalog_name) = '"dev"'
    
  
  
[0m15:10:40.553896 [debug] [ThreadPool]: Opening a new connection, currently in state init
[0m15:10:40.566897 [debug] [ThreadPool]: SQL status: OK in 0.013 seconds
[0m15:10:40.567897 [debug] [ThreadPool]: On list_dev: Close
[0m15:10:40.567897 [debug] [ThreadPool]: Re-using an available connection from the pool (formerly list_dev, now create_dev_main)
[0m15:10:40.568900 [debug] [ThreadPool]: Creating schema "database: "dev"
schema: "main"
"
[0m15:10:40.572894 [debug] [ThreadPool]: Using duckdb connection "create_dev_main"
[0m15:10:40.572894 [debug] [ThreadPool]: On create_dev_main: /* {"app": "dbt", "dbt_version": "1.11.12", "profile_name": "edinet_growth_analysis", "target_name": "dev", "connection_name": "create_dev_main"} */

    
        select type from duckdb_databases()
        where lower(database_name)='dev'
        and type='sqlite'
    
  
[0m15:10:40.573896 [debug] [ThreadPool]: Opening a new connection, currently in state closed
[0m15:10:40.573896 [debug] [ThreadPool]: SQL status: OK in 0.001 seconds
[0m15:10:40.574895 [debug] [ThreadPool]: Using duckdb connection "create_dev_main"
[0m15:10:40.575933 [debug] [ThreadPool]: On create_dev_main: BEGIN
[0m15:10:40.575933 [debug] [ThreadPool]: SQL status: OK in 0.000 seconds
[0m15:10:40.575933 [debug] [ThreadPool]: Using duckdb connection "create_dev_main"
[0m15:10:40.576894 [debug] [ThreadPool]: On create_dev_main: /* {"app": "dbt", "dbt_version": "1.11.12", "profile_name": "edinet_growth_analysis", "target_name": "dev", "connection_name": "create_dev_main"} */

    
    
        create schema if not exists "dev"."main"
    
[0m15:10:40.576894 [debug] [ThreadPool]: SQL status: OK in 0.000 seconds
[0m15:10:40.577894 [debug] [ThreadPool]: On create_dev_main: COMMIT
[0m15:10:40.577894 [debug] [ThreadPool]: Using duckdb connection "create_dev_main"
[0m15:10:40.577894 [debug] [ThreadPool]: On create_dev_main: COMMIT
[0m15:10:40.577894 [debug] [ThreadPool]: SQL status: OK in 0.000 seconds
[0m15:10:40.578893 [debug] [ThreadPool]: On create_dev_main: Close
[0m15:10:40.581933 [debug] [ThreadPool]: Acquiring new duckdb connection 'list_dev_main'
[0m15:10:40.584930 [debug] [ThreadPool]: Using duckdb connection "list_dev_main"
[0m15:10:40.585932 [debug] [ThreadPool]: On list_dev_main: BEGIN
[0m15:10:40.585932 [debug] [ThreadPool]: Opening a new connection, currently in state init
[0m15:10:40.586895 [debug] [ThreadPool]: SQL status: OK in 0.000 seconds
[0m15:10:40.586895 [debug] [ThreadPool]: Using duckdb connection "list_dev_main"
[0m15:10:40.586895 [debug] [ThreadPool]: On list_dev_main: /* {"app": "dbt", "dbt_version": "1.11.12", "profile_name": "edinet_growth_analysis", "target_name": "dev", "connection_name": "list_dev_main"} */
select
      'dev' as database,
      table_name as name,
      table_schema as schema,
      CASE table_type
        WHEN 'BASE TABLE' THEN 'table'
        WHEN 'VIEW' THEN 'view'
        WHEN 'LOCAL TEMPORARY' THEN 'table'
        END as type
    from system.information_schema.tables
    where lower(table_schema) = 'main'
    and lower(table_catalog) = 'dev'
  
[0m15:10:40.589929 [debug] [ThreadPool]: SQL status: OK in 0.002 seconds
[0m15:10:40.590934 [debug] [ThreadPool]: On list_dev_main: ROLLBACK
[0m15:10:40.590934 [debug] [ThreadPool]: Failed to rollback 'list_dev_main'
[0m15:10:40.591935 [debug] [ThreadPool]: On list_dev_main: Close
[0m15:10:40.592935 [debug] [MainThread]: Sending event: {'category': 'dbt', 'action': 'runnable_timing', 'label': '1cc77e8e-79d4-4dc4-98db-e853b8bb8a40', 'context': [<snowplow_tracker.self_describing_json.SelfDescribingJson object at 0x00000163B5561400>]}
[0m15:10:40.592935 [debug] [MainThread]: Using duckdb connection "master"
[0m15:10:40.592935 [debug] [MainThread]: On master: BEGIN
[0m15:10:40.593894 [debug] [MainThread]: Opening a new connection, currently in state init
[0m15:10:40.593894 [debug] [MainThread]: SQL status: OK in 0.000 seconds
[0m15:10:40.593894 [debug] [MainThread]: On master: COMMIT
[0m15:10:40.594892 [debug] [MainThread]: Using duckdb connection "master"
[0m15:10:40.594892 [debug] [MainThread]: On master: COMMIT
[0m15:10:40.594892 [debug] [MainThread]: SQL status: OK in 0.000 seconds
[0m15:10:40.595892 [debug] [MainThread]: On master: Close
[0m15:10:40.604934 [debug] [Thread-1 (]: Began running node model.edinet_growth_analysis.growth_rate_overEqual40
[0m15:10:40.604934 [info ] [Thread-1 (]: 1 of 1 START sql external model main.growth_rate_overEqual40 ................... [RUN]
[0m15:10:40.606917 [debug] [Thread-1 (]: Acquiring new duckdb connection 'model.edinet_growth_analysis.growth_rate_overEqual40'
[0m15:10:40.606917 [debug] [Thread-1 (]: Began compiling node model.edinet_growth_analysis.growth_rate_overEqual40
[0m15:10:40.611932 [debug] [Thread-1 (]: Writing injected SQL for node "model.edinet_growth_analysis.growth_rate_overEqual40"
[0m15:10:40.612894 [debug] [Thread-1 (]: Began executing node model.edinet_growth_analysis.growth_rate_overEqual40
[0m15:10:40.647944 [debug] [Thread-1 (]: Using duckdb connection "model.edinet_growth_analysis.growth_rate_overEqual40"
[0m15:10:40.647944 [debug] [Thread-1 (]: On model.edinet_growth_analysis.growth_rate_overEqual40: BEGIN
[0m15:10:40.647944 [debug] [Thread-1 (]: Opening a new connection, currently in state init
[0m15:10:40.648895 [debug] [Thread-1 (]: SQL status: OK in 0.001 seconds
[0m15:10:40.649893 [debug] [Thread-1 (]: Using duckdb connection "model.edinet_growth_analysis.growth_rate_overEqual40"
[0m15:10:40.649893 [debug] [Thread-1 (]: On model.edinet_growth_analysis.growth_rate_overEqual40: /* {"app": "dbt", "dbt_version": "1.11.12", "profile_name": "edinet_growth_analysis", "target_name": "dev", "node_id": "model.edinet_growth_analysis.growth_rate_overEqual40"} */

  
    
    

    create  table
      "dev"."main"."growth_rate_overEqual40__dbt_tmp"
  
    as (
      

WITH clients AS (
    PIVOT "dev"."main"."net_value_clients"
    ON relative_year
    USING first(net_sales_yen)
),
clients_growth_rate AS (
    SELECT company, ROUND((((CurrentYear/Prior4Year)-1)*100), 2) as growth_rate_2022to2026 
    FROM clients
    WHERE growth_rate_2022to2026 >= 40
)
SELECT * FROM clients_growth_rate
    );
  
  
[0m15:10:40.656893 [debug] [Thread-1 (]: SQL status: OK in 0.006 seconds
[0m15:10:40.656893 [debug] [Thread-1 (]: Using duckdb connection "model.edinet_growth_analysis.growth_rate_overEqual40"
[0m15:10:40.657937 [debug] [Thread-1 (]: On model.edinet_growth_analysis.growth_rate_overEqual40: /* {"app": "dbt", "dbt_version": "1.11.12", "profile_name": "edinet_growth_analysis", "target_name": "dev", "node_id": "model.edinet_growth_analysis.growth_rate_overEqual40"} */

    select count(*) as row_count from "dev"."main"."growth_rate_overEqual40__dbt_tmp"
  
[0m15:10:40.658893 [debug] [Thread-1 (]: SQL status: OK in 0.000 seconds
[0m15:10:40.658893 [debug] [Thread-1 (]: Writing runtime sql for node "model.edinet_growth_analysis.growth_rate_overEqual40"
[0m15:10:40.659931 [debug] [Thread-1 (]: Using duckdb connection "model.edinet_growth_analysis.growth_rate_overEqual40"
[0m15:10:40.660892 [debug] [Thread-1 (]: On model.edinet_growth_analysis.growth_rate_overEqual40: /* {"app": "dbt", "dbt_version": "1.11.12", "profile_name": "edinet_growth_analysis", "target_name": "dev", "node_id": "model.edinet_growth_analysis.growth_rate_overEqual40"} */

[0m15:10:40.660892 [debug] [Thread-1 (]: SQL status: OK in 0.000 seconds
[0m15:10:40.662930 [debug] [Thread-1 (]: Using duckdb connection "model.edinet_growth_analysis.growth_rate_overEqual40"
[0m15:10:40.662930 [debug] [Thread-1 (]: On model.edinet_growth_analysis.growth_rate_overEqual40: /* {"app": "dbt", "dbt_version": "1.11.12", "profile_name": "edinet_growth_analysis", "target_name": "dev", "node_id": "model.edinet_growth_analysis.growth_rate_overEqual40"} */
copy "dev"."main"."growth_rate_overEqual40__dbt_tmp" to './output/growth_rate_overEqual40.csv' (format csv, header 1)
[0m15:10:40.664893 [debug] [Thread-1 (]: SQL status: OK in 0.002 seconds
[0m15:10:40.665936 [debug] [Thread-1 (]: Writing runtime sql for node "model.edinet_growth_analysis.growth_rate_overEqual40"
[0m15:10:40.665936 [debug] [Thread-1 (]: Using duckdb connection "model.edinet_growth_analysis.growth_rate_overEqual40"
[0m15:10:40.666890 [debug] [Thread-1 (]: On model.edinet_growth_analysis.growth_rate_overEqual40: /* {"app": "dbt", "dbt_version": "1.11.12", "profile_name": "edinet_growth_analysis", "target_name": "dev", "node_id": "model.edinet_growth_analysis.growth_rate_overEqual40"} */

    create or replace view "dev"."main"."growth_rate_overEqual40__dbt_int" as (
      select * from read_csv('./output/growth_rate_overEqual40.csv', auto_detect=True)
      -- if relation is empty, filter by all columns having null values
      
    );
    
[0m15:10:40.669893 [debug] [Thread-1 (]: SQL status: OK in 0.003 seconds
[0m15:10:40.673930 [debug] [Thread-1 (]: Using duckdb connection "model.edinet_growth_analysis.growth_rate_overEqual40"
[0m15:10:40.674932 [debug] [Thread-1 (]: On model.edinet_growth_analysis.growth_rate_overEqual40: /* {"app": "dbt", "dbt_version": "1.11.12", "profile_name": "edinet_growth_analysis", "target_name": "dev", "node_id": "model.edinet_growth_analysis.growth_rate_overEqual40"} */
alter view "dev"."main"."growth_rate_overEqual40" rename to "growth_rate_overEqual40__dbt_backup"
[0m15:10:40.674932 [debug] [Thread-1 (]: SQL status: OK in 0.000 seconds
[0m15:10:40.677891 [debug] [Thread-1 (]: Using duckdb connection "model.edinet_growth_analysis.growth_rate_overEqual40"
[0m15:10:40.677891 [debug] [Thread-1 (]: On model.edinet_growth_analysis.growth_rate_overEqual40: /* {"app": "dbt", "dbt_version": "1.11.12", "profile_name": "edinet_growth_analysis", "target_name": "dev", "node_id": "model.edinet_growth_analysis.growth_rate_overEqual40"} */
alter view "dev"."main"."growth_rate_overEqual40__dbt_int" rename to "growth_rate_overEqual40"
[0m15:10:40.678945 [debug] [Thread-1 (]: SQL status: OK in 0.000 seconds
[0m15:10:40.686892 [debug] [Thread-1 (]: On model.edinet_growth_analysis.growth_rate_overEqual40: COMMIT
[0m15:10:40.686892 [debug] [Thread-1 (]: Using duckdb connection "model.edinet_growth_analysis.growth_rate_overEqual40"
[0m15:10:40.687896 [debug] [Thread-1 (]: On model.edinet_growth_analysis.growth_rate_overEqual40: COMMIT
[0m15:10:41.089664 [debug] [Thread-1 (]: SQL status: OK in 0.402 seconds
[0m15:10:41.093663 [debug] [Thread-1 (]: Using duckdb connection "model.edinet_growth_analysis.growth_rate_overEqual40"
[0m15:10:41.094665 [debug] [Thread-1 (]: On model.edinet_growth_analysis.growth_rate_overEqual40: /* {"app": "dbt", "dbt_version": "1.11.12", "profile_name": "edinet_growth_analysis", "target_name": "dev", "node_id": "model.edinet_growth_analysis.growth_rate_overEqual40"} */

      drop view if exists "dev"."main"."growth_rate_overEqual40__dbt_backup" cascade
    
[0m15:10:41.319199 [debug] [Thread-1 (]: SQL status: OK in 0.225 seconds
[0m15:10:41.321198 [debug] [Thread-1 (]: Using duckdb connection "model.edinet_growth_analysis.growth_rate_overEqual40"
[0m15:10:41.322195 [debug] [Thread-1 (]: On model.edinet_growth_analysis.growth_rate_overEqual40: /* {"app": "dbt", "dbt_version": "1.11.12", "profile_name": "edinet_growth_analysis", "target_name": "dev", "node_id": "model.edinet_growth_analysis.growth_rate_overEqual40"} */

      drop table if exists "dev"."main"."growth_rate_overEqual40__dbt_tmp" cascade
    
[0m15:10:41.324193 [debug] [Thread-1 (]: SQL status: OK in 0.002 seconds
[0m15:10:41.326195 [debug] [Thread-1 (]: On model.edinet_growth_analysis.growth_rate_overEqual40: Close
[0m15:10:41.327196 [debug] [Thread-1 (]: Sending event: {'category': 'dbt', 'action': 'run_model', 'label': '1cc77e8e-79d4-4dc4-98db-e853b8bb8a40', 'context': [<snowplow_tracker.self_describing_json.SelfDescribingJson object at 0x00000163B09CDF10>]}
[0m15:10:41.328195 [info ] [Thread-1 (]: 1 of 1 OK created sql external model main.growth_rate_overEqual40 .............. [[32mOK[0m in 0.72s]
[0m15:10:41.328195 [debug] [Thread-1 (]: Finished running node model.edinet_growth_analysis.growth_rate_overEqual40
[0m15:10:41.329195 [debug] [MainThread]: Using duckdb connection "master"
[0m15:10:41.330158 [debug] [MainThread]: On master: BEGIN
[0m15:10:41.330158 [debug] [MainThread]: Opening a new connection, currently in state closed
[0m15:10:41.331157 [debug] [MainThread]: SQL status: OK in 0.000 seconds
[0m15:10:41.331157 [debug] [MainThread]: On master: COMMIT
[0m15:10:41.331157 [debug] [MainThread]: Using duckdb connection "master"
[0m15:10:41.331157 [debug] [MainThread]: On master: COMMIT
[0m15:10:41.332197 [debug] [MainThread]: SQL status: OK in 0.000 seconds
[0m15:10:41.332197 [debug] [MainThread]: On master: Close
[0m15:10:41.332197 [debug] [MainThread]: Connection 'master' was properly closed.
[0m15:10:41.333197 [debug] [MainThread]: Connection 'create_dev_main' was properly closed.
[0m15:10:41.333197 [debug] [MainThread]: Connection 'list_dev_main' was properly closed.
[0m15:10:41.333197 [debug] [MainThread]: Connection 'model.edinet_growth_analysis.growth_rate_overEqual40' was properly closed.
[0m15:10:41.333197 [info ] [MainThread]: 
[0m15:10:41.334195 [info ] [MainThread]: Finished running 1 external model in 0 hours 0 minutes and 0.82 seconds (0.82s).
[0m15:10:41.335197 [debug] [MainThread]: Command end result
[0m15:10:41.388124 [debug] [MainThread]: Wrote artifact WritableManifest to C:\Users\nekoa\project_2026\kayleet_scherbel_project_2026\edinet_growth_analysis\target\manifest.json
[0m15:10:41.390125 [debug] [MainThread]: Wrote artifact SemanticManifest to C:\Users\nekoa\project_2026\kayleet_scherbel_project_2026\edinet_growth_analysis\target\semantic_manifest.json
[0m15:10:41.394124 [debug] [MainThread]: Wrote artifact RunExecutionResult to C:\Users\nekoa\project_2026\kayleet_scherbel_project_2026\edinet_growth_analysis\target\run_results.json
[0m15:10:41.394124 [info ] [MainThread]: 
[0m15:10:41.395125 [info ] [MainThread]: [32mCompleted successfully[0m
[0m15:10:41.395125 [info ] [MainThread]: 
[0m15:10:41.396177 [info ] [MainThread]: Done. PASS=1 WARN=0 ERROR=0 SKIP=0 NO-OP=0 TOTAL=1
[0m15:10:41.396177 [debug] [MainThread]: Command `dbt run` succeeded at 15:10:41.396177 after 1.52 seconds
[0m15:10:41.396177 [debug] [MainThread]: Sending event: {'category': 'dbt', 'action': 'invocation', 'label': 'end', 'context': [<snowplow_tracker.self_describing_json.SelfDescribingJson object at 0x00000163B31B2DB0>, <snowplow_tracker.self_describing_json.SelfDescribingJson object at 0x00000163B3B8C9E0>, <snowplow_tracker.self_describing_json.SelfDescribingJson object at 0x00000163B3B8D580>]}
[0m15:10:41.397182 [debug] [MainThread]: Flushing usage events
[0m15:10:42.391150 [debug] [MainThread]: An error was encountered while trying to flush usage events
